model,language,layer,method,D,D_source,sif_a,spearman_train,spearman_test,n_train_pairs,n_test_pairs
Qwen/Qwen3-Embedding-8B,english,0,baseline_mean,0,none,0.001,0.3958231726190582,0.4165061211599288,3564,3564
Qwen/Qwen3-Embedding-8B,english,0,sif_abtt_optimal,2,train_sweep,0.001,0.626426509153612,0.6257650755771594,3564,3564
Qwen/Qwen3-Embedding-8B,english,0,whitening,0,none,0.001,0.5548645347562422,0.5649142821139884,3564,3564
Qwen/Qwen3-Embedding-8B,english,1,baseline_mean,0,none,0.001,0.38348355478945245,0.4300026411874272,3564,3564
Qwen/Qwen3-Embedding-8B,english,1,sif_abtt_optimal,10,train_sweep,0.001,0.6263454606862909,0.6351162004609554,3564,3564
Qwen/Qwen3-Embedding-8B,english,1,whitening,0,none,0.001,0.5759655986709713,0.5875615486688234,3564,3564
Qwen/Qwen3-Embedding-8B,english,2,baseline_mean,0,none,0.001,0.3172024464005584,0.3615507241756413,3564,3564
Qwen/Qwen3-Embedding-8B,english,2,sif_abtt_optimal,10,train_sweep,0.001,0.6271784403608238,0.6463538633957412,3564,3564
Qwen/Qwen3-Embedding-8B,english,2,whitening,0,none,0.001,0.5835654761973772,0.5957481459455102,3564,3564
Qwen/Qwen3-Embedding-8B,english,3,baseline_mean,0,none,0.001,0.29093481222216605,0.32689793170680803,3564,3564
Qwen/Qwen3-Embedding-8B,english,3,sif_abtt_optimal,10,train_sweep,0.001,0.6344479368455026,0.6532744595267247,3564,3564
Qwen/Qwen3-Embedding-8B,english,3,whitening,0,none,0.001,0.5901050035637375,0.6039198348027662,3564,3564
Qwen/Qwen3-Embedding-8B,english,4,baseline_mean,0,none,0.001,0.3193324776988288,0.35280274483351015,3564,3564
Qwen/Qwen3-Embedding-8B,english,4,sif_abtt_optimal,10,train_sweep,0.001,0.6505716737468179,0.6641571994332683,3564,3564
Qwen/Qwen3-Embedding-8B,english,4,whitening,0,none,0.001,0.5980724908667752,0.6107392275799141,3564,3564
Qwen/Qwen3-Embedding-8B,english,5,baseline_mean,0,none,0.001,0.35250871041993304,0.39008069365230696,3564,3564
Qwen/Qwen3-Embedding-8B,english,5,sif_abtt_optimal,10,train_sweep,0.001,0.6648650141246114,0.680046986328929,3564,3564
Qwen/Qwen3-Embedding-8B,english,5,whitening,0,none,0.001,0.6083480911486467,0.6251406998936571,3564,3564
Qwen/Qwen3-Embedding-8B,english,6,baseline_mean,0,none,0.001,0.39830908637501294,0.44464278262146717,3564,3564
Qwen/Qwen3-Embedding-8B,english,6,sif_abtt_optimal,10,train_sweep,0.001,0.6705953721301023,0.6850622270661173,3564,3564
Qwen/Qwen3-Embedding-8B,english,6,whitening,0,none,0.001,0.6152935193371426,0.6321260117842614,3564,3564
Qwen/Qwen3-Embedding-8B,english,7,baseline_mean,0,none,0.001,0.11417114717050394,0.15323716542511281,3564,3564
Qwen/Qwen3-Embedding-8B,english,7,sif_abtt_optimal,10,train_sweep,0.001,0.5846828951023032,0.624180009236589,3564,3564
Qwen/Qwen3-Embedding-8B,english,7,whitening,0,none,0.001,0.6178316337367972,0.6316218775533571,3564,3564
Qwen/Qwen3-Embedding-8B,english,8,baseline_mean,0,none,0.001,0.11989686912262663,0.15809222056785202,3564,3564
Qwen/Qwen3-Embedding-8B,english,8,sif_abtt_optimal,10,train_sweep,0.001,0.5982289133994223,0.6352826598121106,3564,3564
Qwen/Qwen3-Embedding-8B,english,8,whitening,0,none,0.001,0.6185464034297229,0.6318766923214023,3564,3564
Qwen/Qwen3-Embedding-8B,english,9,baseline_mean,0,none,0.001,0.17407018905772945,0.20464016763951018,3564,3564
Qwen/Qwen3-Embedding-8B,english,9,sif_abtt_optimal,10,train_sweep,0.001,0.6240583509885514,0.6600932826156863,3564,3564
Qwen/Qwen3-Embedding-8B,english,9,whitening,0,none,0.001,0.6282361224819581,0.6361189554457988,3564,3564
Qwen/Qwen3-Embedding-8B,english,10,baseline_mean,0,none,0.001,0.18376896107894997,0.2130152735017144,3564,3564
Qwen/Qwen3-Embedding-8B,english,10,sif_abtt_optimal,10,train_sweep,0.001,0.6254740987287587,0.6622074767367093,3564,3564
Qwen/Qwen3-Embedding-8B,english,10,whitening,0,none,0.001,0.6348289449828501,0.6439719920748285,3564,3564
Qwen/Qwen3-Embedding-8B,english,11,baseline_mean,0,none,0.001,0.19365540176397103,0.22252806065953193,3564,3564
Qwen/Qwen3-Embedding-8B,english,11,sif_abtt_optimal,10,train_sweep,0.001,0.6330905020576212,0.6695123877342678,3564,3564
Qwen/Qwen3-Embedding-8B,english,11,whitening,0,none,0.001,0.6405169248963276,0.650408146034608,3564,3564
Qwen/Qwen3-Embedding-8B,english,12,baseline_mean,0,none,0.001,0.19925515229716612,0.22693867210562052,3564,3564
Qwen/Qwen3-Embedding-8B,english,12,sif_abtt_optimal,10,train_sweep,0.001,0.6396457391101787,0.6745420229080832,3564,3564
Qwen/Qwen3-Embedding-8B,english,12,whitening,0,none,0.001,0.6483671203727608,0.6569390566704854,3564,3564
Qwen/Qwen3-Embedding-8B,english,13,baseline_mean,0,none,0.001,0.20147067093333407,0.22929435534864664,3564,3564
Qwen/Qwen3-Embedding-8B,english,13,sif_abtt_optimal,10,train_sweep,0.001,0.6399745465339861,0.6768950335350895,3564,3564
Qwen/Qwen3-Embedding-8B,english,13,whitening,0,none,0.001,0.6529548283535789,0.6580978809754308,3564,3564
Qwen/Qwen3-Embedding-8B,english,14,baseline_mean,0,none,0.001,0.1954993688647655,0.22296938239539796,3564,3564
Qwen/Qwen3-Embedding-8B,english,14,sif_abtt_optimal,10,train_sweep,0.001,0.6417169445398077,0.6784070726596791,3564,3564
Qwen/Qwen3-Embedding-8B,english,14,whitening,0,none,0.001,0.6535789630583612,0.6602617505725973,3564,3564
Qwen/Qwen3-Embedding-8B,english,15,baseline_mean,0,none,0.001,0.18921823224060338,0.21585279551662137,3564,3564
Qwen/Qwen3-Embedding-8B,english,15,sif_abtt_optimal,10,train_sweep,0.001,0.6394138803905427,0.6775728328964388,3564,3564
Qwen/Qwen3-Embedding-8B,english,15,whitening,0,none,0.001,0.6532409613362015,0.6616328550814901,3564,3564
Qwen/Qwen3-Embedding-8B,english,16,baseline_mean,0,none,0.001,0.17858756442367343,0.20495105441908518,3564,3564
Qwen/Qwen3-Embedding-8B,english,16,sif_abtt_optimal,10,train_sweep,0.001,0.6379838884292963,0.6753079942386022,3564,3564
Qwen/Qwen3-Embedding-8B,english,16,whitening,0,none,0.001,0.6472230611490637,0.656195820556956,3564,3564
Qwen/Qwen3-Embedding-8B,english,17,baseline_mean,0,none,0.001,0.17595397295617654,0.20114152166515192,3564,3564
Qwen/Qwen3-Embedding-8B,english,17,sif_abtt_optimal,10,train_sweep,0.001,0.6385657854714633,0.6758012133980592,3564,3564
Qwen/Qwen3-Embedding-8B,english,17,whitening,0,none,0.001,0.6478021028047362,0.6567449283495872,3564,3564
Qwen/Qwen3-Embedding-8B,english,18,baseline_mean,0,none,0.001,0.17505989794503218,0.20015849696448373,3564,3564
Qwen/Qwen3-Embedding-8B,english,18,sif_abtt_optimal,10,train_sweep,0.001,0.6400904489217482,0.6774328230733684,3564,3564
Qwen/Qwen3-Embedding-8B,english,18,whitening,0,none,0.001,0.6454168467242721,0.6577743491602579,3564,3564
Qwen/Qwen3-Embedding-8B,english,19,baseline_mean,0,none,0.001,0.1733645583294989,0.19887944545071642,3564,3564
Qwen/Qwen3-Embedding-8B,english,19,sif_abtt_optimal,10,train_sweep,0.001,0.6451924396063553,0.6820845108617645,3564,3564
Qwen/Qwen3-Embedding-8B,english,19,whitening,0,none,0.001,0.6460498629699528,0.6571534531571805,3564,3564
Qwen/Qwen3-Embedding-8B,english,20,baseline_mean,0,none,0.001,0.17218437191288735,0.19792037573316987,3564,3564
Qwen/Qwen3-Embedding-8B,english,20,sif_abtt_optimal,10,train_sweep,0.001,0.652498509348506,0.6876204155168892,3564,3564
Qwen/Qwen3-Embedding-8B,english,20,whitening,0,none,0.001,0.6477822892011257,0.6587714070933743,3564,3564
Qwen/Qwen3-Embedding-8B,english,21,baseline_mean,0,none,0.001,0.1803534558197123,0.20589019359143448,3564,3564
Qwen/Qwen3-Embedding-8B,english,21,sif_abtt_optimal,10,train_sweep,0.001,0.6597340054590708,0.6935061453171594,3564,3564
Qwen/Qwen3-Embedding-8B,english,21,whitening,0,none,0.001,0.6494910308648809,0.6567274254547996,3564,3564
Qwen/Qwen3-Embedding-8B,english,22,baseline_mean,0,none,0.001,0.19372082655361306,0.21970150750984102,3564,3564
Qwen/Qwen3-Embedding-8B,english,22,sif_abtt_optimal,10,train_sweep,0.001,0.6697030809345046,0.7031039926300753,3564,3564
Qwen/Qwen3-Embedding-8B,english,22,whitening,0,none,0.001,0.6521735309489736,0.65668397250913,3564,3564
Qwen/Qwen3-Embedding-8B,english,23,baseline_mean,0,none,0.001,0.2147909275836835,0.24166923468846405,3564,3564
Qwen/Qwen3-Embedding-8B,english,23,sif_abtt_optimal,10,train_sweep,0.001,0.6875782364820774,0.7178825413789335,3564,3564
Qwen/Qwen3-Embedding-8B,english,23,whitening,0,none,0.001,0.6598117501516503,0.6640308279069697,3564,3564
Qwen/Qwen3-Embedding-8B,english,24,baseline_mean,0,none,0.001,0.2704266198712684,0.2969415257367911,3564,3564
Qwen/Qwen3-Embedding-8B,english,24,sif_abtt_optimal,10,train_sweep,0.001,0.7045435158708089,0.729104816848453,3564,3564
Qwen/Qwen3-Embedding-8B,english,24,whitening,0,none,0.001,0.6740123942300028,0.6708939653558408,3564,3564
Qwen/Qwen3-Embedding-8B,english,25,baseline_mean,0,none,0.001,0.34345363708820587,0.36462026713445317,3564,3564
Qwen/Qwen3-Embedding-8B,english,25,sif_abtt_optimal,10,train_sweep,0.001,0.7225964830650697,0.742343186903657,3564,3564
Qwen/Qwen3-Embedding-8B,english,25,whitening,0,none,0.001,0.6853813683002671,0.6740449582950825,3564,3564
Qwen/Qwen3-Embedding-8B,english,26,baseline_mean,0,none,0.001,0.37868427306483765,0.3994025005068815,3564,3564
Qwen/Qwen3-Embedding-8B,english,26,sif_abtt_optimal,10,train_sweep,0.001,0.7249676316417422,0.7446936355750835,3564,3564
Qwen/Qwen3-Embedding-8B,english,26,whitening,0,none,0.001,0.6923357411948714,0.6761000382704377,3564,3564
Qwen/Qwen3-Embedding-8B,english,27,baseline_mean,0,none,0.001,0.4445345956921186,0.4663061676039196,3564,3564
Qwen/Qwen3-Embedding-8B,english,27,sif_abtt_optimal,10,train_sweep,0.001,0.7323225877477034,0.7511348082623556,3564,3564
Qwen/Qwen3-Embedding-8B,english,27,whitening,0,none,0.001,0.700888876807451,0.6822195011833339,3564,3564
Qwen/Qwen3-Embedding-8B,english,28,baseline_mean,0,none,0.001,0.4836012988026463,0.5053849805445167,3564,3564
Qwen/Qwen3-Embedding-8B,english,28,sif_abtt_optimal,7,train_sweep,0.001,0.7347796835603678,0.7531209233729024,3564,3564
Qwen/Qwen3-Embedding-8B,english,28,whitening,0,none,0.001,0.7061180769962262,0.6859784174195265,3564,3564
Qwen/Qwen3-Embedding-8B,english,29,baseline_mean,0,none,0.001,0.513637823022986,0.532282142505847,3564,3564
Qwen/Qwen3-Embedding-8B,english,29,sif_abtt_optimal,7,train_sweep,0.001,0.7345197163151946,0.7519356991702116,3564,3564
Qwen/Qwen3-Embedding-8B,english,29,whitening,0,none,0.001,0.7084597755939054,0.6879470158633187,3564,3564
Qwen/Qwen3-Embedding-8B,english,30,baseline_mean,0,none,0.001,0.5786619250124173,0.5992736604324582,3564,3564
Qwen/Qwen3-Embedding-8B,english,30,sif_abtt_optimal,7,train_sweep,0.001,0.7422055408011496,0.7565723946227978,3564,3564
Qwen/Qwen3-Embedding-8B,english,30,whitening,0,none,0.001,0.7181313677082014,0.6931123407728975,3564,3564
Qwen/Qwen3-Embedding-8B,english,31,baseline_mean,0,none,0.001,0.6093544504760493,0.6306504897221551,3564,3564
Qwen/Qwen3-Embedding-8B,english,31,sif_abtt_optimal,7,train_sweep,0.001,0.7414987196443388,0.7570210520861558,3564,3564
Qwen/Qwen3-Embedding-8B,english,31,whitening,0,none,0.001,0.7202344793361733,0.6955681468793252,3564,3564
Qwen/Qwen3-Embedding-8B,english,32,baseline_mean,0,none,0.001,0.6386909630117437,0.659712702064426,3564,3564
Qwen/Qwen3-Embedding-8B,english,32,sif_abtt_optimal,10,train_sweep,0.001,0.7419077033663736,0.7561369305666796,3564,3564
Qwen/Qwen3-Embedding-8B,english,32,whitening,0,none,0.001,0.7216136109452485,0.6999158157406165,3564,3564
Qwen/Qwen3-Embedding-8B,english,33,baseline_mean,0,none,0.001,0.6499578359159707,0.6704709568469979,3564,3564
Qwen/Qwen3-Embedding-8B,english,33,sif_abtt_optimal,10,train_sweep,0.001,0.7430462637855582,0.7562346063998331,3564,3564
Qwen/Qwen3-Embedding-8B,english,33,whitening,0,none,0.001,0.7239233599400132,0.7014736307905086,3564,3564
Qwen/Qwen3-Embedding-8B,english,34,baseline_mean,0,none,0.001,0.662025546786013,0.6828450499975082,3564,3564
Qwen/Qwen3-Embedding-8B,english,34,sif_abtt_optimal,10,train_sweep,0.001,0.7413463203846038,0.7546593407582317,3564,3564
Qwen/Qwen3-Embedding-8B,english,34,whitening,0,none,0.001,0.7229696496496458,0.7024929549892851,3564,3564
Qwen/Qwen3-Embedding-8B,english,35,baseline_mean,0,none,0.001,0.704664249239066,0.7254949462388697,3564,3564
Qwen/Qwen3-Embedding-8B,english,35,sif_abtt_optimal,7,train_sweep,0.001,0.7382339412102893,0.7543891460329648,3564,3564
Qwen/Qwen3-Embedding-8B,english,35,whitening,0,none,0.001,0.7219282888937834,0.7019920754964608,3564,3564
Qwen/Qwen3-Embedding-8B,english,36,baseline_mean,0,none,0.001,0.6824766609588332,0.6965263160113412,3564,3564
Qwen/Qwen3-Embedding-8B,english,36,sif_abtt_optimal,10,train_sweep,0.001,0.7269213377447742,0.7469431893556311,3564,3564
Qwen/Qwen3-Embedding-8B,english,36,whitening,0,none,0.001,0.7287750816205065,0.7047237317312841,3564,3564
Qwen/Qwen3-Embedding-8B,french,0,baseline_mean,0,none,0.001,0.7190017043679673,0.6986772024775779,505,505
Qwen/Qwen3-Embedding-8B,french,0,sif_abtt_optimal,1,train_sweep,0.001,0.8516337712158141,0.8654391835423014,505,505
Qwen/Qwen3-Embedding-8B,french,0,whitening,0,none,0.001,0.14998901740066858,0.7052162864055538,505,505
Qwen/Qwen3-Embedding-8B,french,1,baseline_mean,0,none,0.001,0.6657726517791637,0.6643295866265071,505,505
Qwen/Qwen3-Embedding-8B,french,1,sif_abtt_optimal,7,train_sweep,0.001,0.8444214459846482,0.8631005129269463,505,505
Qwen/Qwen3-Embedding-8B,french,1,whitening,0,none,0.001,0.0738596648853175,0.6688631233936009,505,505
Qwen/Qwen3-Embedding-8B,french,2,baseline_mean,0,none,0.001,0.7022829871306477,0.6899737592290199,505,505
Qwen/Qwen3-Embedding-8B,french,2,sif_abtt_optimal,10,train_sweep,0.001,0.852490608159362,0.8636546320720218,505,505
Qwen/Qwen3-Embedding-8B,french,2,whitening,0,none,0.001,0.12082282203458142,0.6616248808575377,505,505
Qwen/Qwen3-Embedding-8B,french,3,baseline_mean,0,none,0.001,0.7062203428699753,0.687601937882172,505,505
Qwen/Qwen3-Embedding-8B,french,3,sif_abtt_optimal,10,train_sweep,0.001,0.8542128557813162,0.8634605061778073,505,505
Qwen/Qwen3-Embedding-8B,french,3,whitening,0,none,0.001,0.18796072667151045,0.660149188316508,505,505
Qwen/Qwen3-Embedding-8B,french,4,baseline_mean,0,none,0.001,0.7051940640414479,0.7008497827763596,505,505
Qwen/Qwen3-Embedding-8B,french,4,sif_abtt_optimal,10,train_sweep,0.001,0.8544955989329208,0.8620106473493395,505,505
Qwen/Qwen3-Embedding-8B,french,4,whitening,0,none,0.001,0.15737428789954863,0.6491067217650955,505,505
Qwen/Qwen3-Embedding-8B,french,5,baseline_mean,0,none,0.001,0.7229766169970563,0.7212956740690141,505,505
Qwen/Qwen3-Embedding-8B,french,5,sif_abtt_optimal,7,train_sweep,0.001,0.8541465419496188,0.8626090195507707,505,505
Qwen/Qwen3-Embedding-8B,french,5,whitening,0,none,0.001,0.30761867303663276,0.6577739789608268,505,505
Qwen/Qwen3-Embedding-8B,french,6,baseline_mean,0,none,0.001,0.732556913772561,0.731677905793989,505,505
Qwen/Qwen3-Embedding-8B,french,6,sif_abtt_optimal,10,train_sweep,0.001,0.8546963591617939,0.8660045206588924,505,505
Qwen/Qwen3-Embedding-8B,french,6,whitening,0,none,0.001,0.21665344386993465,0.6753249089840566,505,505
Qwen/Qwen3-Embedding-8B,french,7,baseline_mean,0,none,0.001,0.5387251081655526,0.49269552980347625,505,505
Qwen/Qwen3-Embedding-8B,french,7,sif_abtt_optimal,10,train_sweep,0.001,0.84520849136971,0.8629106304764923,505,505
Qwen/Qwen3-Embedding-8B,french,7,whitening,0,none,0.001,0.10855970639569905,0.5332457851129683,505,505
Qwen/Qwen3-Embedding-8B,french,8,baseline_mean,0,none,0.001,0.5629313349127375,0.5194551533524994,505,505
Qwen/Qwen3-Embedding-8B,french,8,sif_abtt_optimal,10,train_sweep,0.001,0.8499713354336517,0.8665434846476815,505,505
Qwen/Qwen3-Embedding-8B,french,8,whitening,0,none,0.001,0.22605485185613444,0.5438009551007151,505,505
Qwen/Qwen3-Embedding-8B,french,9,baseline_mean,0,none,0.001,0.5984685273465175,0.5662458348231509,505,505
Qwen/Qwen3-Embedding-8B,french,9,sif_abtt_optimal,10,train_sweep,0.001,0.8540879227608397,0.8706564541700195,505,505
Qwen/Qwen3-Embedding-8B,french,9,whitening,0,none,0.001,0.11233241313573034,0.5427806167170246,505,505
Qwen/Qwen3-Embedding-8B,french,10,baseline_mean,0,none,0.001,0.6144385631828168,0.5855201762272595,505,505
Qwen/Qwen3-Embedding-8B,french,10,sif_abtt_optimal,10,train_sweep,0.001,0.8490807819043908,0.8666527882979431,505,505
Qwen/Qwen3-Embedding-8B,french,10,whitening,0,none,0.001,0.2651579079470697,0.552872785022414,505,505
Qwen/Qwen3-Embedding-8B,french,11,baseline_mean,0,none,0.001,0.6107841997282429,0.5811512476712885,505,505
Qwen/Qwen3-Embedding-8B,french,11,sif_abtt_optimal,10,train_sweep,0.001,0.8489166097434256,0.8633071359961905,505,505
Qwen/Qwen3-Embedding-8B,french,11,whitening,0,none,0.001,0.13760357911640309,0.5341657730464188,505,505
Qwen/Qwen3-Embedding-8B,french,12,baseline_mean,0,none,0.001,0.610627732895919,0.5870298629847875,505,505
Qwen/Qwen3-Embedding-8B,french,12,sif_abtt_optimal,10,train_sweep,0.001,0.8466415136863282,0.8588020442916648,505,505
Qwen/Qwen3-Embedding-8B,french,12,whitening,0,none,0.001,0.2627792373328698,0.5485496950870736,505,505
Qwen/Qwen3-Embedding-8B,french,13,baseline_mean,0,none,0.001,0.6110432993406979,0.5908993570758696,505,505
Qwen/Qwen3-Embedding-8B,french,13,sif_abtt_optimal,10,train_sweep,0.001,0.8459430266461282,0.8580991714587336,505,505
Qwen/Qwen3-Embedding-8B,french,13,whitening,0,none,0.001,0.20631907208841885,0.5241934004225658,505,505
Qwen/Qwen3-Embedding-8B,french,14,baseline_mean,0,none,0.001,0.6137422446166735,0.5943091273465253,505,505
Qwen/Qwen3-Embedding-8B,french,14,sif_abtt_optimal,10,train_sweep,0.001,0.8477658176022171,0.8606809106211589,505,505
Qwen/Qwen3-Embedding-8B,french,14,whitening,0,none,0.001,0.18502048702685986,0.5474335294844038,505,505
Qwen/Qwen3-Embedding-8B,french,15,baseline_mean,0,none,0.001,0.6146652053976952,0.5928972729868984,505,505
Qwen/Qwen3-Embedding-8B,french,15,sif_abtt_optimal,10,train_sweep,0.001,0.8508523953649175,0.8615871423358266,505,505
Qwen/Qwen3-Embedding-8B,french,15,whitening,0,none,0.001,0.34033335677144755,0.5251940604187093,505,505
Qwen/Qwen3-Embedding-8B,french,16,baseline_mean,0,none,0.001,0.6163367473266183,0.5915781215524931,505,505
Qwen/Qwen3-Embedding-8B,french,16,sif_abtt_optimal,10,train_sweep,0.001,0.8519275468345272,0.8614330260542078,505,505
Qwen/Qwen3-Embedding-8B,french,16,whitening,0,none,0.001,0.34578004473694435,0.5200292764188558,505,505
Qwen/Qwen3-Embedding-8B,french,17,baseline_mean,0,none,0.001,0.6122265022505629,0.5890096256650995,505,505
Qwen/Qwen3-Embedding-8B,french,17,sif_abtt_optimal,10,train_sweep,0.001,0.8527146854879881,0.8614880975605896,505,505
Qwen/Qwen3-Embedding-8B,french,17,whitening,0,none,0.001,0.3230945585820785,0.5034735971667562,505,505
Qwen/Qwen3-Embedding-8B,french,18,baseline_mean,0,none,0.001,0.6145008987946675,0.592745641969104,505,505
Qwen/Qwen3-Embedding-8B,french,18,sif_abtt_optimal,10,train_sweep,0.001,0.8512934149896453,0.8612746196975789,505,505
Qwen/Qwen3-Embedding-8B,french,18,whitening,0,none,0.001,0.19654626933735367,0.4884980644559364,505,505
Qwen/Qwen3-Embedding-8B,french,19,baseline_mean,0,none,0.001,0.6149637898589636,0.5977808705485794,505,505
Qwen/Qwen3-Embedding-8B,french,19,sif_abtt_optimal,10,train_sweep,0.001,0.8536906460152487,0.8640175164603897,505,505
Qwen/Qwen3-Embedding-8B,french,19,whitening,0,none,0.001,0.14545911002318015,0.49841177496714895,505,505
Qwen/Qwen3-Embedding-8B,french,20,baseline_mean,0,none,0.001,0.6233766139709307,0.6085651864993744,505,505
Qwen/Qwen3-Embedding-8B,french,20,sif_abtt_optimal,10,train_sweep,0.001,0.8572498147557421,0.8679653180948323,505,505
Qwen/Qwen3-Embedding-8B,french,20,whitening,0,none,0.001,0.28148323543651627,0.528522645682921,505,505
Qwen/Qwen3-Embedding-8B,french,21,baseline_mean,0,none,0.001,0.6323353089801266,0.6185356616503003,505,505
Qwen/Qwen3-Embedding-8B,french,21,sif_abtt_optimal,10,train_sweep,0.001,0.8591492723358188,0.8706961373638643,505,505
Qwen/Qwen3-Embedding-8B,french,21,whitening,0,none,0.001,0.307161797784073,0.5181029394767481,505,505
Qwen/Qwen3-Embedding-8B,french,22,baseline_mean,0,none,0.001,0.6421827264504013,0.6307606356649637,505,505
Qwen/Qwen3-Embedding-8B,french,22,sif_abtt_optimal,10,train_sweep,0.001,0.8623106047203273,0.8729031011691432,505,505
Qwen/Qwen3-Embedding-8B,french,22,whitening,0,none,0.001,0.30369617724778836,0.5065393220740891,505,505
Qwen/Qwen3-Embedding-8B,french,23,baseline_mean,0,none,0.001,0.6612964526309071,0.6532234684186924,505,505
Qwen/Qwen3-Embedding-8B,french,23,sif_abtt_optimal,10,train_sweep,0.001,0.8662886884749826,0.8759697587014783,505,505
Qwen/Qwen3-Embedding-8B,french,23,whitening,0,none,0.001,0.32378273946418773,0.432496311265736,505,505
Qwen/Qwen3-Embedding-8B,french,24,baseline_mean,0,none,0.001,0.7060881815485754,0.713564585850522,505,505
Qwen/Qwen3-Embedding-8B,french,24,sif_abtt_optimal,10,train_sweep,0.001,0.8701174495228201,0.8784166402885808,505,505
Qwen/Qwen3-Embedding-8B,french,24,whitening,0,none,0.001,0.19138083222907723,0.5149191442441329,505,505
Qwen/Qwen3-Embedding-8B,french,25,baseline_mean,0,none,0.001,0.7393691910021906,0.750590404645334,505,505
Qwen/Qwen3-Embedding-8B,french,25,sif_abtt_optimal,10,train_sweep,0.001,0.8715313051834414,0.8752643211497909,505,505
Qwen/Qwen3-Embedding-8B,french,25,whitening,0,none,0.001,0.29403171259142524,0.4274103340785709,505,505
Qwen/Qwen3-Embedding-8B,french,26,baseline_mean,0,none,0.001,0.7594461465734917,0.774203490445564,505,505
Qwen/Qwen3-Embedding-8B,french,26,sif_abtt_optimal,10,train_sweep,0.001,0.873914639217592,0.8744000575602238,505,505
Qwen/Qwen3-Embedding-8B,french,26,whitening,0,none,0.001,0.2300386716173292,0.4211660832698853,505,505
Qwen/Qwen3-Embedding-8B,french,27,baseline_mean,0,none,0.001,0.7795369058678465,0.7969220023436542,505,505
Qwen/Qwen3-Embedding-8B,french,27,sif_abtt_optimal,10,train_sweep,0.001,0.8730055054982235,0.8716033483347843,505,505
Qwen/Qwen3-Embedding-8B,french,27,whitening,0,none,0.001,0.16616441479862448,0.4275981181227701,505,505
Qwen/Qwen3-Embedding-8B,french,28,baseline_mean,0,none,0.001,0.7886881213736969,0.8048306157313209,505,505
Qwen/Qwen3-Embedding-8B,french,28,sif_abtt_optimal,7,train_sweep,0.001,0.8689250596756525,0.8719501449418638,505,505
Qwen/Qwen3-Embedding-8B,french,28,whitening,0,none,0.001,0.21999916787928944,0.4472294185251023,505,505
Qwen/Qwen3-Embedding-8B,french,29,baseline_mean,0,none,0.001,0.7992258648992581,0.8170437322179585,505,505
Qwen/Qwen3-Embedding-8B,french,29,sif_abtt_optimal,10,train_sweep,0.001,0.8694499275910919,0.8662624381032594,505,505
Qwen/Qwen3-Embedding-8B,french,29,whitening,0,none,0.001,0.1555788712185696,0.42887949824458493,505,505
Qwen/Qwen3-Embedding-8B,french,30,baseline_mean,0,none,0.001,0.8122276662583149,0.8271442477524018,505,505
Qwen/Qwen3-Embedding-8B,french,30,sif_abtt_optimal,7,train_sweep,0.001,0.8659414968596608,0.863931481803934,505,505
Qwen/Qwen3-Embedding-8B,french,30,whitening,0,none,0.001,0.12272311903024931,0.4838121833947282,505,505
Qwen/Qwen3-Embedding-8B,french,31,baseline_mean,0,none,0.001,0.8194167669076556,0.8320078173054531,505,505
Qwen/Qwen3-Embedding-8B,french,31,sif_abtt_optimal,7,train_sweep,0.001,0.8619965233866547,0.8593832561930551,505,505
Qwen/Qwen3-Embedding-8B,french,31,whitening,0,none,0.001,0.12451881551642538,0.4567612086800252,505,505
Qwen/Qwen3-Embedding-8B,french,32,baseline_mean,0,none,0.001,0.8297880538874769,0.8362271566439181,505,505
Qwen/Qwen3-Embedding-8B,french,32,sif_abtt_optimal,10,train_sweep,0.001,0.8600301923644864,0.8532891113784785,505,505
Qwen/Qwen3-Embedding-8B,french,32,whitening,0,none,0.001,0.1520967888098594,0.46837784581406094,505,505
Qwen/Qwen3-Embedding-8B,french,33,baseline_mean,0,none,0.001,0.8300290787654329,0.8374510404343455,505,505
Qwen/Qwen3-Embedding-8B,french,33,sif_abtt_optimal,10,train_sweep,0.001,0.8575720570743282,0.8522811302760676,505,505
Qwen/Qwen3-Embedding-8B,french,33,whitening,0,none,0.001,0.11620431081811075,0.403451943871265,505,505
Qwen/Qwen3-Embedding-8B,french,34,baseline_mean,0,none,0.001,0.8310506009294063,0.8417905445697251,505,505
Qwen/Qwen3-Embedding-8B,french,34,sif_abtt_optimal,10,train_sweep,0.001,0.8562994097698109,0.8535106098165083,505,505
Qwen/Qwen3-Embedding-8B,french,34,whitening,0,none,0.001,0.04795571945154853,0.5463414722380417,505,505
Qwen/Qwen3-Embedding-8B,french,35,baseline_mean,0,none,0.001,0.835884123081094,0.8472708356078335,505,505
Qwen/Qwen3-Embedding-8B,french,35,sif_abtt_optimal,10,train_sweep,0.001,0.8540387703145605,0.8513217855675228,505,505
Qwen/Qwen3-Embedding-8B,french,35,whitening,0,none,0.001,0.24904611845716085,0.5203479543821179,505,505
Qwen/Qwen3-Embedding-8B,french,36,baseline_mean,0,none,0.001,0.7886017082020125,0.7897223704826836,505,505
Qwen/Qwen3-Embedding-8B,french,36,sif_abtt_optimal,10,train_sweep,0.001,0.8559183617256478,0.8486760216986946,505,505
Qwen/Qwen3-Embedding-8B,french,36,whitening,0,none,0.001,0.17041866628275415,0.6427342816498532,505,505
Qwen/Qwen3-Embedding-8B,spanish,0,baseline_mean,0,none,0.001,0.6151472883141058,0.6240111746768146,935,935
Qwen/Qwen3-Embedding-8B,spanish,0,sif_abtt_optimal,10,train_sweep,0.001,0.735028131037567,0.7297726305906045,935,935
Qwen/Qwen3-Embedding-8B,spanish,0,whitening,0,none,0.001,0.08452197222771729,0.44353736881560585,935,935
Qwen/Qwen3-Embedding-8B,spanish,1,baseline_mean,0,none,0.001,0.5887803918441952,0.595737824857986,935,935
Qwen/Qwen3-Embedding-8B,spanish,1,sif_abtt_optimal,10,train_sweep,0.001,0.7199672838043272,0.733695066562155,935,935
Qwen/Qwen3-Embedding-8B,spanish,1,whitening,0,none,0.001,0.0010439799602431526,0.41749892729316657,935,935
Qwen/Qwen3-Embedding-8B,spanish,2,baseline_mean,0,none,0.001,0.6268466547982737,0.6454607936827064,935,935
Qwen/Qwen3-Embedding-8B,spanish,2,sif_abtt_optimal,10,train_sweep,0.001,0.7252117876787407,0.7351226935059982,935,935
Qwen/Qwen3-Embedding-8B,spanish,2,whitening,0,none,0.001,-0.0045357490602274545,0.411150785789613,935,935
Qwen/Qwen3-Embedding-8B,spanish,3,baseline_mean,0,none,0.001,0.6323435950891702,0.646214805734918,935,935
Qwen/Qwen3-Embedding-8B,spanish,3,sif_abtt_optimal,10,train_sweep,0.001,0.7255775373238883,0.7431328349521577,935,935
Qwen/Qwen3-Embedding-8B,spanish,3,whitening,0,none,0.001,0.010385347246560346,0.4192996415480134,935,935
Qwen/Qwen3-Embedding-8B,spanish,4,baseline_mean,0,none,0.001,0.6389138574340331,0.6575184188822488,935,935
Qwen/Qwen3-Embedding-8B,spanish,4,sif_abtt_optimal,10,train_sweep,0.001,0.7282919138953999,0.7489585167106261,935,935
Qwen/Qwen3-Embedding-8B,spanish,4,whitening,0,none,0.001,0.04206311620270692,0.4025708977211993,935,935
Qwen/Qwen3-Embedding-8B,spanish,5,baseline_mean,0,none,0.001,0.6630430515705428,0.6998403154837736,935,935
Qwen/Qwen3-Embedding-8B,spanish,5,sif_abtt_optimal,10,train_sweep,0.001,0.7441059114615125,0.7607953045788072,935,935
Qwen/Qwen3-Embedding-8B,spanish,5,whitening,0,none,0.001,0.03742052417640775,0.4316407276512729,935,935
Qwen/Qwen3-Embedding-8B,spanish,6,baseline_mean,0,none,0.001,0.6701953000508779,0.7026368407263799,935,935
Qwen/Qwen3-Embedding-8B,spanish,6,sif_abtt_optimal,10,train_sweep,0.001,0.7453830281388966,0.76631692909958,935,935
Qwen/Qwen3-Embedding-8B,spanish,6,whitening,0,none,0.001,0.14162889036586307,0.45932436954849587,935,935
Qwen/Qwen3-Embedding-8B,spanish,7,baseline_mean,0,none,0.001,0.1449078172374511,0.2045861205372719,935,935
Qwen/Qwen3-Embedding-8B,spanish,7,sif_abtt_optimal,10,train_sweep,0.001,0.7463364104643734,0.7590115226534738,935,935
Qwen/Qwen3-Embedding-8B,spanish,7,whitening,0,none,0.001,0.15567019421650366,0.29831478704627584,935,935
Qwen/Qwen3-Embedding-8B,spanish,8,baseline_mean,0,none,0.001,0.15927348379568385,0.22051071968993802,935,935
Qwen/Qwen3-Embedding-8B,spanish,8,sif_abtt_optimal,10,train_sweep,0.001,0.7451789394818642,0.7642715043658135,935,935
Qwen/Qwen3-Embedding-8B,spanish,8,whitening,0,none,0.001,0.1438900672278426,0.24295477042100871,935,935
Qwen/Qwen3-Embedding-8B,spanish,9,baseline_mean,0,none,0.001,0.19101190535888773,0.2502904331021526,935,935
Qwen/Qwen3-Embedding-8B,spanish,9,sif_abtt_optimal,2,train_sweep,0.001,0.7550405447501184,0.7759877770227039,935,935
Qwen/Qwen3-Embedding-8B,spanish,9,whitening,0,none,0.001,0.1329755325363874,0.2539456938001708,935,935
Qwen/Qwen3-Embedding-8B,spanish,10,baseline_mean,0,none,0.001,0.2117689762700799,0.2686830151044483,935,935
Qwen/Qwen3-Embedding-8B,spanish,10,sif_abtt_optimal,2,train_sweep,0.001,0.7641198045147763,0.7778375539039312,935,935
Qwen/Qwen3-Embedding-8B,spanish,10,whitening,0,none,0.001,0.05704402663654674,0.28274269558619,935,935
Qwen/Qwen3-Embedding-8B,spanish,11,baseline_mean,0,none,0.001,0.2257429075741895,0.28585131468884745,935,935
Qwen/Qwen3-Embedding-8B,spanish,11,sif_abtt_optimal,2,train_sweep,0.001,0.7657186380536071,0.7732068980332454,935,935
Qwen/Qwen3-Embedding-8B,spanish,11,whitening,0,none,0.001,0.007929932496204864,0.34560508949489105,935,935
Qwen/Qwen3-Embedding-8B,spanish,12,baseline_mean,0,none,0.001,0.24265065656256887,0.30039947143030854,935,935
Qwen/Qwen3-Embedding-8B,spanish,12,sif_abtt_optimal,3,train_sweep,0.001,0.7688549401582503,0.7742916654033954,935,935
Qwen/Qwen3-Embedding-8B,spanish,12,whitening,0,none,0.001,-0.02386381177460793,0.2764234948549478,935,935
Qwen/Qwen3-Embedding-8B,spanish,13,baseline_mean,0,none,0.001,0.25362186438923734,0.3136225256296994,935,935
Qwen/Qwen3-Embedding-8B,spanish,13,sif_abtt_optimal,3,train_sweep,0.001,0.7716707125195037,0.776702536200913,935,935
Qwen/Qwen3-Embedding-8B,spanish,13,whitening,0,none,0.001,-0.012389973100337546,0.3124958966678417,935,935
Qwen/Qwen3-Embedding-8B,spanish,14,baseline_mean,0,none,0.001,0.2509233812160482,0.31399344063224455,935,935
Qwen/Qwen3-Embedding-8B,spanish,14,sif_abtt_optimal,3,train_sweep,0.001,0.7678764448303124,0.7742617517074339,935,935
Qwen/Qwen3-Embedding-8B,spanish,14,whitening,0,none,0.001,0.01094406323107568,0.31810472680620167,935,935
Qwen/Qwen3-Embedding-8B,spanish,15,baseline_mean,0,none,0.001,0.2567561995380868,0.3171368863432682,935,935
Qwen/Qwen3-Embedding-8B,spanish,15,sif_abtt_optimal,3,train_sweep,0.001,0.7716289324078254,0.7753454947103106,935,935
Qwen/Qwen3-Embedding-8B,spanish,15,whitening,0,none,0.001,0.0930782455963503,0.3080106722370231,935,935
Qwen/Qwen3-Embedding-8B,spanish,16,baseline_mean,0,none,0.001,0.257956620031601,0.31720139194208274,935,935
Qwen/Qwen3-Embedding-8B,spanish,16,sif_abtt_optimal,3,train_sweep,0.001,0.7707330361416649,0.7762076622209602,935,935
Qwen/Qwen3-Embedding-8B,spanish,16,whitening,0,none,0.001,-0.021043275882205146,0.33085036522956734,935,935
Qwen/Qwen3-Embedding-8B,spanish,17,baseline_mean,0,none,0.001,0.2609458353181749,0.3194021094410099,935,935
Qwen/Qwen3-Embedding-8B,spanish,17,sif_abtt_optimal,3,train_sweep,0.001,0.7694850905908438,0.7769148077271976,935,935
Qwen/Qwen3-Embedding-8B,spanish,17,whitening,0,none,0.001,0.10736748628010047,0.32015046020234555,935,935
Qwen/Qwen3-Embedding-8B,spanish,18,baseline_mean,0,none,0.001,0.26553104168453173,0.3215431692559669,935,935
Qwen/Qwen3-Embedding-8B,spanish,18,sif_abtt_optimal,3,train_sweep,0.001,0.7682206737375276,0.7757277069225738,935,935
Qwen/Qwen3-Embedding-8B,spanish,18,whitening,0,none,0.001,0.013681834765018051,0.33669718024150314,935,935
Qwen/Qwen3-Embedding-8B,spanish,19,baseline_mean,0,none,0.001,0.27384178109752266,0.3291285863935511,935,935
Qwen/Qwen3-Embedding-8B,spanish,19,sif_abtt_optimal,10,train_sweep,0.001,0.7665031894908952,0.7801453049128234,935,935
Qwen/Qwen3-Embedding-8B,spanish,19,whitening,0,none,0.001,0.025114976606960222,0.31670785935745854,935,935
Qwen/Qwen3-Embedding-8B,spanish,20,baseline_mean,0,none,0.001,0.28656483227313173,0.34348977604066216,935,935
Qwen/Qwen3-Embedding-8B,spanish,20,sif_abtt_optimal,10,train_sweep,0.001,0.7650740302127098,0.780141182065356,935,935
Qwen/Qwen3-Embedding-8B,spanish,20,whitening,0,none,0.001,0.007514967396044811,0.2888572468731315,935,935
Qwen/Qwen3-Embedding-8B,spanish,21,baseline_mean,0,none,0.001,0.296022844881894,0.35147982506520964,935,935
Qwen/Qwen3-Embedding-8B,spanish,21,sif_abtt_optimal,10,train_sweep,0.001,0.767616145331038,0.778964472894099,935,935
Qwen/Qwen3-Embedding-8B,spanish,21,whitening,0,none,0.001,-0.001296907425091073,0.32626469324264123,935,935
Qwen/Qwen3-Embedding-8B,spanish,22,baseline_mean,0,none,0.001,0.30150036515437234,0.3577350201323503,935,935
Qwen/Qwen3-Embedding-8B,spanish,22,sif_abtt_optimal,10,train_sweep,0.001,0.7700745735907257,0.782140946814605,935,935
Qwen/Qwen3-Embedding-8B,spanish,22,whitening,0,none,0.001,0.02078160553657224,0.2673864273451579,935,935
Qwen/Qwen3-Embedding-8B,spanish,23,baseline_mean,0,none,0.001,0.32261032387396893,0.3811415447155966,935,935
Qwen/Qwen3-Embedding-8B,spanish,23,sif_abtt_optimal,10,train_sweep,0.001,0.7703144997965603,0.7832395276589015,935,935
Qwen/Qwen3-Embedding-8B,spanish,23,whitening,0,none,0.001,0.13814307474483314,0.23620616239869802,935,935
Qwen/Qwen3-Embedding-8B,spanish,24,baseline_mean,0,none,0.001,0.38153914435993724,0.4436934455119764,935,935
Qwen/Qwen3-Embedding-8B,spanish,24,sif_abtt_optimal,10,train_sweep,0.001,0.7734042609876298,0.7831482664827,935,935
Qwen/Qwen3-Embedding-8B,spanish,24,whitening,0,none,0.001,0.039263119748683156,0.25323161167157543,935,935
Qwen/Qwen3-Embedding-8B,spanish,25,baseline_mean,0,none,0.001,0.4613364208172991,0.5272967378375598,935,935
Qwen/Qwen3-Embedding-8B,spanish,25,sif_abtt_optimal,3,train_sweep,0.001,0.7837149362007827,0.7919830582624671,935,935
Qwen/Qwen3-Embedding-8B,spanish,25,whitening,0,none,0.001,0.0653911990513342,0.2710191841046703,935,935
Qwen/Qwen3-Embedding-8B,spanish,26,baseline_mean,0,none,0.001,0.49758087698648035,0.5633120006297193,935,935
Qwen/Qwen3-Embedding-8B,spanish,26,sif_abtt_optimal,3,train_sweep,0.001,0.7872228605836364,0.7930230667461318,935,935
Qwen/Qwen3-Embedding-8B,spanish,26,whitening,0,none,0.001,-0.02292528563828469,0.2570542178916517,935,935
Qwen/Qwen3-Embedding-8B,spanish,27,baseline_mean,0,none,0.001,0.5571642415015653,0.6194486331577581,935,935
Qwen/Qwen3-Embedding-8B,spanish,27,sif_abtt_optimal,3,train_sweep,0.001,0.7932797208651464,0.798065367991481,935,935
Qwen/Qwen3-Embedding-8B,spanish,27,whitening,0,none,0.001,0.14655158273227345,0.29380373676845584,935,935
Qwen/Qwen3-Embedding-8B,spanish,28,baseline_mean,0,none,0.001,0.5915077940922057,0.6519895334262148,935,935
Qwen/Qwen3-Embedding-8B,spanish,28,sif_abtt_optimal,3,train_sweep,0.001,0.7934301749312244,0.7962273055823802,935,935
Qwen/Qwen3-Embedding-8B,spanish,28,whitening,0,none,0.001,0.016026830784640872,0.24014326860595303,935,935
Qwen/Qwen3-Embedding-8B,spanish,29,baseline_mean,0,none,0.001,0.618715761872158,0.6763249505460024,935,935
Qwen/Qwen3-Embedding-8B,spanish,29,sif_abtt_optimal,3,train_sweep,0.001,0.7932735615829103,0.7964793798571191,935,935
Qwen/Qwen3-Embedding-8B,spanish,29,whitening,0,none,0.001,0.1285208868166558,0.23159305618888912,935,935
Qwen/Qwen3-Embedding-8B,spanish,30,baseline_mean,0,none,0.001,0.6731124551875595,0.7162536091114713,935,935
Qwen/Qwen3-Embedding-8B,spanish,30,sif_abtt_optimal,3,train_sweep,0.001,0.7943262769967913,0.7923587179818624,935,935
Qwen/Qwen3-Embedding-8B,spanish,30,whitening,0,none,0.001,0.025018052437209067,0.21073565169193353,935,935
Qwen/Qwen3-Embedding-8B,spanish,31,baseline_mean,0,none,0.001,0.7117138424193087,0.7420124860611623,935,935
Qwen/Qwen3-Embedding-8B,spanish,31,sif_abtt_optimal,3,train_sweep,0.001,0.7957318795929162,0.7880928099437174,935,935
Qwen/Qwen3-Embedding-8B,spanish,31,whitening,0,none,0.001,0.08421714796753842,0.25717849953654703,935,935
Qwen/Qwen3-Embedding-8B,spanish,32,baseline_mean,0,none,0.001,0.7418426940115216,0.7564731008196226,935,935
Qwen/Qwen3-Embedding-8B,spanish,32,sif_abtt_optimal,5,train_sweep,0.001,0.7954457522681312,0.7842935067896879,935,935
Qwen/Qwen3-Embedding-8B,spanish,32,whitening,0,none,0.001,0.06204035844003431,0.23251977088190134,935,935
Qwen/Qwen3-Embedding-8B,spanish,33,baseline_mean,0,none,0.001,0.7585256033489188,0.7666618686082568,935,935
Qwen/Qwen3-Embedding-8B,spanish,33,sif_abtt_optimal,5,train_sweep,0.001,0.7966339233651422,0.7857673402445514,935,935
Qwen/Qwen3-Embedding-8B,spanish,33,whitening,0,none,0.001,0.008122002140850132,0.2504054906775075,935,935
Qwen/Qwen3-Embedding-8B,spanish,34,baseline_mean,0,none,0.001,0.7756150464115402,0.7771201004566411,935,935
Qwen/Qwen3-Embedding-8B,spanish,34,sif_abtt_optimal,5,train_sweep,0.001,0.7991979384965132,0.7887869769319027,935,935
Qwen/Qwen3-Embedding-8B,spanish,34,whitening,0,none,0.001,0.052284533198259084,0.22727536192140346,935,935
Qwen/Qwen3-Embedding-8B,spanish,35,baseline_mean,0,none,0.001,0.8064765585992054,0.791976167709401,935,935
Qwen/Qwen3-Embedding-8B,spanish,35,sif_abtt_optimal,5,train_sweep,0.001,0.802148344937295,0.7904398419146645,935,935
Qwen/Qwen3-Embedding-8B,spanish,35,whitening,0,none,0.001,0.007198800710216673,0.29370143831602774,935,935
Qwen/Qwen3-Embedding-8B,spanish,36,baseline_mean,0,none,0.001,0.8013370322271886,0.7934295677478413,935,935
Qwen/Qwen3-Embedding-8B,spanish,36,sif_abtt_optimal,3,train_sweep,0.001,0.8080032425012824,0.7972744059516168,935,935
Qwen/Qwen3-Embedding-8B,spanish,36,whitening,0,none,0.001,0.1339639797283677,0.39793372467257676,935,935
Qwen/Qwen3-Embedding-8B,sinhala,0,baseline_mean,0,none,0.001,0.29091587684581915,0.30075852722869106,2548,2548
Qwen/Qwen3-Embedding-8B,sinhala,0,sif_abtt_optimal,1,train_sweep,0.001,0.3901363628855508,0.3996958874895062,2548,2548
Qwen/Qwen3-Embedding-8B,sinhala,0,whitening,0,none,0.001,0.4273437696263131,0.44207672843821644,2548,2548
Qwen/Qwen3-Embedding-8B,sinhala,1,baseline_mean,0,none,0.001,0.2928500255930963,0.29703682655048025,2548,2548
Qwen/Qwen3-Embedding-8B,sinhala,1,sif_abtt_optimal,3,train_sweep,0.001,0.38413851755812206,0.39469343106696075,2548,2548
Qwen/Qwen3-Embedding-8B,sinhala,1,whitening,0,none,0.001,0.0695784942740014,0.0382384785987725,2548,2548
Qwen/Qwen3-Embedding-8B,sinhala,2,baseline_mean,0,none,0.001,0.3211377324578403,0.3125370616236288,2548,2548
Qwen/Qwen3-Embedding-8B,sinhala,2,sif_abtt_optimal,1,train_sweep,0.001,0.39214872397352685,0.41607257160876493,2548,2548
Qwen/Qwen3-Embedding-8B,sinhala,2,whitening,0,none,0.001,0.07113383191202753,0.03350301085933905,2548,2548
Qwen/Qwen3-Embedding-8B,sinhala,3,baseline_mean,0,none,0.001,0.32362200859067486,0.30920027308929227,2548,2548
Qwen/Qwen3-Embedding-8B,sinhala,3,sif_abtt_optimal,1,train_sweep,0.001,0.3979124840548861,0.4218636252107929,2548,2548
Qwen/Qwen3-Embedding-8B,sinhala,3,whitening,0,none,0.001,0.08375888685231729,0.03503912293654674,2548,2548
Qwen/Qwen3-Embedding-8B,sinhala,4,baseline_mean,0,none,0.001,0.34953304494703563,0.34006153203771683,2548,2548
Qwen/Qwen3-Embedding-8B,sinhala,4,sif_abtt_optimal,1,train_sweep,0.001,0.40800387053282894,0.42890847379660013,2548,2548
Qwen/Qwen3-Embedding-8B,sinhala,4,whitening,0,none,0.001,0.10187923526459902,0.03228851635475476,2548,2548
Qwen/Qwen3-Embedding-8B,sinhala,5,baseline_mean,0,none,0.001,0.3594718383685965,0.3617591130009139,2548,2548
Qwen/Qwen3-Embedding-8B,sinhala,5,sif_abtt_optimal,1,train_sweep,0.001,0.42362011353142714,0.4406886579149747,2548,2548
Qwen/Qwen3-Embedding-8B,sinhala,5,whitening,0,none,0.001,0.10764786367750383,0.03039063650081312,2548,2548
Qwen/Qwen3-Embedding-8B,sinhala,6,baseline_mean,0,none,0.001,0.37165839944765033,0.38601241750699306,2548,2548
Qwen/Qwen3-Embedding-8B,sinhala,6,sif_abtt_optimal,3,train_sweep,0.001,0.42589159897648476,0.440024973248341,2548,2548
Qwen/Qwen3-Embedding-8B,sinhala,6,whitening,0,none,0.001,0.11989083532381332,0.027401512152898752,2548,2548
Qwen/Qwen3-Embedding-8B,sinhala,7,baseline_mean,0,none,0.001,0.2962414746990585,0.26412553443983317,2548,2548
Qwen/Qwen3-Embedding-8B,sinhala,7,sif_abtt_optimal,1,train_sweep,0.001,0.4258580323909245,0.44189063999196876,2548,2548
Qwen/Qwen3-Embedding-8B,sinhala,7,whitening,0,none,0.001,-0.06028191615008694,-0.013252799266521537,2548,2548
Qwen/Qwen3-Embedding-8B,sinhala,8,baseline_mean,0,none,0.001,0.2979789998912794,0.2665236250883787,2548,2548
Qwen/Qwen3-Embedding-8B,sinhala,8,sif_abtt_optimal,1,train_sweep,0.001,0.4246806293252876,0.44592621409512184,2548,2548
Qwen/Qwen3-Embedding-8B,sinhala,8,whitening,0,none,0.001,0.1054796155972248,0.0466530822978909,2548,2548
Qwen/Qwen3-Embedding-8B,sinhala,9,baseline_mean,0,none,0.001,0.2932354568821739,0.26152925061776605,2548,2548
Qwen/Qwen3-Embedding-8B,sinhala,9,sif_abtt_optimal,7,train_sweep,0.001,0.4258447375302089,0.44247107515741113,2548,2548
Qwen/Qwen3-Embedding-8B,sinhala,9,whitening,0,none,0.001,0.1035571929258758,0.03352008077856732,2548,2548
Qwen/Qwen3-Embedding-8B,sinhala,10,baseline_mean,0,none,0.001,0.2882016564803904,0.25683367515666755,2548,2548
Qwen/Qwen3-Embedding-8B,sinhala,10,sif_abtt_optimal,7,train_sweep,0.001,0.4243573071138102,0.4441582957398636,2548,2548
Qwen/Qwen3-Embedding-8B,sinhala,10,whitening,0,none,0.001,0.09143334304898386,0.045497320524120914,2548,2548
Qwen/Qwen3-Embedding-8B,sinhala,11,baseline_mean,0,none,0.001,0.287563949651468,0.2544935131268501,2548,2548
Qwen/Qwen3-Embedding-8B,sinhala,11,sif_abtt_optimal,5,train_sweep,0.001,0.4154357846281208,0.4497698585965015,2548,2548
Qwen/Qwen3-Embedding-8B,sinhala,11,whitening,0,none,0.001,0.1231334235268502,0.029122362299139427,2548,2548
Qwen/Qwen3-Embedding-8B,sinhala,12,baseline_mean,0,none,0.001,0.294267768922351,0.2619739687691262,2548,2548
Qwen/Qwen3-Embedding-8B,sinhala,12,sif_abtt_optimal,5,train_sweep,0.001,0.43037424148708375,0.4638822015380412,2548,2548
Qwen/Qwen3-Embedding-8B,sinhala,12,whitening,0,none,0.001,0.03952366354652775,0.04614539506631626,2548,2548
Qwen/Qwen3-Embedding-8B,sinhala,13,baseline_mean,0,none,0.001,0.2927952246544707,0.26033641124007195,2548,2548
Qwen/Qwen3-Embedding-8B,sinhala,13,sif_abtt_optimal,5,train_sweep,0.001,0.4299531321182176,0.4612648151342596,2548,2548
Qwen/Qwen3-Embedding-8B,sinhala,13,whitening,0,none,0.001,0.10838260122211642,0.006855978246138871,2548,2548
Qwen/Qwen3-Embedding-8B,sinhala,14,baseline_mean,0,none,0.001,0.2942458808039082,0.2613814538281034,2548,2548
Qwen/Qwen3-Embedding-8B,sinhala,14,sif_abtt_optimal,5,train_sweep,0.001,0.4276147473619297,0.458032770684282,2548,2548
Qwen/Qwen3-Embedding-8B,sinhala,14,whitening,0,none,0.001,-0.007897537686031417,-0.00344009826888851,2548,2548
Qwen/Qwen3-Embedding-8B,sinhala,15,baseline_mean,0,none,0.001,0.2958408950922023,0.26224852724076414,2548,2548
Qwen/Qwen3-Embedding-8B,sinhala,15,sif_abtt_optimal,5,train_sweep,0.001,0.4225472093802774,0.45274630516267794,2548,2548
Qwen/Qwen3-Embedding-8B,sinhala,15,whitening,0,none,0.001,-0.03698348902269794,0.004840925399579647,2548,2548
Qwen/Qwen3-Embedding-8B,sinhala,16,baseline_mean,0,none,0.001,0.2980399074588313,0.26515724597516804,2548,2548
Qwen/Qwen3-Embedding-8B,sinhala,16,sif_abtt_optimal,5,train_sweep,0.001,0.41923685539688793,0.44896359947536685,2548,2548
Qwen/Qwen3-Embedding-8B,sinhala,16,whitening,0,none,0.001,0.03552190836059281,-0.0059805412813704216,2548,2548
Qwen/Qwen3-Embedding-8B,sinhala,17,baseline_mean,0,none,0.001,0.29649533876162854,0.2631118733636693,2548,2548
Qwen/Qwen3-Embedding-8B,sinhala,17,sif_abtt_optimal,5,train_sweep,0.001,0.4187214128603547,0.4454397539943159,2548,2548
Qwen/Qwen3-Embedding-8B,sinhala,17,whitening,0,none,0.001,0.09135552353514019,0.05589126307061259,2548,2548
Qwen/Qwen3-Embedding-8B,sinhala,18,baseline_mean,0,none,0.001,0.2968794522708379,0.26489101857565817,2548,2548
Qwen/Qwen3-Embedding-8B,sinhala,18,sif_abtt_optimal,5,train_sweep,0.001,0.41552592045631487,0.4406749770668993,2548,2548
Qwen/Qwen3-Embedding-8B,sinhala,18,whitening,0,none,0.001,0.06856033572303906,0.031130414100455608,2548,2548
Qwen/Qwen3-Embedding-8B,sinhala,19,baseline_mean,0,none,0.001,0.2999207366639706,0.2689001877058981,2548,2548
Qwen/Qwen3-Embedding-8B,sinhala,19,sif_abtt_optimal,5,train_sweep,0.001,0.4140598926959381,0.43592767980672176,2548,2548
Qwen/Qwen3-Embedding-8B,sinhala,19,whitening,0,none,0.001,-0.009061897575953208,0.011934623586973298,2548,2548
Qwen/Qwen3-Embedding-8B,sinhala,20,baseline_mean,0,none,0.001,0.30488437731639745,0.27418580327289843,2548,2548
Qwen/Qwen3-Embedding-8B,sinhala,20,sif_abtt_optimal,5,train_sweep,0.001,0.4149621013658471,0.430723620615996,2548,2548
Qwen/Qwen3-Embedding-8B,sinhala,20,whitening,0,none,0.001,0.12101971088049995,0.04887503019955714,2548,2548
Qwen/Qwen3-Embedding-8B,sinhala,21,baseline_mean,0,none,0.001,0.3109442845618691,0.2814229330593005,2548,2548
Qwen/Qwen3-Embedding-8B,sinhala,21,sif_abtt_optimal,5,train_sweep,0.001,0.413887982202338,0.4285452170863238,2548,2548
Qwen/Qwen3-Embedding-8B,sinhala,21,whitening,0,none,0.001,0.11109439339425406,0.010021913041051033,2548,2548
Qwen/Qwen3-Embedding-8B,sinhala,22,baseline_mean,0,none,0.001,0.31719879885186864,0.28865657347102247,2548,2548
Qwen/Qwen3-Embedding-8B,sinhala,22,sif_abtt_optimal,5,train_sweep,0.001,0.41902873342843644,0.4353156364990472,2548,2548
Qwen/Qwen3-Embedding-8B,sinhala,22,whitening,0,none,0.001,0.10191188416943009,0.04360117873010539,2548,2548
Qwen/Qwen3-Embedding-8B,sinhala,23,baseline_mean,0,none,0.001,0.33345939519834555,0.30783414711407237,2548,2548
Qwen/Qwen3-Embedding-8B,sinhala,23,sif_abtt_optimal,5,train_sweep,0.001,0.42266181378160556,0.43940730164224495,2548,2548
Qwen/Qwen3-Embedding-8B,sinhala,23,whitening,0,none,0.001,0.142811996120227,0.04710790948897994,2548,2548
Qwen/Qwen3-Embedding-8B,sinhala,24,baseline_mean,0,none,0.001,0.3608122303344766,0.3397328749322677,2548,2548
Qwen/Qwen3-Embedding-8B,sinhala,24,sif_abtt_optimal,5,train_sweep,0.001,0.448307988386245,0.46553142045270063,2548,2548
Qwen/Qwen3-Embedding-8B,sinhala,24,whitening,0,none,0.001,0.08390681284186245,0.03180655364843614,2548,2548
Qwen/Qwen3-Embedding-8B,sinhala,25,baseline_mean,0,none,0.001,0.4051935360307873,0.3928068162164661,2548,2548
Qwen/Qwen3-Embedding-8B,sinhala,25,sif_abtt_optimal,3,train_sweep,0.001,0.44402773983568955,0.4583039491899607,2548,2548
Qwen/Qwen3-Embedding-8B,sinhala,25,whitening,0,none,0.001,0.10270242215438806,0.03646214383957609,2548,2548
Qwen/Qwen3-Embedding-8B,sinhala,26,baseline_mean,0,none,0.001,0.4210652044893117,0.41180837627146827,2548,2548
Qwen/Qwen3-Embedding-8B,sinhala,26,sif_abtt_optimal,3,train_sweep,0.001,0.4496379971276776,0.46574283803320593,2548,2548
Qwen/Qwen3-Embedding-8B,sinhala,26,whitening,0,none,0.001,0.086592675131806,0.012334189068014156,2548,2548
Qwen/Qwen3-Embedding-8B,sinhala,27,baseline_mean,0,none,0.001,0.43879397658405267,0.42604188337121573,2548,2548
Qwen/Qwen3-Embedding-8B,sinhala,27,sif_abtt_optimal,3,train_sweep,0.001,0.4542047847365761,0.46593572480628925,2548,2548
Qwen/Qwen3-Embedding-8B,sinhala,27,whitening,0,none,0.001,0.06227484340587796,0.051685090304408585,2548,2548
Qwen/Qwen3-Embedding-8B,sinhala,28,baseline_mean,0,none,0.001,0.4482530606125826,0.4346746141254653,2548,2548
Qwen/Qwen3-Embedding-8B,sinhala,28,sif_abtt_optimal,3,train_sweep,0.001,0.4551308422081736,0.46624391903503665,2548,2548
Qwen/Qwen3-Embedding-8B,sinhala,28,whitening,0,none,0.001,0.05523084029672508,0.008809718952747831,2548,2548
Qwen/Qwen3-Embedding-8B,sinhala,29,baseline_mean,0,none,0.001,0.4595063092818677,0.44505907423239327,2548,2548
Qwen/Qwen3-Embedding-8B,sinhala,29,sif_abtt_optimal,3,train_sweep,0.001,0.4567398919147772,0.4671908575717356,2548,2548
Qwen/Qwen3-Embedding-8B,sinhala,29,whitening,0,none,0.001,0.09200425538663795,0.03184388660746525,2548,2548
Qwen/Qwen3-Embedding-8B,sinhala,30,baseline_mean,0,none,0.001,0.4659633725510761,0.45010717967804165,2548,2548
Qwen/Qwen3-Embedding-8B,sinhala,30,sif_abtt_optimal,5,train_sweep,0.001,0.4706050966952391,0.490897630405107,2548,2548
Qwen/Qwen3-Embedding-8B,sinhala,30,whitening,0,none,0.001,0.05763681210915871,0.0388879768786567,2548,2548
Qwen/Qwen3-Embedding-8B,sinhala,31,baseline_mean,0,none,0.001,0.4641140680812232,0.4500417549051505,2548,2548
Qwen/Qwen3-Embedding-8B,sinhala,31,sif_abtt_optimal,5,train_sweep,0.001,0.47167040309980535,0.48892226884275813,2548,2548
Qwen/Qwen3-Embedding-8B,sinhala,31,whitening,0,none,0.001,0.07084172610168234,0.010816155072204778,2548,2548
Qwen/Qwen3-Embedding-8B,sinhala,32,baseline_mean,0,none,0.001,0.4511150080848413,0.43667625864367327,2548,2548
Qwen/Qwen3-Embedding-8B,sinhala,32,sif_abtt_optimal,5,train_sweep,0.001,0.47293108243464904,0.49319963614668805,2548,2548
Qwen/Qwen3-Embedding-8B,sinhala,32,whitening,0,none,0.001,0.06599314917514133,0.03257132988200338,2548,2548
Qwen/Qwen3-Embedding-8B,sinhala,33,baseline_mean,0,none,0.001,0.449632214420263,0.43286826809508805,2548,2548
Qwen/Qwen3-Embedding-8B,sinhala,33,sif_abtt_optimal,5,train_sweep,0.001,0.46619527185600884,0.48485304404915897,2548,2548
Qwen/Qwen3-Embedding-8B,sinhala,33,whitening,0,none,0.001,0.08293102391509212,0.05440988859024401,2548,2548
Qwen/Qwen3-Embedding-8B,sinhala,34,baseline_mean,0,none,0.001,0.45447360717043267,0.43445966912412687,2548,2548
Qwen/Qwen3-Embedding-8B,sinhala,34,sif_abtt_optimal,3,train_sweep,0.001,0.45761204010530715,0.46588584773112973,2548,2548
Qwen/Qwen3-Embedding-8B,sinhala,34,whitening,0,none,0.001,0.05981101069492173,0.035138288142310375,2548,2548
Qwen/Qwen3-Embedding-8B,sinhala,35,baseline_mean,0,none,0.001,0.43494296837735513,0.4189764921592375,2548,2548
Qwen/Qwen3-Embedding-8B,sinhala,35,sif_abtt_optimal,5,train_sweep,0.001,0.45922703667567016,0.47549651639116974,2548,2548
Qwen/Qwen3-Embedding-8B,sinhala,35,whitening,0,none,0.001,0.09402634401661389,0.019028244923854708,2548,2548
Qwen/Qwen3-Embedding-8B,sinhala,36,baseline_mean,0,none,0.001,0.4392988576560409,0.4314146187721763,2548,2548
Qwen/Qwen3-Embedding-8B,sinhala,36,sif_abtt_optimal,3,train_sweep,0.001,0.48769001366046755,0.4737395111728819,2548,2548
Qwen/Qwen3-Embedding-8B,sinhala,36,whitening,0,none,0.001,0.18653824726942372,0.047865879535238035,2548,2548
Qwen/Qwen3-Embedding-8B,tamil,0,baseline_mean,0,none,0.001,0.24124709917174045,0.2762747319711955,1300,1300
Qwen/Qwen3-Embedding-8B,tamil,0,sif_abtt_optimal,1,train_sweep,0.001,0.33824378908107194,0.3771971850481744,1300,1300
Qwen/Qwen3-Embedding-8B,tamil,0,whitening,0,none,0.001,0.32429710058024475,0.3579260394285353,1300,1300
Qwen/Qwen3-Embedding-8B,tamil,1,baseline_mean,0,none,0.001,0.22617609176890371,0.2661123255248905,1300,1300
Qwen/Qwen3-Embedding-8B,tamil,1,sif_abtt_optimal,2,train_sweep,0.001,0.33570597125121077,0.3791715204697665,1300,1300
Qwen/Qwen3-Embedding-8B,tamil,1,whitening,0,none,0.001,-0.005326681278872266,0.003967365013121667,1300,1300
Qwen/Qwen3-Embedding-8B,tamil,2,baseline_mean,0,none,0.001,0.2591538383368538,0.3267402433999088,1300,1300
Qwen/Qwen3-Embedding-8B,tamil,2,sif_abtt_optimal,2,train_sweep,0.001,0.3477565950270436,0.38434288889323315,1300,1300
Qwen/Qwen3-Embedding-8B,tamil,2,whitening,0,none,0.001,0.0021779358352994375,-0.015297454086891786,1300,1300
Qwen/Qwen3-Embedding-8B,tamil,3,baseline_mean,0,none,0.001,0.2544860937183363,0.32953465755658684,1300,1300
Qwen/Qwen3-Embedding-8B,tamil,3,sif_abtt_optimal,1,train_sweep,0.001,0.34346692200649315,0.3871191224465845,1300,1300
Qwen/Qwen3-Embedding-8B,tamil,3,whitening,0,none,0.001,0.01734163649785,-0.01765865816539079,1300,1300
Qwen/Qwen3-Embedding-8B,tamil,4,baseline_mean,0,none,0.001,0.2609190845278289,0.3392202913102702,1300,1300
Qwen/Qwen3-Embedding-8B,tamil,4,sif_abtt_optimal,1,train_sweep,0.001,0.3484892945578251,0.3954868795952141,1300,1300
Qwen/Qwen3-Embedding-8B,tamil,4,whitening,0,none,0.001,0.040360092559481,-0.007937678468069925,1300,1300
Qwen/Qwen3-Embedding-8B,tamil,5,baseline_mean,0,none,0.001,0.27153890804826875,0.34902911832668415,1300,1300
Qwen/Qwen3-Embedding-8B,tamil,5,sif_abtt_optimal,1,train_sweep,0.001,0.35426092820733107,0.40284911739305507,1300,1300
Qwen/Qwen3-Embedding-8B,tamil,5,whitening,0,none,0.001,0.06042795103781145,-0.01868900931441281,1300,1300
Qwen/Qwen3-Embedding-8B,tamil,6,baseline_mean,0,none,0.001,0.271253653097369,0.3487022592910961,1300,1300
Qwen/Qwen3-Embedding-8B,tamil,6,sif_abtt_optimal,2,train_sweep,0.001,0.35893913186222237,0.404862669381082,1300,1300
Qwen/Qwen3-Embedding-8B,tamil,6,whitening,0,none,0.001,0.0553438166631336,-0.012463344143034705,1300,1300
Qwen/Qwen3-Embedding-8B,tamil,7,baseline_mean,0,none,0.001,0.242803631855206,0.2640605191078474,1300,1300
Qwen/Qwen3-Embedding-8B,tamil,7,sif_abtt_optimal,7,train_sweep,0.001,0.34376194437328367,0.4056994809053068,1300,1300
Qwen/Qwen3-Embedding-8B,tamil,7,whitening,0,none,0.001,-0.015595122626932903,0.030079214146581976,1300,1300
Qwen/Qwen3-Embedding-8B,tamil,8,baseline_mean,0,none,0.001,0.2471412475339735,0.26778305699085014,1300,1300
Qwen/Qwen3-Embedding-8B,tamil,8,sif_abtt_optimal,10,train_sweep,0.001,0.35589211654353914,0.397682159562837,1300,1300
Qwen/Qwen3-Embedding-8B,tamil,8,whitening,0,none,0.001,0.01932708277476705,0.0033233670094568314,1300,1300
Qwen/Qwen3-Embedding-8B,tamil,9,baseline_mean,0,none,0.001,0.26085668044625776,0.2841959829960287,1300,1300
Qwen/Qwen3-Embedding-8B,tamil,9,sif_abtt_optimal,3,train_sweep,0.001,0.36715249136090977,0.4300087410235145,1300,1300
Qwen/Qwen3-Embedding-8B,tamil,9,whitening,0,none,0.001,0.007678792345508996,0.002579831590023073,1300,1300
Qwen/Qwen3-Embedding-8B,tamil,10,baseline_mean,0,none,0.001,0.25424448196922084,0.27852689742721426,1300,1300
Qwen/Qwen3-Embedding-8B,tamil,10,sif_abtt_optimal,2,train_sweep,0.001,0.37442956123297927,0.4338413606001471,1300,1300
Qwen/Qwen3-Embedding-8B,tamil,10,whitening,0,none,0.001,-0.02242571845540129,0.024637531955740078,1300,1300
Qwen/Qwen3-Embedding-8B,tamil,11,baseline_mean,0,none,0.001,0.2529403933727793,0.27996626337987796,1300,1300
Qwen/Qwen3-Embedding-8B,tamil,11,sif_abtt_optimal,2,train_sweep,0.001,0.3789877194625886,0.42773912291615473,1300,1300
Qwen/Qwen3-Embedding-8B,tamil,11,whitening,0,none,0.001,-0.0009887140078434224,-0.023457599641849507,1300,1300
Qwen/Qwen3-Embedding-8B,tamil,12,baseline_mean,0,none,0.001,0.2569200121068385,0.27918123148868,1300,1300
Qwen/Qwen3-Embedding-8B,tamil,12,sif_abtt_optimal,2,train_sweep,0.001,0.3828649734292602,0.42851270933981395,1300,1300
Qwen/Qwen3-Embedding-8B,tamil,12,whitening,0,none,0.001,-0.023041570353717643,0.0215658799159919,1300,1300
Qwen/Qwen3-Embedding-8B,tamil,13,baseline_mean,0,none,0.001,0.24828989743115498,0.2715747676998918,1300,1300
Qwen/Qwen3-Embedding-8B,tamil,13,sif_abtt_optimal,2,train_sweep,0.001,0.3798391965537854,0.4240848895710987,1300,1300
Qwen/Qwen3-Embedding-8B,tamil,13,whitening,0,none,0.001,-0.038805971971944755,-0.007933099031837395,1300,1300
Qwen/Qwen3-Embedding-8B,tamil,14,baseline_mean,0,none,0.001,0.2475189835735672,0.27049304793814694,1300,1300
Qwen/Qwen3-Embedding-8B,tamil,14,sif_abtt_optimal,2,train_sweep,0.001,0.3749757162731365,0.4204458247490797,1300,1300
Qwen/Qwen3-Embedding-8B,tamil,14,whitening,0,none,0.001,0.014982904370323291,0.021318392329760363,1300,1300
Qwen/Qwen3-Embedding-8B,tamil,15,baseline_mean,0,none,0.001,0.2464318799449611,0.2686409332962149,1300,1300
Qwen/Qwen3-Embedding-8B,tamil,15,sif_abtt_optimal,3,train_sweep,0.001,0.37331873199802834,0.404909574357141,1300,1300
Qwen/Qwen3-Embedding-8B,tamil,15,whitening,0,none,0.001,-0.03247477671515388,-0.021248342082669486,1300,1300
Qwen/Qwen3-Embedding-8B,tamil,16,baseline_mean,0,none,0.001,0.24359254750959616,0.2656816645319728,1300,1300
Qwen/Qwen3-Embedding-8B,tamil,16,sif_abtt_optimal,3,train_sweep,0.001,0.3756025490596547,0.41102644423380014,1300,1300
Qwen/Qwen3-Embedding-8B,tamil,16,whitening,0,none,0.001,0.08042596035232533,0.04084601881169015,1300,1300
Qwen/Qwen3-Embedding-8B,tamil,17,baseline_mean,0,none,0.001,0.23840591122378016,0.26123006221187667,1300,1300
Qwen/Qwen3-Embedding-8B,tamil,17,sif_abtt_optimal,2,train_sweep,0.001,0.3770165503300997,0.4110712787023457,1300,1300
Qwen/Qwen3-Embedding-8B,tamil,17,whitening,0,none,0.001,-0.0305431754671619,0.020644629365790156,1300,1300
Qwen/Qwen3-Embedding-8B,tamil,18,baseline_mean,0,none,0.001,0.24136251145436474,0.2622759181002691,1300,1300
Qwen/Qwen3-Embedding-8B,tamil,18,sif_abtt_optimal,2,train_sweep,0.001,0.3767820471216199,0.40701502311335547,1300,1300
Qwen/Qwen3-Embedding-8B,tamil,18,whitening,0,none,0.001,-0.008258598903439088,0.02660594417403484,1300,1300
Qwen/Qwen3-Embedding-8B,tamil,19,baseline_mean,0,none,0.001,0.24354091489273427,0.2650288685317355,1300,1300
Qwen/Qwen3-Embedding-8B,tamil,19,sif_abtt_optimal,2,train_sweep,0.001,0.3804482456356647,0.40970802316544846,1300,1300
Qwen/Qwen3-Embedding-8B,tamil,19,whitening,0,none,0.001,-0.025525880782488342,0.0189604694929583,1300,1300
Qwen/Qwen3-Embedding-8B,tamil,20,baseline_mean,0,none,0.001,0.24418233714087534,0.26616247225812245,1300,1300
Qwen/Qwen3-Embedding-8B,tamil,20,sif_abtt_optimal,3,train_sweep,0.001,0.38386545893559093,0.4161252958081354,1300,1300
Qwen/Qwen3-Embedding-8B,tamil,20,whitening,0,none,0.001,-0.02173786382733545,0.029845049556813125,1300,1300
Qwen/Qwen3-Embedding-8B,tamil,21,baseline_mean,0,none,0.001,0.2479257722934169,0.2705707588845821,1300,1300
Qwen/Qwen3-Embedding-8B,tamil,21,sif_abtt_optimal,3,train_sweep,0.001,0.38964655002479487,0.4160908936528953,1300,1300
Qwen/Qwen3-Embedding-8B,tamil,21,whitening,0,none,0.001,-0.028674235624626395,0.04077983839449668,1300,1300
Qwen/Qwen3-Embedding-8B,tamil,22,baseline_mean,0,none,0.001,0.2577384303983185,0.2788298437997052,1300,1300
Qwen/Qwen3-Embedding-8B,tamil,22,sif_abtt_optimal,3,train_sweep,0.001,0.40031082147088004,0.41753808351753985,1300,1300
Qwen/Qwen3-Embedding-8B,tamil,22,whitening,0,none,0.001,0.008579753099962999,-0.007113968534414995,1300,1300
Qwen/Qwen3-Embedding-8B,tamil,23,baseline_mean,0,none,0.001,0.273399262676327,0.2968165366231944,1300,1300
Qwen/Qwen3-Embedding-8B,tamil,23,sif_abtt_optimal,3,train_sweep,0.001,0.4069606706659604,0.41326388801976577,1300,1300
Qwen/Qwen3-Embedding-8B,tamil,23,whitening,0,none,0.001,0.06126124410210108,-0.02036939562177258,1300,1300
Qwen/Qwen3-Embedding-8B,tamil,24,baseline_mean,0,none,0.001,0.3030840228885074,0.3251963894077349,1300,1300
Qwen/Qwen3-Embedding-8B,tamil,24,sif_abtt_optimal,7,train_sweep,0.001,0.4112108571761313,0.4184773795231512,1300,1300
Qwen/Qwen3-Embedding-8B,tamil,24,whitening,0,none,0.001,-0.025799161465170677,0.007137737596229724,1300,1300
Qwen/Qwen3-Embedding-8B,tamil,25,baseline_mean,0,none,0.001,0.34445963006103164,0.3741379578188675,1300,1300
Qwen/Qwen3-Embedding-8B,tamil,25,sif_abtt_optimal,1,train_sweep,0.001,0.4170844168406241,0.45780370766155515,1300,1300
Qwen/Qwen3-Embedding-8B,tamil,25,whitening,0,none,0.001,0.08996449964005612,-0.024274241016274647,1300,1300
Qwen/Qwen3-Embedding-8B,tamil,26,baseline_mean,0,none,0.001,0.35874008142944247,0.3950870615103985,1300,1300
Qwen/Qwen3-Embedding-8B,tamil,26,sif_abtt_optimal,3,train_sweep,0.001,0.41793216775004655,0.439394621518741,1300,1300
Qwen/Qwen3-Embedding-8B,tamil,26,whitening,0,none,0.001,0.03338506222300474,-0.015862949826923666,1300,1300
Qwen/Qwen3-Embedding-8B,tamil,27,baseline_mean,0,none,0.001,0.3763059553707902,0.4126911276287826,1300,1300
Qwen/Qwen3-Embedding-8B,tamil,27,sif_abtt_optimal,1,train_sweep,0.001,0.4234533493412102,0.4612169553943772,1300,1300
Qwen/Qwen3-Embedding-8B,tamil,27,whitening,0,none,0.001,-0.06684357392875813,-0.026884351893675447,1300,1300
Qwen/Qwen3-Embedding-8B,tamil,28,baseline_mean,0,none,0.001,0.3890149983869435,0.42927770327305026,1300,1300
Qwen/Qwen3-Embedding-8B,tamil,28,sif_abtt_optimal,1,train_sweep,0.001,0.4194226945872487,0.4575851489100364,1300,1300
Qwen/Qwen3-Embedding-8B,tamil,28,whitening,0,none,0.001,-0.01848487456282154,-0.04779779554152119,1300,1300
Qwen/Qwen3-Embedding-8B,tamil,29,baseline_mean,0,none,0.001,0.4023342711514244,0.44024053063117513,1300,1300
Qwen/Qwen3-Embedding-8B,tamil,29,sif_abtt_optimal,1,train_sweep,0.001,0.4196050174361724,0.45461107048771976,1300,1300
Qwen/Qwen3-Embedding-8B,tamil,29,whitening,0,none,0.001,0.04343791633549904,-0.04453329285293439,1300,1300
Qwen/Qwen3-Embedding-8B,tamil,30,baseline_mean,0,none,0.001,0.4162564147761932,0.4586576782571655,1300,1300
Qwen/Qwen3-Embedding-8B,tamil,30,sif_abtt_optimal,1,train_sweep,0.001,0.42431967582467667,0.4634511179386413,1300,1300
Qwen/Qwen3-Embedding-8B,tamil,30,whitening,0,none,0.001,0.00363561912916142,-0.027675620716001433,1300,1300
Qwen/Qwen3-Embedding-8B,tamil,31,baseline_mean,0,none,0.001,0.4219117224834224,0.4687054344496668,1300,1300
Qwen/Qwen3-Embedding-8B,tamil,31,sif_abtt_optimal,3,train_sweep,0.001,0.4193246415903741,0.43628984626121065,1300,1300
Qwen/Qwen3-Embedding-8B,tamil,31,whitening,0,none,0.001,0.10054832137438702,-0.024315010375598845,1300,1300
Qwen/Qwen3-Embedding-8B,tamil,32,baseline_mean,0,none,0.001,0.4191215895879707,0.46403260171737104,1300,1300
Qwen/Qwen3-Embedding-8B,tamil,32,sif_abtt_optimal,3,train_sweep,0.001,0.42400894962962943,0.43867314440377836,1300,1300
Qwen/Qwen3-Embedding-8B,tamil,32,whitening,0,none,0.001,0.10395942183585323,-0.003201809794001641,1300,1300
Qwen/Qwen3-Embedding-8B,tamil,33,baseline_mean,0,none,0.001,0.4215899929829615,0.464187399780878,1300,1300
Qwen/Qwen3-Embedding-8B,tamil,33,sif_abtt_optimal,3,train_sweep,0.001,0.42058478888109607,0.4324541049667816,1300,1300
Qwen/Qwen3-Embedding-8B,tamil,33,whitening,0,none,0.001,0.09190532439949813,0.002105209467482356,1300,1300
Qwen/Qwen3-Embedding-8B,tamil,34,baseline_mean,0,none,0.001,0.423846829184459,0.46751585982591615,1300,1300
Qwen/Qwen3-Embedding-8B,tamil,34,sif_abtt_optimal,3,train_sweep,0.001,0.41751107407279503,0.42364681767504325,1300,1300
Qwen/Qwen3-Embedding-8B,tamil,34,whitening,0,none,0.001,0.10818921986886064,-0.028660988874282894,1300,1300
Qwen/Qwen3-Embedding-8B,tamil,35,baseline_mean,0,none,0.001,0.40959962379633985,0.4604714299330743,1300,1300
Qwen/Qwen3-Embedding-8B,tamil,35,sif_abtt_optimal,5,train_sweep,0.001,0.4098206956555234,0.4361178932436656,1300,1300
Qwen/Qwen3-Embedding-8B,tamil,35,whitening,0,none,0.001,0.12082332019431502,-0.028418388770444874,1300,1300
Qwen/Qwen3-Embedding-8B,tamil,36,baseline_mean,0,none,0.001,0.4280717327272653,0.4576716885030451,1300,1300
Qwen/Qwen3-Embedding-8B,tamil,36,sif_abtt_optimal,1,train_sweep,0.001,0.4103504414696088,0.4507331956294818,1300,1300
Qwen/Qwen3-Embedding-8B,tamil,36,whitening,0,none,0.001,0.10753728131868392,-0.013431557980726202,1300,1300
Qwen/Qwen3-Embedding-8B,serbian,0,baseline_mean,0,none,0.001,0.5865148118100095,0.5496143698853289,596,596
Qwen/Qwen3-Embedding-8B,serbian,0,sif_abtt_optimal,1,train_sweep,0.001,0.7208583170421439,0.7291348541762451,596,596
Qwen/Qwen3-Embedding-8B,serbian,0,whitening,0,none,0.001,-0.03124749187329704,0.16704034105470345,596,596
Qwen/Qwen3-Embedding-8B,serbian,1,baseline_mean,0,none,0.001,0.49258461950927546,0.5019867400897667,596,596
Qwen/Qwen3-Embedding-8B,serbian,1,sif_abtt_optimal,5,train_sweep,0.001,0.6504665145162015,0.6925075192186607,596,596
Qwen/Qwen3-Embedding-8B,serbian,1,whitening,0,none,0.001,0.011741859750540332,0.19318427113343023,596,596
Qwen/Qwen3-Embedding-8B,serbian,2,baseline_mean,0,none,0.001,0.5226453096270037,0.5002442643515453,596,596
Qwen/Qwen3-Embedding-8B,serbian,2,sif_abtt_optimal,2,train_sweep,0.001,0.6394436074190768,0.6828895997893646,596,596
Qwen/Qwen3-Embedding-8B,serbian,2,whitening,0,none,0.001,-0.04704434426678971,0.1916780582683917,596,596
Qwen/Qwen3-Embedding-8B,serbian,3,baseline_mean,0,none,0.001,0.5022878588310647,0.4954091108685803,596,596
Qwen/Qwen3-Embedding-8B,serbian,3,sif_abtt_optimal,10,train_sweep,0.001,0.6198608901830156,0.6916763150136297,596,596
Qwen/Qwen3-Embedding-8B,serbian,3,whitening,0,none,0.001,-0.12924047241552017,0.16708854308375595,596,596
Qwen/Qwen3-Embedding-8B,serbian,4,baseline_mean,0,none,0.001,0.5175882289766712,0.5089023144206895,596,596
Qwen/Qwen3-Embedding-8B,serbian,4,sif_abtt_optimal,7,train_sweep,0.001,0.6453897268119314,0.6823674592980156,596,596
Qwen/Qwen3-Embedding-8B,serbian,4,whitening,0,none,0.001,-0.035307942299652235,0.22947244537710476,596,596
Qwen/Qwen3-Embedding-8B,serbian,5,baseline_mean,0,none,0.001,0.5430735298250706,0.5358217724145731,596,596
Qwen/Qwen3-Embedding-8B,serbian,5,sif_abtt_optimal,3,train_sweep,0.001,0.6680872407494018,0.6987521590903597,596,596
Qwen/Qwen3-Embedding-8B,serbian,5,whitening,0,none,0.001,0.013135357871901494,0.15754793230616873,596,596
Qwen/Qwen3-Embedding-8B,serbian,6,baseline_mean,0,none,0.001,0.5476069704087779,0.5369732459192983,596,596
Qwen/Qwen3-Embedding-8B,serbian,6,sif_abtt_optimal,10,train_sweep,0.001,0.6816163041480008,0.7155003578543216,596,596
Qwen/Qwen3-Embedding-8B,serbian,6,whitening,0,none,0.001,0.009394344016276276,0.19596295286790824,596,596
Qwen/Qwen3-Embedding-8B,serbian,7,baseline_mean,0,none,0.001,0.43786445913435473,0.44416398149025005,596,596
Qwen/Qwen3-Embedding-8B,serbian,7,sif_abtt_optimal,10,train_sweep,0.001,0.6473730196592218,0.7009405759097853,596,596
Qwen/Qwen3-Embedding-8B,serbian,7,whitening,0,none,0.001,-0.05456746616328867,0.20536598971413106,596,596
Qwen/Qwen3-Embedding-8B,serbian,8,baseline_mean,0,none,0.001,0.4560257768841161,0.4710610286932534,596,596
Qwen/Qwen3-Embedding-8B,serbian,8,sif_abtt_optimal,10,train_sweep,0.001,0.663057784148664,0.7041746104188696,596,596
Qwen/Qwen3-Embedding-8B,serbian,8,whitening,0,none,0.001,0.01693409797032684,0.1527315880084951,596,596
Qwen/Qwen3-Embedding-8B,serbian,9,baseline_mean,0,none,0.001,0.47865776979651337,0.5038497043117179,596,596
Qwen/Qwen3-Embedding-8B,serbian,9,sif_abtt_optimal,10,train_sweep,0.001,0.6906814635241098,0.7172940195117055,596,596
Qwen/Qwen3-Embedding-8B,serbian,9,whitening,0,none,0.001,0.07092467714333853,0.2024675424601914,596,596
Qwen/Qwen3-Embedding-8B,serbian,10,baseline_mean,0,none,0.001,0.47806364591659356,0.5053118910833958,596,596
Qwen/Qwen3-Embedding-8B,serbian,10,sif_abtt_optimal,10,train_sweep,0.001,0.679529520789136,0.69766043923084,596,596
Qwen/Qwen3-Embedding-8B,serbian,10,whitening,0,none,0.001,0.1456127548924518,0.17878026253540816,596,596
Qwen/Qwen3-Embedding-8B,serbian,11,baseline_mean,0,none,0.001,0.47369096567939223,0.49539156303464804,596,596
Qwen/Qwen3-Embedding-8B,serbian,11,sif_abtt_optimal,10,train_sweep,0.001,0.6706693489480605,0.6917675239332743,596,596
Qwen/Qwen3-Embedding-8B,serbian,11,whitening,0,none,0.001,-0.08092058546286747,0.293374499517269,596,596
Qwen/Qwen3-Embedding-8B,serbian,12,baseline_mean,0,none,0.001,0.4833347418299746,0.5035879372719892,596,596
Qwen/Qwen3-Embedding-8B,serbian,12,sif_abtt_optimal,10,train_sweep,0.001,0.6753486636005857,0.6913167977223205,596,596
Qwen/Qwen3-Embedding-8B,serbian,12,whitening,0,none,0.001,-0.04701995118111967,0.18750168107942525,596,596
Qwen/Qwen3-Embedding-8B,serbian,13,baseline_mean,0,none,0.001,0.4802303112227724,0.4967021471852703,596,596
Qwen/Qwen3-Embedding-8B,serbian,13,sif_abtt_optimal,10,train_sweep,0.001,0.6814122848786233,0.6907264567353969,596,596
Qwen/Qwen3-Embedding-8B,serbian,13,whitening,0,none,0.001,0.07050683478309251,0.18133807302822513,596,596
Qwen/Qwen3-Embedding-8B,serbian,14,baseline_mean,0,none,0.001,0.47844816876041363,0.4963521718497144,596,596
Qwen/Qwen3-Embedding-8B,serbian,14,sif_abtt_optimal,10,train_sweep,0.001,0.6792587766247067,0.69006017941687,596,596
Qwen/Qwen3-Embedding-8B,serbian,14,whitening,0,none,0.001,0.048297480849669526,0.168967346878886,596,596
Qwen/Qwen3-Embedding-8B,serbian,15,baseline_mean,0,none,0.001,0.4734667267448474,0.4901574167441697,596,596
Qwen/Qwen3-Embedding-8B,serbian,15,sif_abtt_optimal,10,train_sweep,0.001,0.6771332911180077,0.6824918299265177,596,596
Qwen/Qwen3-Embedding-8B,serbian,15,whitening,0,none,0.001,-0.044689703934697865,0.17918961884385365,596,596
Qwen/Qwen3-Embedding-8B,serbian,16,baseline_mean,0,none,0.001,0.47028791059654235,0.4884435024552561,596,596
Qwen/Qwen3-Embedding-8B,serbian,16,sif_abtt_optimal,10,train_sweep,0.001,0.6748360238925922,0.6841137389597249,596,596
Qwen/Qwen3-Embedding-8B,serbian,16,whitening,0,none,0.001,-0.046187981144820915,0.2156928109960965,596,596
Qwen/Qwen3-Embedding-8B,serbian,17,baseline_mean,0,none,0.001,0.46618500539934377,0.487401866445906,596,596
Qwen/Qwen3-Embedding-8B,serbian,17,sif_abtt_optimal,10,train_sweep,0.001,0.6736398740667415,0.682037605525007,596,596
Qwen/Qwen3-Embedding-8B,serbian,17,whitening,0,none,0.001,0.11192757032109066,0.24473436446013322,596,596
Qwen/Qwen3-Embedding-8B,serbian,18,baseline_mean,0,none,0.001,0.4713179383451911,0.49202161102416614,596,596
Qwen/Qwen3-Embedding-8B,serbian,18,sif_abtt_optimal,10,train_sweep,0.001,0.6748527691927589,0.6820712222830425,596,596
Qwen/Qwen3-Embedding-8B,serbian,18,whitening,0,none,0.001,0.04195014099233869,0.16391590716369825,596,596
Qwen/Qwen3-Embedding-8B,serbian,19,baseline_mean,0,none,0.001,0.4805844760597373,0.5010002147987406,596,596
Qwen/Qwen3-Embedding-8B,serbian,19,sif_abtt_optimal,10,train_sweep,0.001,0.6791046515150095,0.6893109693856262,596,596
Qwen/Qwen3-Embedding-8B,serbian,19,whitening,0,none,0.001,-0.03874744383013034,0.22702796401980202,596,596
Qwen/Qwen3-Embedding-8B,serbian,20,baseline_mean,0,none,0.001,0.4882861107235678,0.5139232632334444,596,596
Qwen/Qwen3-Embedding-8B,serbian,20,sif_abtt_optimal,10,train_sweep,0.001,0.6825955339885292,0.6955510872061174,596,596
Qwen/Qwen3-Embedding-8B,serbian,20,whitening,0,none,0.001,0.08043152356421221,0.22594540248387265,596,596
Qwen/Qwen3-Embedding-8B,serbian,21,baseline_mean,0,none,0.001,0.5009940636875316,0.5254528227573206,596,596
Qwen/Qwen3-Embedding-8B,serbian,21,sif_abtt_optimal,10,train_sweep,0.001,0.6917522514259238,0.7047385869940345,596,596
Qwen/Qwen3-Embedding-8B,serbian,21,whitening,0,none,0.001,0.010361439555792483,0.1701181885323861,596,596
Qwen/Qwen3-Embedding-8B,serbian,22,baseline_mean,0,none,0.001,0.5203285705481548,0.5391748307243164,596,596
Qwen/Qwen3-Embedding-8B,serbian,22,sif_abtt_optimal,10,train_sweep,0.001,0.7006085502043756,0.7145425362154715,596,596
Qwen/Qwen3-Embedding-8B,serbian,22,whitening,0,none,0.001,0.00994541394103393,0.27001124923094877,596,596
Qwen/Qwen3-Embedding-8B,serbian,23,baseline_mean,0,none,0.001,0.5519269951280167,0.5731856044669872,596,596
Qwen/Qwen3-Embedding-8B,serbian,23,sif_abtt_optimal,10,train_sweep,0.001,0.7180987599228416,0.7308924247456873,596,596
Qwen/Qwen3-Embedding-8B,serbian,23,whitening,0,none,0.001,-0.032852841233251766,0.2415320774465171,596,596
Qwen/Qwen3-Embedding-8B,serbian,24,baseline_mean,0,none,0.001,0.6121083288170797,0.6295169101251816,596,596
Qwen/Qwen3-Embedding-8B,serbian,24,sif_abtt_optimal,10,train_sweep,0.001,0.7279707693743279,0.7410287873917599,596,596
Qwen/Qwen3-Embedding-8B,serbian,24,whitening,0,none,0.001,0.04244826918545444,0.32621659160643046,596,596
Qwen/Qwen3-Embedding-8B,serbian,25,baseline_mean,0,none,0.001,0.6541535846986468,0.6648214740030427,596,596
Qwen/Qwen3-Embedding-8B,serbian,25,sif_abtt_optimal,10,train_sweep,0.001,0.7025201344363265,0.7253529973378202,596,596
Qwen/Qwen3-Embedding-8B,serbian,25,whitening,0,none,0.001,0.0020609274233324066,0.25582098936526293,596,596
Qwen/Qwen3-Embedding-8B,serbian,26,baseline_mean,0,none,0.001,0.6650037987682025,0.671872887627021,596,596
Qwen/Qwen3-Embedding-8B,serbian,26,sif_abtt_optimal,10,train_sweep,0.001,0.7043475080346163,0.7289921109371754,596,596
Qwen/Qwen3-Embedding-8B,serbian,26,whitening,0,none,0.001,-0.05653624113035261,0.21088154397098774,596,596
Qwen/Qwen3-Embedding-8B,serbian,27,baseline_mean,0,none,0.001,0.667064040256735,0.6819569435015319,596,596
Qwen/Qwen3-Embedding-8B,serbian,27,sif_abtt_optimal,10,train_sweep,0.001,0.6908308327407325,0.7168990652656483,596,596
Qwen/Qwen3-Embedding-8B,serbian,27,whitening,0,none,0.001,0.0014807775048475942,0.24636027101481586,596,596
Qwen/Qwen3-Embedding-8B,serbian,28,baseline_mean,0,none,0.001,0.6712312562908981,0.6891734974185787,596,596
Qwen/Qwen3-Embedding-8B,serbian,28,sif_abtt_optimal,10,train_sweep,0.001,0.6884785167649392,0.7118565515603168,596,596
Qwen/Qwen3-Embedding-8B,serbian,28,whitening,0,none,0.001,-0.047451541263905044,0.16867130241305522,596,596
Qwen/Qwen3-Embedding-8B,serbian,29,baseline_mean,0,none,0.001,0.6790630445702076,0.6969207283511898,596,596
Qwen/Qwen3-Embedding-8B,serbian,29,sif_abtt_optimal,7,train_sweep,0.001,0.6888545171018446,0.7081466209326124,596,596
Qwen/Qwen3-Embedding-8B,serbian,29,whitening,0,none,0.001,0.022545071609261287,0.2627796399084144,596,596
Qwen/Qwen3-Embedding-8B,serbian,30,baseline_mean,0,none,0.001,0.6607196504168894,0.6883720607282426,596,596
Qwen/Qwen3-Embedding-8B,serbian,30,sif_abtt_optimal,10,train_sweep,0.001,0.6779204626178491,0.6923818972049188,596,596
Qwen/Qwen3-Embedding-8B,serbian,30,whitening,0,none,0.001,0.014793875489356928,0.23227594224793496,596,596
Qwen/Qwen3-Embedding-8B,serbian,31,baseline_mean,0,none,0.001,0.6489967157289538,0.6688296135229187,596,596
Qwen/Qwen3-Embedding-8B,serbian,31,sif_abtt_optimal,10,train_sweep,0.001,0.6654280082293061,0.6828530252116711,596,596
Qwen/Qwen3-Embedding-8B,serbian,31,whitening,0,none,0.001,0.00357086446934316,0.2692645174101332,596,596
Qwen/Qwen3-Embedding-8B,serbian,32,baseline_mean,0,none,0.001,0.6212460511605775,0.6309855529070745,596,596
Qwen/Qwen3-Embedding-8B,serbian,32,sif_abtt_optimal,10,train_sweep,0.001,0.6544503011653756,0.674298441949408,596,596
Qwen/Qwen3-Embedding-8B,serbian,32,whitening,0,none,0.001,0.07793780499542227,0.23897377809463413,596,596
Qwen/Qwen3-Embedding-8B,serbian,33,baseline_mean,0,none,0.001,0.6216073742591497,0.6291391055450257,596,596
Qwen/Qwen3-Embedding-8B,serbian,33,sif_abtt_optimal,10,train_sweep,0.001,0.6621502059666717,0.6765567656988262,596,596
Qwen/Qwen3-Embedding-8B,serbian,33,whitening,0,none,0.001,0.05043590860293621,0.20917053312241185,596,596
Qwen/Qwen3-Embedding-8B,serbian,34,baseline_mean,0,none,0.001,0.6228555080294873,0.6355269721455462,596,596
Qwen/Qwen3-Embedding-8B,serbian,34,sif_abtt_optimal,10,train_sweep,0.001,0.664305593795097,0.6809315516163756,596,596
Qwen/Qwen3-Embedding-8B,serbian,34,whitening,0,none,0.001,-0.1320219197342182,0.24169756403941764,596,596
Qwen/Qwen3-Embedding-8B,serbian,35,baseline_mean,0,none,0.001,0.5977980743829846,0.6263401069257715,596,596
Qwen/Qwen3-Embedding-8B,serbian,35,sif_abtt_optimal,10,train_sweep,0.001,0.6565448021710859,0.6706691972291037,596,596
Qwen/Qwen3-Embedding-8B,serbian,35,whitening,0,none,0.001,0.03642923067460545,0.22744746050429,596,596
Qwen/Qwen3-Embedding-8B,serbian,36,baseline_mean,0,none,0.001,0.5948806899617711,0.6077910706043476,596,596
Qwen/Qwen3-Embedding-8B,serbian,36,sif_abtt_optimal,1,train_sweep,0.001,0.6260801744044393,0.6452703713857162,596,596
Qwen/Qwen3-Embedding-8B,serbian,36,whitening,0,none,0.001,0.011682897697367418,0.2668137130463078,596,596
tencent/KaLM-Embedding-Gemma3-12B-2511,english,0,baseline_mean,0,none,0.001,0.4121598281359719,0.44819938058743525,3564,3564
tencent/KaLM-Embedding-Gemma3-12B-2511,english,0,sif_abtt_optimal,10,train_sweep,0.001,0.6764678861370997,0.6815903697435158,3564,3564
tencent/KaLM-Embedding-Gemma3-12B-2511,english,0,whitening,0,none,0.001,0.5898251531758811,0.6104510716863988,3564,3564
tencent/KaLM-Embedding-Gemma3-12B-2511,english,1,baseline_mean,0,none,0.001,0.37533182804653664,0.3901180055429462,3564,3564
tencent/KaLM-Embedding-Gemma3-12B-2511,english,1,sif_abtt_optimal,10,train_sweep,0.001,0.686373734400616,0.6880056385948988,3564,3564
tencent/KaLM-Embedding-Gemma3-12B-2511,english,1,whitening,0,none,0.001,0.5990004570451148,0.615752654664391,3564,3564
tencent/KaLM-Embedding-Gemma3-12B-2511,english,2,baseline_mean,0,none,0.001,0.36310842886560807,0.37882895220302254,3564,3564
tencent/KaLM-Embedding-Gemma3-12B-2511,english,2,sif_abtt_optimal,10,train_sweep,0.001,0.6866208492178402,0.6874621655129264,3564,3564
tencent/KaLM-Embedding-Gemma3-12B-2511,english,2,whitening,0,none,0.001,0.6083967162471177,0.6253707770838326,3564,3564
tencent/KaLM-Embedding-Gemma3-12B-2511,english,3,baseline_mean,0,none,0.001,0.18992811354058106,0.1995814699749418,3564,3564
tencent/KaLM-Embedding-Gemma3-12B-2511,english,3,sif_abtt_optimal,10,train_sweep,0.001,0.686200302884623,0.6874693558339209,3564,3564
tencent/KaLM-Embedding-Gemma3-12B-2511,english,3,whitening,0,none,0.001,0.6074429190304315,0.6252980383699696,3564,3564
tencent/KaLM-Embedding-Gemma3-12B-2511,english,4,baseline_mean,0,none,0.001,0.18592899786164663,0.19598897362725115,3564,3564
tencent/KaLM-Embedding-Gemma3-12B-2511,english,4,sif_abtt_optimal,10,train_sweep,0.001,0.6885813882661049,0.689570129166992,3564,3564
tencent/KaLM-Embedding-Gemma3-12B-2511,english,4,whitening,0,none,0.001,0.6152302787326468,0.6262590454827204,3564,3564
tencent/KaLM-Embedding-Gemma3-12B-2511,english,5,baseline_mean,0,none,0.001,0.25216221519330495,0.26534943738830186,3564,3564
tencent/KaLM-Embedding-Gemma3-12B-2511,english,5,sif_abtt_optimal,10,train_sweep,0.001,0.6908247868197465,0.6929126748752262,3564,3564
tencent/KaLM-Embedding-Gemma3-12B-2511,english,5,whitening,0,none,0.001,0.6234661516045604,0.6311681160493345,3564,3564
tencent/KaLM-Embedding-Gemma3-12B-2511,english,6,baseline_mean,0,none,0.001,0.24559541713469185,0.25999172724950564,3564,3564
tencent/KaLM-Embedding-Gemma3-12B-2511,english,6,sif_abtt_optimal,10,train_sweep,0.001,0.6928586048879745,0.6974619890716224,3564,3564
tencent/KaLM-Embedding-Gemma3-12B-2511,english,6,whitening,0,none,0.001,0.6321462240259773,0.6374473902778512,3564,3564
