model,repr,pooling,layer,method,D,sif_a,tau,aucroc,spearman,same_avg,diff_avg,gap,acc_at_1,acc_at_3,existing_acc,new_acc,overall_assignment_acc,n_train,n_test,n_existing,n_new
bowphs/LaTa,hidden,mean,0,baseline,10,0.001,0.9195979899497487,0.9298604919654527,0.049114785371906076,0.8627466559410095,0.6605082750320435,0.20223838090896606,0.80625,0.853125,0.390625,0.9623824451410659,0.676056338028169,639,639,320,319
bowphs/LaTa,hidden,mean,0,whitening,10,0.001,0.0,0.561635272801716,0.007042322551728963,0.12617188692092896,0.0016492011491209269,0.12452268577180803,0.08125,0.128125,1.0,0.0,0.5007824726134585,639,639,320,319
bowphs/LaTa,hidden,mean,1,baseline,10,0.001,0.9447236180904522,0.8671459534321055,0.041949178954604656,0.8512058854103088,0.6431891322135925,0.2080167531967163,0.690625,0.75625,0.3,0.9090909090909091,0.6040688575899843,639,639,320,319
bowphs/LaTa,hidden,mean,1,whitening,10,0.001,0.0,0.5359997224103716,0.0041132415889650175,0.04654180631041527,-0.0012439934071153402,0.04778579971753061,0.159375,0.1875,1.0,0.0,0.5007824726134585,639,639,320,319
bowphs/LaTa,hidden,mean,2,baseline,10,0.001,0.9949748743718593,0.5712065180557806,0.008135878771747948,0.9032986164093018,0.8633027076721191,0.03999590873718262,0.203125,0.234375,0.184375,0.9090909090909091,0.5461658841940532,639,639,320,319
bowphs/LaTa,hidden,mean,2,whitening,10,0.001,0.0,0.5330204012448794,0.0037728285175631362,0.06756778061389923,-0.0016206040745601058,0.06918838468845934,0.15,0.184375,1.0,0.0,0.5007824726134585,639,639,320,319
bowphs/LaTa,hidden,mean,3,baseline,10,0.001,0.8492462311557789,0.480323456956286,-0.0022481926265249695,0.9493315815925598,0.9162795543670654,0.033052027225494385,0.075,0.096875,0.99375,0.01567398119122257,0.5054773082942097,639,639,320,319
bowphs/LaTa,hidden,mean,3,whitening,10,0.001,0.0,0.5731484729760923,0.008357761687268903,0.14690597355365753,0.012092884629964828,0.1348130889236927,0.171875,0.203125,1.0,0.0,0.5007824726134585,639,639,320,319
bowphs/LaTa,hidden,mean,4,baseline,10,0.001,0.8442211055276382,0.46779672722978605,-0.0036794654544406655,0.9336580634117126,0.9046412706375122,0.02901679277420044,0.059375,0.078125,1.0,0.01567398119122257,0.5086071987480438,639,639,320,319
bowphs/LaTa,hidden,mean,4,whitening,10,0.001,0.0,0.540605635175641,0.004639498381203616,0.015616409480571747,-0.0014032396720722318,0.01701964915264398,0.153125,0.171875,1.0,0.0,0.5007824726134585,639,639,320,319
bowphs/LaTa,hidden,mean,5,baseline,10,0.001,0.8190954773869347,0.46759810286912373,-0.0037021597774242938,0.9325103759765625,0.9031919836997986,0.029318392276763916,0.04375,0.06875,1.0,0.009404388714733543,0.5054773082942097,639,639,320,319
bowphs/LaTa,hidden,mean,5,whitening,10,0.001,0.0,0.5849242860351843,0.00970323665363857,0.17049430310726166,-0.00020681590831372887,0.1707011190155754,0.121875,0.1625,1.0,0.0,0.5007824726134585,639,639,320,319
bowphs/LaTa,hidden,mean,6,baseline,10,0.001,0.8190954773869347,0.46567165562568735,-0.003922270824294118,0.9324175715446472,0.9035477042198181,0.0288698673248291,0.03125,0.046875,1.0,0.003134796238244514,0.5023474178403756,639,639,320,319
bowphs/LaTa,hidden,mean,6,whitening,10,0.001,0.0,0.5598070592803402,0.0068334051053311,0.06439144909381866,-0.00035710245720110834,0.06474855155101977,0.14375,0.16875,1.0,0.0,0.5007824726134585,639,639,320,319
bowphs/LaTa,hidden,mean,7,baseline,10,0.001,0.8140703517587939,0.46370158336256784,-0.004147366356881339,0.9326509833335876,0.904167115688324,0.028483867645263672,0.034375,0.04375,1.0,0.003134796238244514,0.5023474178403756,639,639,320,319
bowphs/LaTa,hidden,mean,7,whitening,10,0.001,0.010050251256281407,0.5509518881957113,0.005821635392913613,0.1245882511138916,-0.0008396021439693868,0.125427853257861,0.14375,0.175,1.0,0.0,0.5007824726134585,639,639,320,319
bowphs/LaTa,hidden,mean,8,baseline,10,0.001,0.8140703517587939,0.46344200122212,-0.004177025563401866,0.9147970080375671,0.8912865519523621,0.023510456085205078,0.034375,0.046875,1.0,0.003134796238244514,0.5023474178403756,639,639,320,319
bowphs/LaTa,hidden,mean,8,whitening,10,0.001,0.0,0.5418703957298097,0.004784006760798366,0.03053741157054901,-0.0014821861404925585,0.03201959771104157,0.128125,0.146875,1.0,0.0,0.5007824726134585,639,639,320,319
bowphs/LaTa,hidden,mean,9,baseline,10,0.001,0.7688442211055276,0.46449810498843247,-0.004056357786794079,0.9136860370635986,0.8904167413711548,0.023269295692443848,0.034375,0.046875,1.0,0.0,0.5007824726134585,639,639,320,319
bowphs/LaTa,hidden,mean,9,whitening,10,0.001,0.0,0.582893488275599,0.00947120277848584,0.1694650799036026,0.0008388723945245147,0.16862620750907809,0.15,0.16875,1.0,0.0,0.5007824726134585,639,639,320,319
bowphs/LaTa,hidden,mean,10,baseline,10,0.001,0.7738693467336684,0.4658709878974196,-0.003899495617139456,0.9162571430206299,0.8924137353897095,0.02384340763092041,0.03125,0.05,1.0,0.0,0.5007824726134585,639,639,320,319
bowphs/LaTa,hidden,mean,10,whitening,10,0.001,0.0,0.5625240662110993,0.007143843528102123,0.0931534469127655,-0.001570790889672935,0.09472423780243844,0.153125,0.184375,1.0,0.0,0.5007824726134585,639,639,320,319
bowphs/LaTa,hidden,mean,11,baseline,10,0.001,0.7738693467336684,0.46780969085125373,-0.0036779842634283473,0.9162258505821228,0.8926506042480469,0.023575246334075928,0.03125,0.053125,1.0,0.0,0.5007824726134585,639,639,320,319
bowphs/LaTa,hidden,mean,11,whitening,10,0.001,0.0,0.5668282761272609,0.00763563179288559,0.11893559247255325,0.006047187373042107,0.11288840509951115,0.140625,0.171875,1.0,0.0,0.5007824726134585,639,639,320,319
bowphs/LaTa,hidden,mean,12,baseline,10,0.001,0.8492462311557789,0.9291782869162681,0.04903683832815835,0.8139119148254395,0.5657724738121033,0.24813944101333618,0.8125,0.875,0.65625,0.890282131661442,0.7730829420970265,639,639,320,319
bowphs/LaTa,hidden,mean,12,whitening,10,0.001,0.0,0.5886356425525168,0.010127294309495471,0.21612393856048584,-0.0015187500976026058,0.21764268865808845,0.15,0.178125,1.0,0.0,0.5007824726134585,639,639,320,319
bowphs/LaTa,hidden,sif,0,sif_only,10,0.001,0.678391959798995,0.9473159087217697,0.05110919766047739,0.7160806655883789,0.27697235345840454,0.43910831212997437,0.9,0.925,0.796875,0.9529780564263323,0.8748043818466353,639,639,320,319
bowphs/LaTa,hidden,sif,0,sif_abtt_fixed,10,0.001,0.3417085427135678,0.968825764458785,0.053566860012888975,0.5513340830802917,0.001190480776131153,0.5501436023041606,0.903125,0.928125,0.8875,0.799373040752351,0.8435054773082942,639,639,320,319
bowphs/LaTa,hidden,sif,0,sif_abtt_optimal,1,0.001,0.4221105527638191,0.9636255382281048,0.052972695161783497,0.5930404663085938,0.0011802271474152803,0.5918602391611785,0.903125,0.928125,0.9,0.8683385579937304,0.8841940532081377,639,639,320,319
bowphs/LaTa,hidden,sif,1,sif_only,10,0.001,0.7889447236180904,0.9265443157417875,0.048735887365369046,0.7711664438247681,0.39600667357444763,0.37515977025032043,0.896875,0.909375,0.740625,0.9623824451410659,0.8513302034428795,639,639,320,319
bowphs/LaTa,hidden,sif,1,sif_abtt_fixed,10,0.001,0.37185929648241206,0.9605569207178094,0.05262208259509439,0.5694106221199036,0.000993569497950375,0.5684170526219532,0.9,0.91875,0.9,0.7774294670846394,0.838810641627543,639,639,320,319
bowphs/LaTa,hidden,sif,1,sif_abtt_optimal,1,0.001,0.5326633165829145,0.9605803702720003,0.05262476188254301,0.6086210012435913,0.002759486436843872,0.6058615148067474,0.890625,0.915625,0.834375,0.9122257053291536,0.8732394366197183,639,639,320,319
bowphs/LaTa,hidden,sif,2,sif_only,10,0.001,0.8542713567839196,0.9258104442456099,0.04865203704256254,0.8274678587913513,0.5466696619987488,0.28079819679260254,0.896875,0.90625,0.6875,0.9561128526645768,0.8215962441314554,639,639,320,319
bowphs/LaTa,hidden,sif,2,sif_abtt_fixed,10,0.001,0.4020100502512563,0.9642943372114029,0.053049110461946464,0.5679349899291992,0.00132536340970546,0.5666096265194938,0.8875,0.91875,0.89375,0.7899686520376176,0.8419405320813772,639,639,320,319
bowphs/LaTa,hidden,sif,2,sif_abtt_optimal,1,0.001,0.542713567839196,0.9569187887517709,0.052206398730198104,0.6018244028091431,0.0024943717289716005,0.5993300310801715,0.88125,0.9125,0.846875,0.8620689655172413,0.8544600938967136,639,639,320,319
bowphs/LaTa,hidden,sif,3,sif_only,10,0.001,0.8844221105527639,0.9198313831047022,0.0479688844613268,0.8368711471557617,0.62367182970047,0.21319931745529175,0.8,0.83125,0.578125,0.9153605015673981,0.7464788732394366,639,639,320,319
bowphs/LaTa,hidden,sif,3,sif_abtt_fixed,10,0.001,0.4221105527638191,0.9578078365666951,0.052307979111348275,0.5724383592605591,0.0010661558480933309,0.5713722034124658,0.8875,0.921875,0.884375,0.8213166144200627,0.8528951486697965,639,639,320,319
bowphs/LaTa,hidden,sif,3,sif_abtt_optimal,2,0.001,0.5175879396984925,0.9710657941839707,0.05382280021031432,0.6250618696212769,0.0030243496876209974,0.6220375199336559,0.89375,0.915625,0.878125,0.7962382445141066,0.837245696400626,639,639,320,319
bowphs/LaTa,hidden,sif,4,sif_only,10,0.001,0.8994974874371859,0.8981420387281334,0.04549071418557118,0.8392791748046875,0.6623002290725708,0.1769789457321167,0.65625,0.71875,0.48125,0.8746081504702194,0.6776212832550861,639,639,320,319
bowphs/LaTa,hidden,sif,4,sif_abtt_fixed,10,0.001,0.4271356783919598,0.9582113679987652,0.052354085604145416,0.572563111782074,0.0011450947495177388,0.5714180170325562,0.896875,0.925,0.8875,0.8087774294670846,0.8482003129890454,639,639,320,319
bowphs/LaTa,hidden,sif,4,sif_abtt_optimal,2,0.001,0.542713567839196,0.9711164983143532,0.05382859353751664,0.6296947002410889,0.002726182108744979,0.6269685181323439,0.89375,0.91875,0.875,0.8244514106583072,0.8497652582159625,639,639,320,319
bowphs/LaTa,hidden,sif,5,sif_only,10,0.001,0.914572864321608,0.8838420360159491,0.04385683161865892,0.847227931022644,0.6855716705322266,0.16165626049041748,0.640625,0.684375,0.43125,0.896551724137931,0.6635367762128326,639,639,320,319
bowphs/LaTa,hidden,sif,5,sif_abtt_fixed,10,0.001,0.4221105527638191,0.9571845319307493,0.05223676188159973,0.5795606970787048,0.0011807818664237857,0.578379915212281,0.890625,0.925,0.903125,0.7899686520376176,0.8466353677621283,639,639,320,319
bowphs/LaTa,hidden,sif,5,sif_abtt_optimal,2,0.001,0.5728643216080402,0.9693696613826858,0.053629004315939546,0.6386091709136963,0.0022734799422323704,0.6363356909714639,0.89375,0.915625,0.865625,0.8808777429467085,0.8732394366197183,639,639,320,319
bowphs/LaTa,hidden,sif,6,sif_only,10,0.001,0.9195979899497487,0.8659871361939933,0.041816775393483024,0.8529518246650696,0.7085778713226318,0.14437395334243774,0.63125,0.678125,0.459375,0.8714733542319749,0.6651017214397497,639,639,320,319
bowphs/LaTa,hidden,sif,6,sif_abtt_fixed,10,0.001,0.4271356783919598,0.9569206912627715,0.05220661610634902,0.58038729429245,0.0008444284903816879,0.5795428658020683,0.896875,0.921875,0.903125,0.8401253918495298,0.8716744913928013,639,639,320,319
bowphs/LaTa,hidden,sif,6,sif_abtt_optimal,2,0.001,0.5728643216080402,0.966916461936573,0.053348707879020234,0.6325269937515259,0.002216000808402896,0.630310992943123,0.896875,0.915625,0.8625,0.8683385579937304,0.865414710485133,639,639,320,319
bowphs/LaTa,hidden,sif,7,sif_only,10,0.001,0.9296482412060302,0.8573240634148506,0.04082695435117259,0.8700650930404663,0.7464807629585266,0.1235843300819397,0.625,0.66875,0.45625,0.8526645768025078,0.6541471048513302,639,639,320,319
bowphs/LaTa,hidden,sif,7,sif_abtt_fixed,10,0.001,0.4221105527638191,0.9615001237295817,0.05272985061367442,0.5812404155731201,0.000679931603372097,0.580560483969748,0.903125,0.925,0.909375,0.8369905956112853,0.8732394366197183,639,639,320,319
bowphs/LaTa,hidden,sif,7,sif_abtt_optimal,2,0.001,0.5577889447236181,0.9684058183387815,0.05351887801887747,0.6289842128753662,0.002150786342099309,0.6268334265332669,0.890625,0.91875,0.859375,0.8463949843260188,0.8528951486697965,639,639,320,319
bowphs/LaTa,hidden,sif,8,sif_only,10,0.001,0.9346733668341709,0.8459657962147906,0.039529187130985084,0.8700740933418274,0.7549582719802856,0.11511582136154175,0.596875,0.646875,0.409375,0.8871473354231975,0.647887323943662,639,639,320,319
bowphs/LaTa,hidden,sif,8,sif_abtt_fixed,10,0.001,0.4020100502512563,0.9564958561319413,0.052158075506179596,0.5754888653755188,0.0007491594296880066,0.5747397059458308,0.903125,0.915625,0.915625,0.7492163009404389,0.8325508607198748,639,639,320,319
bowphs/LaTa,hidden,sif,8,sif_abtt_optimal,2,0.001,0.5879396984924623,0.9680920146348225,0.05348302359201749,0.6219155192375183,0.0019178097136318684,0.6199977095238864,0.88125,0.9125,0.825,0.8871473354231975,0.8560250391236307,639,639,320,319
bowphs/LaTa,hidden,sif,9,sif_only,10,0.001,0.9396984924623115,0.8538804742597119,0.04043349846160273,0.8847343921661377,0.7773101329803467,0.10742425918579102,0.609375,0.66875,0.4375,0.8871473354231975,0.6619718309859155,639,639,320,319
bowphs/LaTa,hidden,sif,9,sif_abtt_fixed,10,0.001,0.4321608040201005,0.9579056831498891,0.05231915881737518,0.5792064666748047,0.0008384998072870076,0.5783679668675177,0.9,0.9125,0.90625,0.8087774294670846,0.8575899843505478,639,639,320,319
bowphs/LaTa,hidden,sif,9,sif_abtt_optimal,2,0.001,0.5979899497487438,0.9702616956974359,0.053730925927094636,0.6258332133293152,0.0019301986321806908,0.6239030146971345,0.88125,0.909375,0.8125,0.890282131661442,0.8513302034428795,639,639,320,319
bowphs/LaTa,hidden,sif,10,sif_only,10,0.001,0.9396984924623115,0.8578009631926505,0.04088144372778826,0.8889591097831726,0.7832854986190796,0.10567361116409302,0.61875,0.678125,0.45,0.8620689655172413,0.6557120500782473,639,639,320,319
bowphs/LaTa,hidden,sif,10,sif_abtt_fixed,10,0.001,0.4321608040201005,0.9568799642540304,0.052201962740127845,0.5765727162361145,0.0008067324524745345,0.57576598378364,0.903125,0.9125,0.90625,0.8119122257053292,0.8591549295774648,639,639,320,319
bowphs/LaTa,hidden,sif,10,sif_abtt_optimal,3,0.001,0.5376884422110553,0.9634211952733309,0.05294934744652871,0.6124746203422546,0.0014034488704055548,0.6110711714718491,0.878125,0.9125,0.8625,0.8683385579937304,0.865414710485133,639,639,320,319
bowphs/LaTa,hidden,sif,11,sif_only,10,0.001,0.9396984924623115,0.8682624951060116,0.04207675221551424,0.8880974054336548,0.7761762142181396,0.11192119121551514,0.6375,0.696875,0.44375,0.9028213166144201,0.672926447574335,639,639,320,319
bowphs/LaTa,hidden,sif,11,sif_abtt_fixed,10,0.001,0.4271356783919598,0.9556755088741298,0.052064344678967325,0.5762006044387817,0.0007246492896229029,0.5754759551491588,0.90625,0.9125,0.90625,0.8025078369905956,0.8544600938967136,639,639,320,319
bowphs/LaTa,hidden,sif,11,sif_abtt_optimal,3,0.001,0.5326633165829145,0.9658714745862802,0.05322931023633127,0.6133129596710205,0.001126146991737187,0.6121868126792833,0.890625,0.9125,0.875,0.8589341692789969,0.86697965571205,639,639,320,319
bowphs/LaTa,hidden,sif,12,sif_only,10,0.001,0.8492462311557789,0.9284040755502161,0.04894837887261696,0.8161445260047913,0.5304232239723206,0.2857213020324707,0.86875,0.896875,0.684375,0.9373040752351097,0.810641627543036,639,639,320,319
bowphs/LaTa,hidden,sif,12,sif_abtt_fixed,10,0.001,0.40703517587939697,0.9649437128847205,0.05312330650325865,0.5642801523208618,0.0006278966320678592,0.563652255688794,0.90625,0.915625,0.925,0.780564263322884,0.8528951486697965,639,639,320,319
bowphs/LaTa,hidden,sif,12,sif_abtt_optimal,3,0.001,0.5025125628140703,0.9606427881183675,0.05263189358965533,0.592529833316803,0.001018668175674975,0.591511165141128,0.9,0.9125,0.9,0.8714733542319749,0.8857589984350548,639,639,320,319
bowphs/LaTa,ff1,mean,1,baseline,10,0.001,0.9396984924623115,0.8159575786946023,0.03610052320288705,0.8176816701889038,0.633419930934906,0.1842617392539978,0.5375,0.584375,0.275,0.8714733542319749,0.5727699530516432,639,639,320,319
bowphs/LaTa,ff1,mean,1,whitening,10,0.001,0.0,0.5817958721617025,0.00934581599706049,0.1799023300409317,0.0012524031335487962,0.1786499269073829,0.221875,0.25,1.0,0.0,0.5007824726134585,639,639,320,319
bowphs/LaTa,ff1,mean,2,baseline,10,0.001,0.9899497487437187,0.537903848332885,0.004330798969518784,0.9049458503723145,0.8722337484359741,0.03271210193634033,0.125,0.1625,0.43125,0.6269592476489029,0.5289514866979655,639,639,320,319
bowphs/LaTa,ff1,mean,2,whitening,10,0.001,0.0,0.5608338400428038,0.0069507225777628865,0.07608263939619064,-0.0016326522454619408,0.07771529164165258,0.215625,0.2375,1.0,0.0,0.5007824726134585,639,639,320,319
bowphs/LaTa,ff1,mean,3,baseline,10,0.001,0.005025125628140704,0.4636870158800823,-0.004149030801055777,0.9603663086891174,0.9333321452140808,0.02703416347503662,0.065625,0.084375,1.0,0.0,0.5007824726134585,639,639,320,319
bowphs/LaTa,ff1,mean,3,whitening,10,0.001,0.005025125628140704,0.5343242738856605,0.003921805743489693,0.025932472199201584,0.004277036990970373,0.02165543520823121,0.225,0.24375,1.0,0.0,0.5007824726134585,639,639,320,319
bowphs/LaTa,ff1,mean,4,baseline,10,0.001,0.5879396984924623,0.48062128841672985,-0.002214163148247252,0.8245298862457275,0.8221348524093628,0.002395033836364746,0.05625,0.075,1.0,0.009404388714733543,0.5054773082942097,639,639,320,319
bowphs/LaTa,ff1,mean,4,whitening,10,0.001,0.0,0.5598159413520456,0.006834419968444867,0.11058615893125534,0.004685336723923683,0.10590082220733166,0.25625,0.284375,1.0,0.0,0.5007824726134585,639,639,320,319
bowphs/LaTa,ff1,mean,5,baseline,10,0.001,0.9949748743718593,0.50607497202977,0.0006941111196774812,0.920989990234375,0.8920512199401855,0.028938770294189453,0.078125,0.1,0.540625,0.3793103448275862,0.460093896713615,639,639,320,319
bowphs/LaTa,ff1,mean,5,whitening,10,0.001,0.0,0.5448562650726987,0.005125164798359342,0.04566262289881706,0.010139231570065022,0.03552339132875204,0.240625,0.265625,1.0,0.0,0.5007824726134585,639,639,320,319
bowphs/LaTa,ff1,mean,6,baseline,10,0.001,0.9899497487437187,0.49443652690157197,-0.000635668530279599,0.9403865337371826,0.9155054688453674,0.024881064891815186,0.078125,0.09375,0.865625,0.12852664576802508,0.49765258215962443,639,639,320,319
bowphs/LaTa,ff1,mean,6,whitening,10,0.001,0.0,0.5721581938781709,0.008244614935878893,0.15123368799686432,-0.0016939077759161592,0.15292759577278048,0.221875,0.25625,1.0,0.0,0.5007824726134585,639,639,320,319
bowphs/LaTa,ff1,mean,7,baseline,10,0.001,0.9949748743718593,0.5139313690836388,0.001591763409954457,0.9791735410690308,0.9477754235267639,0.031398117542266846,0.140625,0.18125,0.8125,0.14106583072100312,0.47730829420970267,639,639,320,319
bowphs/LaTa,ff1,mean,7,whitening,10,0.001,0.0,0.5869429829399184,0.009933889800456668,0.16239158809185028,2.0803578081540763e-05,0.16237078451376874,0.25,0.275,1.0,0.0,0.5007824726134585,639,639,320,319
bowphs/LaTa,ff1,mean,8,baseline,10,0.001,0.9949748743718593,0.5095062169856271,0.0010861565919041743,0.35782313346862793,0.3732307255268097,-0.015407592058181763,0.128125,0.165625,0.0875,0.9937304075235109,0.539906103286385,639,639,320,319
bowphs/LaTa,ff1,mean,8,whitening,10,0.001,0.0,0.551103591325771,0.005838972173922633,0.07830948382616043,0.0022525617387145758,0.07605692208744586,0.225,0.25625,1.0,0.0,0.5007824726134585,639,639,320,319
bowphs/LaTa,ff1,mean,9,baseline,10,0.001,0.9899497487437187,0.552852098485119,0.006038748668627749,0.8538122177124023,0.8027541637420654,0.051058053970336914,0.175,0.2125,0.121875,0.7836990595611285,0.4522691705790297,639,639,320,319
bowphs/LaTa,ff1,mean,9,whitening,10,0.001,0.0,0.5336050472997418,0.00383962877997021,0.03708678483963013,-0.0004173309134785086,0.037504115753108636,0.209375,0.23125,1.0,0.0,0.5007824726134585,639,639,320,319
bowphs/LaTa,ff1,mean,10,baseline,10,0.001,0.9949748743718593,0.5951192451862821,0.010868087203637957,0.9512319564819336,0.9134619832038879,0.037769973278045654,0.2875,0.315625,0.20625,0.7304075235109718,0.4679186228482003,639,639,320,319
bowphs/LaTa,ff1,mean,10,whitening,10,0.001,0.0,0.5355327886931027,0.004059888888305393,0.03611453250050545,0.0003162074717693031,0.035798325028736144,0.215625,0.2375,1.0,0.0,0.5007824726134585,639,639,320,319
bowphs/LaTa,ff1,mean,11,baseline,10,0.001,0.9748743718592965,0.683109383454145,0.020921620469963167,0.8695256114006042,0.7871360182762146,0.08238959312438965,0.428125,0.48125,0.153125,0.8683385579937304,0.5101721439749609,639,639,320,319
bowphs/LaTa,ff1,mean,11,whitening,10,0.001,0.0,0.5613530153848101,0.007010042376740867,0.09990323334932327,-0.0013906593667343259,0.1012938927160576,0.240625,0.25,1.0,0.0,0.5007824726134585,639,639,320,319
bowphs/LaTa,ff1,mean,12,baseline,10,0.001,0.9899497487437187,0.6241541292297852,0.014185540481478609,0.9218869805335999,0.8745312690734863,0.047355711460113525,0.30625,0.38125,0.153125,0.7962382445141066,0.47417840375586856,639,639,320,319
bowphs/LaTa,ff1,mean,12,whitening,10,0.001,0.0,0.5768430055444037,0.008779897749229892,0.17758780717849731,-0.0013808354269713163,0.17896864260546863,0.21875,0.246875,1.0,0.0,0.5007824726134585,639,639,320,319
bowphs/LaTa,ff1,sif,1,sif_only,10,0.001,0.6934673366834171,0.939444203091014,0.05020979625049785,0.6854668855667114,0.24196241796016693,0.4435044676065445,0.89375,0.909375,0.75625,0.9811912225705329,0.8685446009389671,639,639,320,319
bowphs/LaTa,ff1,sif,1,sif_abtt_fixed,10,0.001,0.37185929648241206,0.9743329143827132,0.05419609319802675,0.5449337363243103,0.0010123795364052057,0.5439213567879051,0.9,0.93125,0.875,0.8683385579937304,0.8716744913928013,639,639,320,319
bowphs/LaTa,ff1,sif,1,sif_abtt_optimal,2,0.001,0.4321608040201005,0.9617803016577198,0.052761863043436254,0.569175124168396,0.0015639165649190545,0.5676112076034769,0.9,0.925,0.86875,0.8808777429467085,0.8748043818466353,639,639,320,319
bowphs/LaTa,ff1,sif,2,sif_only,10,0.001,0.7185929648241206,0.9254162483907743,0.04860699720944237,0.6493467688560486,0.2522389590740204,0.3971078097820282,0.80625,0.85,0.646875,0.9623824451410659,0.8043818466353677,639,639,320,319
bowphs/LaTa,ff1,sif,2,sif_abtt_fixed,10,0.001,0.3768844221105528,0.964286151989657,0.05304817523896811,0.4994140565395355,0.001085198950022459,0.49832885758951306,0.88125,0.91875,0.85,0.8746081504702194,0.8622848200312989,639,639,320,319
bowphs/LaTa,ff1,sif,2,sif_abtt_optimal,7,0.001,0.3869346733668342,0.9656233517562766,0.05320096034195943,0.5070466995239258,0.0010653618955984712,0.5059813376283273,0.884375,0.9125,0.85625,0.8526645768025078,0.8544600938967136,639,639,320,319
bowphs/LaTa,ff1,sif,3,sif_only,10,0.001,0.7939698492462312,0.9165978112540073,0.04759942462396631,0.7004380822181702,0.40089380741119385,0.2995442748069763,0.76875,0.809375,0.4625,0.9090909090909091,0.6854460093896714,639,639,320,319
bowphs/LaTa,ff1,sif,3,sif_abtt_fixed,10,0.001,0.3165829145728643,0.968485922900786,0.05352803056590908,0.5003349184989929,0.0008720465702936053,0.4994628719286993,0.903125,0.925,0.89375,0.7836990595611285,0.838810641627543,639,639,320,319
bowphs/LaTa,ff1,sif,3,sif_abtt_optimal,3,0.001,0.4020100502512563,0.9665930571887286,0.05331175646088332,0.5298008322715759,0.0010692502837628126,0.5287315819878131,0.896875,0.91875,0.86875,0.8369905956112853,0.8528951486697965,639,639,320,319
bowphs/LaTa,ff1,sif,4,sif_only,10,0.001,0.7688442211055276,0.929945961166034,0.04912455086909331,0.689502477645874,0.3353178799152374,0.3541845977306366,0.80625,0.8625,0.5125,0.9655172413793104,0.7386541471048513,639,639,320,319
bowphs/LaTa,ff1,sif,4,sif_abtt_fixed,10,0.001,0.3316582914572864,0.9624600068959388,0.05283952446502551,0.513095498085022,0.0007668975158594549,0.5123286005691625,0.915625,0.93125,0.9,0.7962382445141066,0.8482003129890454,639,639,320,319
bowphs/LaTa,ff1,sif,4,sif_abtt_optimal,3,0.001,0.4221105527638191,0.9570519645217979,0.05222161506080635,0.5380944013595581,0.0008329776464961469,0.537261423713062,0.90625,0.91875,0.884375,0.8714733542319749,0.8779342723004695,639,639,320,319
bowphs/LaTa,ff1,sif,5,sif_only,10,0.001,0.7437185929648241,0.9148413622173438,0.04739873714729479,0.6995782256126404,0.3191894292831421,0.3803887963294983,0.884375,0.90625,0.675,0.9561128526645768,0.8153364632237872,639,639,320,319
bowphs/LaTa,ff1,sif,5,sif_abtt_fixed,10,0.001,0.35175879396984927,0.9603098376321897,0.052593851499316946,0.5226036906242371,0.0005994610255584121,0.5220042295986786,0.9125,0.928125,0.8875,0.8307210031347962,0.8591549295774648,639,639,320,319
bowphs/LaTa,ff1,sif,5,sif_abtt_optimal,10,0.001,0.35175879396984927,0.9603098376321897,0.052593851499316946,0.5226036906242371,0.0005994610255584121,0.5220042295986786,0.9125,0.928125,0.8875,0.8307210031347962,0.8591549295774648,639,639,320,319
bowphs/LaTa,ff1,sif,6,sif_only,10,0.001,0.7537688442211056,0.9137240905101469,0.047271080474663045,0.7123050093650818,0.3563571572303772,0.3559478521347046,0.884375,0.9,0.6875,0.9592476489028213,0.8231611893583725,639,639,320,319
bowphs/LaTa,ff1,sif,6,sif_abtt_fixed,10,0.001,0.3316582914572864,0.9663426778921896,0.05328314874828708,0.5189871788024902,0.0011407777201384306,0.5178464010823518,0.896875,0.91875,0.934375,0.8087774294670846,0.8716744913928013,639,639,320,319
bowphs/LaTa,ff1,sif,6,sif_abtt_optimal,10,0.001,0.3316582914572864,0.9663426778921896,0.05328314874828708,0.5189871788024902,0.0011407777201384306,0.5178464010823518,0.896875,0.91875,0.934375,0.8087774294670846,0.8716744913928013,639,639,320,319
bowphs/LaTa,ff1,sif,7,sif_only,10,0.001,0.7437185929648241,0.9075812806898805,0.04656921837861042,0.6950724720954895,0.3690032362937927,0.3260692358016968,0.821875,0.86875,0.65625,0.9278996865203761,0.7918622848200313,639,639,320,319
bowphs/LaTa,ff1,sif,7,sif_abtt_fixed,10,0.001,0.32663316582914576,0.9613812389142786,0.05271626713183136,0.5137622356414795,0.000647296488750726,0.5131149391527288,0.909375,0.915625,0.934375,0.7899686520376176,0.8622848200312989,639,639,320,319
bowphs/LaTa,ff1,sif,7,sif_abtt_optimal,10,0.001,0.32663316582914576,0.9613812389142786,0.05271626713183136,0.5137622356414795,0.000647296488750726,0.5131149391527288,0.909375,0.915625,0.934375,0.7899686520376176,0.8622848200312989,639,639,320,319
bowphs/LaTa,ff1,sif,8,sif_only,10,0.001,0.7286432160804021,0.9159334145926753,0.047523512322105776,0.6515436768531799,0.3068229854106903,0.3447206914424896,0.790625,0.8625,0.528125,0.987460815047022,0.7574334898278561,639,639,320,319
bowphs/LaTa,ff1,sif,8,sif_abtt_fixed,10,0.001,0.3065326633165829,0.9617569074090813,0.0527591900750612,0.49521175026893616,0.0009254782926291227,0.49428627197630703,0.884375,0.9125,0.915625,0.7711598746081505,0.8435054773082942,639,639,320,319
bowphs/LaTa,ff1,sif,8,sif_abtt_optimal,3,0.001,0.4271356783919598,0.9576782224742386,0.05229316972911481,0.5222041010856628,0.0011511704651638865,0.521052930620499,0.8875,0.90625,0.875,0.9028213166144201,0.8888888888888888,639,639,320,319
bowphs/LaTa,ff1,sif,9,sif_only,10,0.001,0.7386934673366834,0.9325770564517931,0.04942517324000198,0.7009379863739014,0.32459527254104614,0.3763427138328552,0.846875,0.89375,0.66875,0.9373040752351097,0.8028169014084507,639,639,320,319
bowphs/LaTa,ff1,sif,9,sif_abtt_fixed,10,0.001,0.31155778894472363,0.9626485324627443,0.05286106492506768,0.5112238526344299,0.000414506794186309,0.5108093458402436,0.896875,0.91875,0.925,0.7711598746081505,0.8482003129890454,639,639,320,319
bowphs/LaTa,ff1,sif,9,sif_abtt_optimal,5,0.001,0.3919597989949749,0.96405712063632,0.05302200668900185,0.5174157023429871,0.0008539519621990621,0.516561750380788,0.875,0.915625,0.88125,0.8589341692789969,0.8701095461658842,639,639,320,319
bowphs/LaTa,ff1,sif,10,sif_only,10,0.001,0.7939698492462312,0.9091033337346305,0.04674312435511537,0.7212406396865845,0.38764193654060364,0.33359870314598083,0.8625,0.88125,0.559375,0.9655172413793104,0.7621283255086072,639,639,320,319
bowphs/LaTa,ff1,sif,10,sif_abtt_fixed,10,0.001,0.3316582914572864,0.9636431032715269,0.052974702099740145,0.4986090064048767,0.0006374100921675563,0.49797159631270915,0.9,0.909375,0.909375,0.8150470219435737,0.8622848200312989,639,639,320,319
bowphs/LaTa,ff1,sif,10,sif_abtt_optimal,7,0.001,0.35678391959798994,0.965733608905415,0.053213558048231135,0.5035715699195862,0.0006919369334354997,0.5028796329861507,0.896875,0.909375,0.89375,0.8244514106583072,0.8591549295774648,639,639,320,319
bowphs/LaTa,ff1,sif,11,sif_only,10,0.001,0.7537688442211056,0.9153921391519553,0.04746166754317415,0.6978684067726135,0.35104700922966003,0.3468213975429535,0.8625,0.896875,0.646875,0.9404388714733543,0.7934272300469484,639,639,320,319
bowphs/LaTa,ff1,sif,11,sif_abtt_fixed,10,0.001,0.32663316582914576,0.9688387944469157,0.053568348786764794,0.4927689731121063,0.000784329604357481,0.49198464350774884,0.890625,0.909375,0.915625,0.786833855799373,0.8513302034428795,639,639,320,319
bowphs/LaTa,ff1,sif,11,sif_abtt_optimal,10,0.001,0.32663316582914576,0.9688387944469157,0.053568348786764794,0.4927689731121063,0.000784329604357481,0.49198464350774884,0.890625,0.909375,0.915625,0.786833855799373,0.8513302034428795,639,639,320,319
bowphs/LaTa,ff1,sif,12,sif_only,10,0.001,0.8492462311557789,0.9073122966055355,0.04653848492946946,0.759367823600769,0.5035070180892944,0.2558608055114746,0.784375,0.828125,0.409375,0.9247648902821317,0.6666666666666666,639,639,320,319
bowphs/LaTa,ff1,sif,12,sif_abtt_fixed,10,0.001,0.32160804020100503,0.9656079768127268,0.05319920363933925,0.4774722456932068,0.0006619657506234944,0.4768102799425833,0.890625,0.9125,0.9,0.7836990595611285,0.8419405320813772,639,639,320,319
bowphs/LaTa,ff1,sif,12,sif_abtt_optimal,7,0.001,0.32663316582914576,0.9670659639056498,0.05336578960032542,0.4863106608390808,0.0007938248454593122,0.4855168359936215,0.890625,0.90625,0.90625,0.7272727272727273,0.8169014084507042,639,639,320,319
bowphs/PhilTa,hidden,mean,0,baseline,10,0.001,0.8040201005025126,0.9524285420186589,0.05169335436192014,0.7885270118713379,0.45259734988212585,0.33592966198921204,0.88125,0.909375,0.74375,0.9592476489028213,0.8513302034428795,639,639,320,319
bowphs/PhilTa,hidden,mean,0,whitening,10,0.001,0.0,0.5709428433044599,0.008105808623607927,0.18017907440662384,0.0106178168207407,0.16956125758588314,0.09375,0.11875,1.0,0.0,0.5007824726134585,639,639,320,319
bowphs/PhilTa,hidden,mean,1,baseline,10,0.001,0.9949748743718593,0.7816515888245441,0.03218080654861075,0.9576357007026672,0.9122492074966431,0.04538649320602417,0.609375,0.659375,0.228125,0.9498432601880877,0.5884194053208138,639,639,320,319
bowphs/PhilTa,hidden,mean,1,whitening,10,0.001,0.0,0.5129156936760845,0.0014757148865919294,-0.0667572021484375,-0.0011798962950706482,-0.06557730585336685,0.140625,0.15625,1.0,0.0,0.5007824726134585,639,639,320,319
bowphs/PhilTa,hidden,mean,2,baseline,10,0.001,0.9949748743718593,0.7561523666197101,0.02926732915553617,0.968825101852417,0.9490366578102112,0.01978844404220581,0.509375,0.584375,0.775,0.3510971786833856,0.5633802816901409,639,639,320,319
bowphs/PhilTa,hidden,mean,2,whitening,10,0.001,0.0,0.5457321612272772,0.0052252424377787045,0.06389294564723969,-0.0013595490017905831,0.06525249464903027,0.1375,0.159375,1.0,0.0,0.5007824726134585,639,639,320,319
bowphs/PhilTa,hidden,mean,3,baseline,10,0.001,0.9949748743718593,0.5679295202853908,0.00776145719749179,0.9584610462188721,0.9373542070388794,0.021106839179992676,0.11875,0.14375,0.878125,0.12852664576802508,0.5039123630672926,639,639,320,319
bowphs/PhilTa,hidden,mean,3,whitening,10,0.001,0.005025125628140704,0.5469221044302446,0.0053612023702342484,0.07060004025697708,-0.000997306196950376,0.07159734645392746,0.13125,0.165625,1.0,0.0,0.5007824726134585,639,639,320,319
bowphs/PhilTa,hidden,mean,4,baseline,10,0.001,0.9849246231155779,0.4778421733506966,-0.002531697889431349,0.9526768326759338,0.9468343257904053,0.0058425068855285645,0.059375,0.075,0.9875,0.006269592476489028,0.49765258215962443,639,639,320,319
bowphs/PhilTa,hidden,mean,4,whitening,10,0.001,0.0,0.5647973566954605,0.007403584014548385,0.1569245308637619,-0.0010795610724017024,0.1580040919361636,0.128125,0.153125,1.0,0.0,0.5007824726134585,639,639,320,319
bowphs/PhilTa,hidden,mean,5,baseline,10,0.001,0.9849246231155779,0.46826786416903254,-0.0036256345255951355,0.9530738592147827,0.9464177489280701,0.0066561102867126465,0.05625,0.075,0.9875,0.006269592476489028,0.49765258215962443,639,639,320,319
bowphs/PhilTa,hidden,mean,5,whitening,10,0.001,0.0,0.5504087434273222,0.005759577026966097,0.11166314780712128,6.163292709970847e-05,0.11160151488002157,0.14375,0.171875,1.0,0.0,0.5007824726134585,639,639,320,319
bowphs/PhilTa,hidden,mean,6,baseline,10,0.001,0.9849246231155779,0.4641328892430214,-0.004098086425277519,0.9501833319664001,0.943972647190094,0.006210684776306152,0.053125,0.06875,0.9875,0.003134796238244514,0.49608763693270735,639,639,320,319
bowphs/PhilTa,hidden,mean,6,whitening,10,0.001,0.0,0.5246897037741703,0.0028209838411376647,0.05760164186358452,0.0037038445007056,0.05389779736287892,0.11875,0.15,1.0,0.0,0.5007824726134585,639,639,320,319
bowphs/PhilTa,hidden,mean,7,baseline,10,0.001,0.9547738693467337,0.46635253334161597,-0.0038444754385440097,0.9502640962600708,0.9438492655754089,0.006414830684661865,0.0625,0.078125,0.990625,0.0,0.49608763693270735,639,639,320,319
bowphs/PhilTa,hidden,mean,7,whitening,10,0.001,0.0,0.5524962404391633,0.0059980892177989055,0.08819898962974548,0.006782105658203363,0.08141688397154212,0.165625,0.1875,1.0,0.0,0.5007824726134585,639,639,320,319
bowphs/PhilTa,hidden,mean,8,baseline,10,0.001,0.9547738693467337,0.4688584832235474,-0.0035581518686246386,0.950832724571228,0.9442078471183777,0.006624877452850342,0.065625,0.084375,0.990625,0.0,0.49608763693270735,639,639,320,319
bowphs/PhilTa,hidden,mean,8,whitening,10,0.001,0.0,0.5726994029522281,0.00830645206870591,0.14412929117679596,-0.001636197790503502,0.14576548896729946,0.140625,0.178125,1.0,0.0,0.5007824726134585,639,639,320,319
bowphs/PhilTa,hidden,mean,9,baseline,10,0.001,0.9547738693467337,0.4665881018112391,-0.0038175599739393284,0.9457254409790039,0.9403271079063416,0.0053983330726623535,0.059375,0.075,0.990625,0.0,0.49608763693270735,639,639,320,319
bowphs/PhilTa,hidden,mean,9,whitening,10,0.001,0.0,0.5428699219160817,0.0048982101245971165,0.07098089158535004,-0.00023470383894164115,0.07121559542429168,0.140625,0.153125,1.0,0.0,0.5007824726134585,639,639,320,319
bowphs/PhilTa,hidden,mean,10,baseline,10,0.001,0.9346733668341709,0.46834818995324645,-0.0036164567021504503,0.9439889788627625,0.9390391111373901,0.0049498677253723145,0.065625,0.071875,0.990625,0.0,0.49608763693270735,639,639,320,319
bowphs/PhilTa,hidden,mean,10,whitening,10,0.001,0.0,0.5717567419348688,0.008198745977174111,0.16053232550621033,0.0015176080632954836,0.15901471744291484,0.13125,0.153125,1.0,0.0,0.5007824726134585,639,639,320,319
bowphs/PhilTa,hidden,mean,11,baseline,10,0.001,0.9346733668341709,0.472152681020714,-0.003181765062109973,0.9453453421592712,0.9398924112319946,0.005452930927276611,0.065625,0.078125,0.990625,0.0,0.49608763693270735,639,639,320,319
bowphs/PhilTa,hidden,mean,11,whitening,10,0.001,0.0,0.5548038977937465,0.006261756379195767,0.12188304215669632,-0.00048135584802366793,0.12236439800471999,0.121875,0.140625,1.0,0.0,0.5007824726134585,639,639,320,319
bowphs/PhilTa,hidden,mean,12,baseline,10,0.001,0.8944723618090452,0.9132151356342124,0.04721292856270817,0.826721727848053,0.6318808197975159,0.1948409080505371,0.6875,0.746875,0.409375,0.9028213166144201,0.6557120500782473,639,639,320,319
bowphs/PhilTa,hidden,mean,12,whitening,10,0.001,0.0,0.558430338166021,0.006676104422498798,0.15629374980926514,0.009410655125975609,0.14688309468328953,0.1375,0.165625,1.0,0.0,0.5007824726134585,639,639,320,319
bowphs/PhilTa,hidden,sif,0,sif_only,10,0.001,0.7185929648241206,0.9455051828160429,0.050902308644416715,0.724868893623352,0.3161689043045044,0.40869998931884766,0.8875,0.9125,0.746875,0.9592476489028213,0.8528951486697965,639,639,320,319
bowphs/PhilTa,hidden,sif,0,sif_abtt_fixed,10,0.001,0.3316582914572864,0.9687891079386961,0.05356267173052783,0.5452866554260254,0.0006894078105688095,0.5445972476154566,0.896875,0.91875,0.9125,0.7774294670846394,0.8450704225352113,639,639,320,319
bowphs/PhilTa,hidden,sif,0,sif_abtt_optimal,1,0.001,0.4221105527638191,0.9693278061406772,0.05362422204060522,0.581870436668396,0.0006869346834719181,0.5811835019849241,0.896875,0.921875,0.903125,0.8746081504702194,0.8888888888888888,639,639,320,319
bowphs/PhilTa,hidden,sif,1,sif_only,10,0.001,0.8241206030150754,0.9459279495192157,0.050950612911220175,0.7995691895484924,0.4644100069999695,0.33515918254852295,0.884375,0.896875,0.696875,0.9561128526645768,0.8262910798122066,639,639,320,319
bowphs/PhilTa,hidden,sif,1,sif_abtt_fixed,10,0.001,0.37185929648241206,0.9659944077680145,0.053243356274402784,0.5619698166847229,0.0008210354135371745,0.5611487812711857,0.89375,0.91875,0.90625,0.8181818181818182,0.8622848200312989,639,639,320,319
bowphs/PhilTa,hidden,sif,1,sif_abtt_optimal,1,0.001,0.5125628140703518,0.9726400114256847,0.05400266633758275,0.5982799530029297,0.0013496596366167068,0.596930293366313,0.8875,0.91875,0.83125,0.890282131661442,0.8607198748043818,639,639,320,319
bowphs/PhilTa,hidden,sif,2,sif_only,10,0.001,0.8844221105527639,0.9405288002778905,0.050333719614148,0.8484929800033569,0.5910341143608093,0.2574588656425476,0.86875,0.896875,0.596875,0.9498432601880877,0.7730829420970265,639,639,320,319
bowphs/PhilTa,hidden,sif,2,sif_abtt_fixed,10,0.001,0.3919597989949749,0.966330975237315,0.05328181163219199,0.5602781772613525,0.0007785752532072365,0.5594996020081453,0.896875,0.925,0.89375,0.8338557993730408,0.863849765258216,639,639,320,319
bowphs/PhilTa,hidden,sif,2,sif_abtt_optimal,1,0.001,0.5326633165829145,0.972861123023927,0.05402792999612784,0.599303126335144,0.0013794006081297994,0.5979237257270142,0.88125,0.9125,0.825,0.9247648902821317,0.8748043818466353,639,639,320,319
bowphs/PhilTa,hidden,sif,3,sif_only,10,0.001,0.9095477386934674,0.9341229793729314,0.04960180652896244,0.8645036220550537,0.6503133773803711,0.21419024467468262,0.825,0.865625,0.528125,0.9592476489028213,0.7433489827856025,639,639,320,319
bowphs/PhilTa,hidden,sif,3,sif_abtt_fixed,10,0.001,0.38190954773869346,0.966560338423966,0.053308018096603384,0.5600295066833496,0.0007865363731980324,0.5592429703101516,0.89375,0.925,0.896875,0.799373040752351,0.8482003129890454,639,639,320,319
bowphs/PhilTa,hidden,sif,3,sif_abtt_optimal,1,0.001,0.5376884422110553,0.9727508326914571,0.05401532849841175,0.5982697606086731,0.0012668229173868895,0.5970029376912862,0.89375,0.90625,0.834375,0.9059561128526645,0.8701095461658842,639,639,320,319
bowphs/PhilTa,hidden,sif,4,sif_only,10,0.001,0.9095477386934674,0.9081797420717168,0.046637597080278224,0.8480480909347534,0.6546317934989929,0.1934162974357605,0.7,0.771875,0.45625,0.9153605015673981,0.6854460093896714,639,639,320,319
bowphs/PhilTa,hidden,sif,4,sif_abtt_fixed,10,0.001,0.3869346733668342,0.9675811683089982,0.053424655567693914,0.5603944063186646,0.0008519005496054888,0.5595425057690591,0.9125,0.91875,0.90625,0.7962382445141066,0.8513302034428795,639,639,320,319
bowphs/PhilTa,hidden,sif,4,sif_abtt_optimal,2,0.001,0.5376884422110553,0.9705509879805991,0.053763979740280625,0.5942197442054749,0.0017948526656255126,0.5924248915398493,0.878125,0.9125,0.815625,0.8683385579937304,0.8419405320813772,639,639,320,319
bowphs/PhilTa,hidden,sif,5,sif_only,10,0.001,0.9095477386934674,0.8957867522318776,0.045221605037562375,0.8487377762794495,0.665789008140564,0.1829487681388855,0.684375,0.75625,0.4625,0.8526645768025078,0.6572769953051644,639,639,320,319
bowphs/PhilTa,hidden,sif,5,sif_abtt_fixed,10,0.001,0.4020100502512563,0.9682851416235826,0.05350508979903029,0.5614858865737915,0.0008955204975791276,0.5605903660762124,0.9125,0.921875,0.896875,0.8275862068965517,0.8622848200312989,639,639,320,319
bowphs/PhilTa,hidden,sif,5,sif_abtt_optimal,2,0.001,0.5376884422110553,0.9730294952474611,0.054047167785540765,0.6141608953475952,0.0013811730314046144,0.6127797223161906,0.89375,0.915625,0.86875,0.8589341692789969,0.863849765258216,639,639,320,319
bowphs/PhilTa,hidden,sif,6,sif_only,10,0.001,0.914572864321608,0.8806994307377375,0.043497765394533996,0.8475182056427002,0.6727908253669739,0.17472738027572632,0.653125,0.7125,0.440625,0.8432601880877743,0.6416275430359938,639,639,320,319
bowphs/PhilTa,hidden,sif,6,sif_abtt_fixed,10,0.001,0.40703517587939697,0.96876813607325,0.05356027553760036,0.5641548037528992,0.0010118058416992426,0.5631429979111999,0.909375,0.915625,0.896875,0.8119122257053292,0.8544600938967136,639,639,320,319
bowphs/PhilTa,hidden,sif,6,sif_abtt_optimal,2,0.001,0.5628140703517588,0.9762543177597766,0.054415627945325146,0.6177592873573303,0.001155260019004345,0.616604027338326,0.89375,0.915625,0.84375,0.8840125391849529,0.863849765258216,639,639,320,319
bowphs/PhilTa,hidden,sif,7,sif_only,10,0.001,0.914572864321608,0.8897495760165747,0.04453181237317872,0.8549176454544067,0.6796391010284424,0.17527854442596436,0.659375,0.71875,0.484375,0.8432601880877743,0.6635367762128326,639,639,320,319
bowphs/PhilTa,hidden,sif,7,sif_abtt_fixed,10,0.001,0.3969849246231156,0.970456150019452,0.053753143791888086,0.5705810189247131,0.0007943304372020066,0.5697866884875111,0.90625,0.915625,0.90625,0.7648902821316614,0.8356807511737089,639,639,320,319
bowphs/PhilTa,hidden,sif,7,sif_abtt_optimal,2,0.001,0.5628140703517588,0.976756270952785,0.05447297986252254,0.6210456490516663,0.0011457288637757301,0.6198999201878905,0.89375,0.921875,0.85625,0.877742946708464,0.86697965571205,639,639,320,319
bowphs/PhilTa,hidden,sif,8,sif_only,10,0.001,0.914572864321608,0.8949623676687458,0.04512741291794104,0.8617755174636841,0.6891043186187744,0.17267119884490967,0.675,0.734375,0.5125,0.8275862068965517,0.6697965571205008,639,639,320,319
bowphs/PhilTa,hidden,sif,8,sif_abtt_fixed,10,0.001,0.4221105527638191,0.9723723325523748,0.053972082018584874,0.5671717524528503,0.0006746423896402121,0.5664971100632101,0.909375,0.915625,0.9,0.8275862068965517,0.863849765258216,639,639,320,319
bowphs/PhilTa,hidden,sif,8,sif_abtt_optimal,2,0.001,0.5326633165829145,0.9779618324437325,0.054610724305165996,0.6201002597808838,0.0010222912533208728,0.6190779685275629,0.890625,0.915625,0.89375,0.8213166144200627,0.8575899843505478,639,639,320,319
bowphs/PhilTa,hidden,sif,9,sif_only,10,0.001,0.9246231155778895,0.8827204283534487,0.0437286795306114,0.8634779453277588,0.7018468976020813,0.1616310477256775,0.634375,0.725,0.46875,0.877742946708464,0.672926447574335,639,639,320,319
bowphs/PhilTa,hidden,sif,9,sif_abtt_fixed,10,0.001,0.37185929648241206,0.9671722390550201,0.05337793233325647,0.5609903931617737,0.0005178655264899135,0.5604725276352838,0.90625,0.9125,0.928125,0.6833855799373041,0.8059467918622848,639,639,320,319
bowphs/PhilTa,hidden,sif,9,sif_abtt_optimal,3,0.001,0.507537688442211,0.9798085622640306,0.05482172703851571,0.6007792353630066,0.00045579663128592074,0.6003234387317207,0.8875,0.9125,0.8875,0.8369905956112853,0.8622848200312989,639,639,320,319
bowphs/PhilTa,hidden,sif,10,sif_only,10,0.001,0.9346733668341709,0.8777460036318492,0.04316031419554339,0.8721144199371338,0.7227787971496582,0.14933562278747559,0.621875,0.69375,0.425,0.896551724137931,0.6604068857589984,639,639,320,319
bowphs/PhilTa,hidden,sif,10,sif_abtt_fixed,10,0.001,0.4271356783919598,0.9683843376622538,0.053516423690467586,0.5556464195251465,0.00045246159425005317,0.5551939579308964,0.9,0.909375,0.89375,0.8652037617554859,0.8794992175273866,639,639,320,319
bowphs/PhilTa,hidden,sif,10,sif_abtt_optimal,3,0.001,0.5025125628140703,0.9764715247860238,0.0544404454772338,0.5902839303016663,0.0004710337088909,0.5898128965927754,0.878125,0.90625,0.875,0.8432601880877743,0.8591549295774648,639,639,320,319
bowphs/PhilTa,hidden,sif,11,sif_only,10,0.001,0.9296482412060302,0.8813588277771385,0.0435731064520951,0.8686380386352539,0.718866229057312,0.1497718095779419,0.6,0.675,0.446875,0.8714733542319749,0.6588419405320813,639,639,320,319
bowphs/PhilTa,hidden,sif,11,sif_abtt_fixed,10,0.001,0.4170854271356784,0.963653567082029,0.05297589766857486,0.5405963063240051,0.0006918550934642553,0.5399044512305409,0.89375,0.9125,0.89375,0.8181818181818182,0.8560250391236307,639,639,320,319
bowphs/PhilTa,hidden,sif,11,sif_abtt_optimal,3,0.001,0.5175879396984925,0.974154432304212,0.054175700281855164,0.5764560699462891,0.0005394730251282454,0.5759165969211608,0.878125,0.90625,0.85,0.8652037617554859,0.8575899843505478,639,639,320,319
bowphs/PhilTa,hidden,sif,12,sif_only,10,0.001,0.8894472361809045,0.9246570027071846,0.04852024769541938,0.8329235911369324,0.6169890761375427,0.21593451499938965,0.79375,0.8375,0.45,0.9247648902821317,0.6870109546165885,639,639,320,319
bowphs/PhilTa,hidden,sif,12,sif_abtt_fixed,10,0.001,0.37185929648241206,0.9656172017788566,0.05320025766091144,0.5220909714698792,0.0006576396990567446,0.5214333317708224,0.896875,0.9125,0.90625,0.786833855799373,0.8466353677621283,639,639,320,319
bowphs/PhilTa,hidden,sif,12,sif_abtt_optimal,2,0.001,0.4723618090452261,0.966819942686635,0.05333767983077358,0.5628575682640076,0.0008788644336163998,0.5619787038303912,0.890625,0.915625,0.8875,0.8432601880877743,0.865414710485133,639,639,320,319
bowphs/PhilTa,ff1,mean,1,baseline,10,0.001,0.9949748743718593,0.7746956657127123,0.03138604016019644,0.9592865109443665,0.9152016043663025,0.044084906578063965,0.4125,0.4875,0.2125,0.9278996865203761,0.5696400625978091,639,639,320,319
bowphs/PhilTa,ff1,mean,1,whitening,10,0.001,0.0,0.5676957658378842,0.007734749024427999,0.06486885994672775,-0.001152144162915647,0.0660210041096434,0.2125,0.240625,1.0,0.0,0.5007824726134585,639,639,320,319
bowphs/PhilTa,ff1,mean,2,baseline,10,0.001,0.9949748743718593,0.7227373049533555,0.025449407730539587,0.9730969071388245,0.9540050625801086,0.01909184455871582,0.41875,0.48125,0.725,0.40752351097178685,0.5665101721439749,639,639,320,319
bowphs/PhilTa,ff1,mean,2,whitening,10,0.001,0.0,0.5797096029331233,0.009107420052584194,0.1974228471517563,0.007220655679702759,0.19020219147205353,0.234375,0.253125,1.0,0.0,0.5007824726134585,639,639,320,319
bowphs/PhilTa,ff1,mean,3,baseline,10,0.001,0.9798994974874372,0.523867343394254,0.0027270229996042656,0.9373890161514282,0.9120244979858398,0.02536451816558838,0.04375,0.05,0.96875,0.0438871473354232,0.5070422535211268,639,639,320,319
bowphs/PhilTa,ff1,mean,3,whitening,10,0.001,0.0,0.5248658962028048,0.0028411151488065395,0.011998459696769714,-0.0011368870036676526,0.013135346700437367,0.190625,0.20625,1.0,0.0,0.5007824726134585,639,639,320,319
bowphs/PhilTa,ff1,mean,4,baseline,10,0.001,0.04020100502512563,0.4362375761054175,-0.007285335180757601,0.9546516537666321,0.9547528028488159,-0.00010114908218383789,0.034375,0.046875,1.0,0.0,0.5007824726134585,639,639,320,319
bowphs/PhilTa,ff1,mean,4,whitening,10,0.001,0.005025125628140704,0.5353146304113552,0.004034961403299576,0.039448026567697525,0.0018004094017669559,0.03764761716593057,0.209375,0.23125,1.0,0.0,0.5007824726134585,639,639,320,319
bowphs/PhilTa,ff1,mean,5,baseline,10,0.001,0.949748743718593,0.46373963358257553,-0.004143018833834054,0.9498523473739624,0.9413414001464844,0.008510947227478027,0.028125,0.0375,0.99375,0.003134796238244514,0.49921752738654146,639,639,320,319
bowphs/PhilTa,ff1,mean,5,whitening,10,0.001,0.0,0.5746918407807127,0.008534103142896229,0.0902191549539566,0.0013241569977253675,0.08889499795623124,0.2125,0.221875,1.0,0.0,0.5007824726134585,639,639,320,319
bowphs/PhilTa,ff1,mean,6,baseline,10,0.001,0.8994974874371859,0.47390991539622074,-0.0029809878544548645,0.9212669134140015,0.9120560884475708,0.009210824966430664,0.05,0.06875,0.996875,0.0,0.49921752738654146,639,639,320,319
bowphs/PhilTa,ff1,mean,6,whitening,10,0.001,0.0,0.515522775291019,0.0017735935160212912,0.010495366528630257,-1.114480801334139e-05,0.010506511336643598,0.196875,0.215625,1.0,0.0,0.5007824726134585,639,639,320,319
bowphs/PhilTa,ff1,mean,7,baseline,10,0.001,0.9899497487437187,0.6942394820674843,0.022193317717768227,0.9179041385650635,0.8622081875801086,0.055695950984954834,0.378125,0.415625,0.05625,0.9341692789968652,0.4945226917057903,639,639,320,319
bowphs/PhilTa,ff1,mean,7,whitening,10,0.001,0.005025125628140704,0.6121627683110157,0.012815438232156926,0.3001123368740082,-0.0006117066368460655,0.30072404351085424,0.2875,0.303125,1.0,0.0,0.5007824726134585,639,639,320,319
bowphs/PhilTa,ff1,mean,8,baseline,10,0.001,0.9849246231155779,0.7111902356587283,0.02413006845453692,0.9086087942123413,0.8448233604431152,0.06378543376922607,0.396875,0.453125,0.075,0.9153605015673981,0.4945226917057903,639,639,320,319
bowphs/PhilTa,ff1,mean,8,whitening,10,0.001,0.0,0.5591909111828668,0.006763005898169822,0.11308735609054565,-0.0013002646155655384,0.11438762070611119,0.225,0.234375,1.0,0.0,0.5007824726134585,639,639,320,319
bowphs/PhilTa,ff1,mean,9,baseline,10,0.001,0.9949748743718593,0.48818317234329495,-0.0013501611917917289,0.7594431042671204,0.7461969256401062,0.01324617862701416,0.103125,0.121875,0.2625,0.6677115987460815,0.4647887323943662,639,639,320,319
bowphs/PhilTa,ff1,mean,9,whitening,10,0.001,0.0,0.5497419907494606,0.005683395858877047,0.06330911070108414,-0.0010879157343879342,0.06439702643547207,0.2125,0.2375,1.0,0.0,0.5007824726134585,639,639,320,319
bowphs/PhilTa,ff1,mean,10,baseline,10,0.001,0.9899497487437187,0.5590451146857965,0.0067463472202186035,0.8223394155502319,0.7860115170478821,0.036327898502349854,0.1875,0.203125,0.13125,0.8087774294670846,0.4694835680751174,639,639,320,319
bowphs/PhilTa,ff1,mean,10,whitening,10,0.001,0.0,0.5282810361818215,0.003231320753957241,0.026280345395207405,0.0005684149800799787,0.025711930415127426,0.221875,0.225,1.0,0.0,0.5007824726134585,639,639,320,319
bowphs/PhilTa,ff1,mean,11,baseline,10,0.001,0.9597989949748744,0.7881360321027052,0.03292170282951805,0.8704107403755188,0.7710132002830505,0.09939754009246826,0.35625,0.446875,0.140625,0.8934169278996865,0.5164319248826291,639,639,320,319
bowphs/PhilTa,ff1,mean,11,whitening,10,0.001,0.0,0.5533888941760998,0.006100083552148447,0.10859106481075287,0.0006777524249628186,0.10791331238579005,0.209375,0.2375,1.0,0.0,0.5007824726134585,639,639,320,319
bowphs/PhilTa,ff1,mean,12,baseline,10,0.001,0.9447236180904522,0.6876930965707062,0.02144534407362158,0.7894454598426819,0.6960136890411377,0.09343177080154419,0.21875,0.271875,0.24375,0.8056426332288401,0.5242566510172144,639,639,320,319
bowphs/PhilTa,ff1,mean,12,whitening,10,0.001,0.0,0.5852930192137241,0.009745374816722262,0.19519858062267303,-0.0016161281382665038,0.19681470876093954,0.225,0.240625,1.0,0.0,0.5007824726134585,639,639,320,319
bowphs/PhilTa,ff1,sif,1,sif_only,10,0.001,0.8743718592964824,0.9255218156290748,0.04861905905825498,0.8234752416610718,0.5711131691932678,0.25236207246780396,0.803125,0.85,0.559375,0.9216300940438872,0.7402190923317684,639,639,320,319
bowphs/PhilTa,ff1,sif,1,sif_abtt_fixed,10,0.001,0.3417085427135678,0.9553675786198292,0.052029161337785415,0.5210015773773193,0.0010602938709780574,0.5199412835063413,0.89375,0.91875,0.8875,0.8181818181818182,0.8528951486697965,639,639,320,319
bowphs/PhilTa,ff1,sif,1,sif_abtt_optimal,5,0.001,0.36683417085427134,0.955940942342015,0.052094672443554195,0.5290366411209106,0.0009910410735756159,0.528045600047335,0.8875,0.9125,0.871875,0.8275862068965517,0.8497652582159625,639,639,320,319
bowphs/PhilTa,ff1,sif,2,sif_only,10,0.001,0.8040201005025126,0.9307208693820455,0.049213089944971145,0.7526265978813171,0.4488378167152405,0.30378878116607666,0.784375,0.80625,0.603125,0.896551724137931,0.7496087636932708,639,639,320,319
bowphs/PhilTa,ff1,sif,2,sif_abtt_fixed,10,0.001,0.34673366834170855,0.9671987082923685,0.05338095664215542,0.5050707459449768,0.001766009139828384,0.5033047368051484,0.903125,0.925,0.89375,0.8557993730407524,0.8748043818466353,639,639,320,319
bowphs/PhilTa,ff1,sif,2,sif_abtt_optimal,2,0.001,0.4321608040201005,0.9645490745854661,0.053078216117587854,0.5275956392288208,0.0015612714923918247,0.526034367736429,0.878125,0.909375,0.815625,0.8495297805642633,0.8325508607198748,639,639,320,319
bowphs/PhilTa,ff1,sif,3,sif_only,10,0.001,0.8341708542713568,0.9125255749465672,0.047134141082078064,0.7488107681274414,0.4810349643230438,0.2677758038043976,0.7875,0.83125,0.459375,0.9498432601880877,0.704225352112676,639,639,320,319
bowphs/PhilTa,ff1,sif,3,sif_abtt_fixed,10,0.001,0.3165829145728643,0.9695661509490279,0.05365145472266098,0.47662800550460815,0.0010936001781374216,0.47553440532647073,0.896875,0.925,0.884375,0.7962382445141066,0.8403755868544601,639,639,320,319
bowphs/PhilTa,ff1,sif,3,sif_abtt_optimal,3,0.001,0.4271356783919598,0.9655753465368481,0.05319547538557699,0.49922555685043335,0.0011800078209489584,0.4980455490294844,0.875,0.915625,0.79375,0.9278996865203761,0.8607198748043818,639,639,320,319
bowphs/PhilTa,ff1,sif,4,sif_only,10,0.001,0.9246231155778895,0.8096397157400796,0.035378659973265794,0.7886806726455688,0.6287072896957397,0.1599733829498291,0.6,0.65,0.171875,0.9341692789968652,0.5524256651017214,639,639,320,319
bowphs/PhilTa,ff1,sif,4,sif_abtt_fixed,10,0.001,0.3417085427135678,0.9714889037815682,0.05387114365536993,0.49869024753570557,0.0009813111973926425,0.4977089363383129,0.903125,0.925,0.88125,0.8213166144200627,0.8513302034428795,639,639,320,319
bowphs/PhilTa,ff1,sif,4,sif_abtt_optimal,7,0.001,0.35678391959798994,0.9690993278428635,0.0535981166813801,0.5043905377388,0.0009316487703472376,0.5034588889684528,0.896875,0.9125,0.878125,0.8244514106583072,0.8513302034428795,639,639,320,319
bowphs/PhilTa,ff1,sif,5,sif_only,10,0.001,0.8190954773869347,0.9151944771079036,0.047439083172087254,0.7413852214813232,0.472819447517395,0.2685657739639282,0.75625,0.81875,0.46875,0.890282131661442,0.6791862284820032,639,639,320,319
bowphs/PhilTa,ff1,sif,5,sif_abtt_fixed,10,0.001,0.32160804020100503,0.9632343288730953,0.0529279965587108,0.5014836192131042,0.0009792729979380965,0.5005043462151662,0.9,0.9125,0.89375,0.7774294670846394,0.8356807511737089,639,639,320,319
bowphs/PhilTa,ff1,sif,5,sif_abtt_optimal,5,0.001,0.3969849246231156,0.9717540164772496,0.05390143476932717,0.5238553881645203,0.0008589021163061261,0.5229964860482141,0.896875,0.9125,0.871875,0.8683385579937304,0.8701095461658842,639,639,320,319
bowphs/PhilTa,ff1,sif,6,sif_only,10,0.001,0.7537688442211056,0.9245844750058503,0.04851196086151718,0.7117536664009094,0.4018825590610504,0.309871107339859,0.80625,0.85625,0.634375,0.9184952978056427,0.7762128325508607,639,639,320,319
bowphs/PhilTa,ff1,sif,6,sif_abtt_fixed,10,0.001,0.3165829145728643,0.9733897777376037,0.05408833276233465,0.5079478621482849,0.0006025736802257597,0.5073452884680592,0.909375,0.921875,0.9125,0.8244514106583072,0.8685446009389671,639,639,320,319
bowphs/PhilTa,ff1,sif,6,sif_abtt_optimal,3,0.001,0.4371859296482412,0.9666686488176625,0.053320393371464526,0.5310843586921692,0.0008780297939665616,0.5302063288982026,0.890625,0.915625,0.84375,0.9122257053291536,0.8779342723004695,639,639,320,319
bowphs/PhilTa,ff1,sif,7,sif_only,10,0.001,0.7839195979899498,0.9378070813140723,0.05002274280827546,0.7348455190658569,0.39897027611732483,0.3358752429485321,0.846875,0.88125,0.590625,0.9717868338557993,0.7809076682316118,639,639,320,319
bowphs/PhilTa,ff1,sif,7,sif_abtt_fixed,10,0.001,0.35175879396984927,0.9680583446145599,0.05347917653966078,0.5093249678611755,0.0007006075466051698,0.5086243603145704,0.9125,0.925,0.890625,0.8840125391849529,0.8873239436619719,639,639,320,319
bowphs/PhilTa,ff1,sif,7,sif_abtt_optimal,3,0.001,0.45226130653266333,0.9738864658420299,0.05414508310367001,0.5402962565422058,0.0005878493539057672,0.5397084071883,0.90625,0.91875,0.85625,0.9467084639498433,0.9014084507042254,639,639,320,319
bowphs/PhilTa,ff1,sif,8,sif_only,10,0.001,0.7587939698492463,0.9376117531643293,0.05000042510210617,0.7228842973709106,0.3747423589229584,0.34814193844795227,0.853125,0.8875,0.653125,0.9310344827586207,0.7918622848200313,639,639,320,319
bowphs/PhilTa,ff1,sif,8,sif_abtt_fixed,10,0.001,0.32663316582914576,0.9601139121824813,0.05257146554715045,0.5091385841369629,0.0008412634488195181,0.5082973206881434,0.903125,0.928125,0.903125,0.8463949843260188,0.8748043818466353,639,639,320,319
bowphs/PhilTa,ff1,sif,8,sif_abtt_optimal,10,0.001,0.32663316582914576,0.9601139121824813,0.05257146554715045,0.5091385841369629,0.0008412634488195181,0.5082973206881434,0.903125,0.928125,0.903125,0.8463949843260188,0.8748043818466353,639,639,320,319
bowphs/PhilTa,ff1,sif,9,sif_only,10,0.001,0.7839195979899498,0.9352347979526682,0.04972884014084482,0.7246897220611572,0.4124804735183716,0.31220924854278564,0.8375,0.859375,0.54375,0.9561128526645768,0.7496087636932708,639,639,320,319
bowphs/PhilTa,ff1,sif,9,sif_abtt_fixed,10,0.001,0.36180904522613067,0.9656249888006257,0.053201147386554806,0.5001042485237122,0.0008187411003746092,0.49928550742333755,0.890625,0.909375,0.8875,0.8495297805642633,0.8685446009389671,639,639,320,319
bowphs/PhilTa,ff1,sif,9,sif_abtt_optimal,2,0.001,0.4170854271356784,0.9681673850415472,0.053491635226300516,0.5269328355789185,0.0009363939752802253,0.5259964416036382,0.884375,0.909375,0.865625,0.8307210031347962,0.8482003129890454,639,639,320,319
bowphs/PhilTa,ff1,sif,10,sif_only,10,0.001,0.8241206030150754,0.9140309257145112,0.047306138698189136,0.7502632737159729,0.4889799654483795,0.2612833082675934,0.771875,0.825,0.475,0.9247648902821317,0.6995305164319249,639,639,320,319
bowphs/PhilTa,ff1,sif,10,sif_abtt_fixed,10,0.001,0.33668341708542715,0.9670947891595278,0.05336908310178371,0.4743632376194,0.0008026560535654426,0.4735605815658346,0.8875,0.915625,0.88125,0.8620689655172413,0.8716744913928013,639,639,320,319
bowphs/PhilTa,ff1,sif,10,sif_abtt_optimal,2,0.001,0.4120603015075377,0.9737594842938646,0.05413057450936854,0.5029590725898743,0.0008443049155175686,0.5021147676743567,0.875,0.90625,0.84375,0.9028213166144201,0.8732394366197183,639,639,320,319
bowphs/PhilTa,ff1,sif,11,sif_only,10,0.001,0.914572864321608,0.8560041853472231,0.04067614838218152,0.8239149451255798,0.6586290001869202,0.16528594493865967,0.6375,0.68125,0.340625,0.9310344827586207,0.6353677621283255,639,639,320,319
bowphs/PhilTa,ff1,sif,11,sif_abtt_fixed,10,0.001,0.31155778894472363,0.9696842614865981,0.053664949737466154,0.45120352506637573,0.0008467485313303769,0.45035677653504536,0.878125,0.9,0.865625,0.7617554858934169,0.8137715179968701,639,639,320,319
bowphs/PhilTa,ff1,sif,11,sif_abtt_optimal,10,0.001,0.31155778894472363,0.9696842614865981,0.053664949737466154,0.45120352506637573,0.0008467485313303769,0.45035677653504536,0.878125,0.9,0.865625,0.7617554858934169,0.8137715179968701,639,639,320,319
bowphs/PhilTa,ff1,sif,12,sif_only,10,0.001,0.9045226130653267,0.859571205434067,0.041083707181505766,0.8118772506713867,0.6355416178703308,0.1763356328010559,0.653125,0.715625,0.325,0.9153605015673981,0.6197183098591549,639,639,320,319
bowphs/PhilTa,ff1,sif,12,sif_abtt_fixed,10,0.001,0.3165829145728643,0.957701660967319,0.05229584775274952,0.44380027055740356,0.0005174269899725914,0.443282843567431,0.871875,0.9,0.884375,0.7962382445141066,0.8403755868544601,639,639,320,319
bowphs/PhilTa,ff1,sif,12,sif_abtt_optimal,7,0.001,0.33668341708542715,0.9550198394289564,0.05198942952701347,0.4533218741416931,0.0004684520827140659,0.45285342205897905,0.865625,0.903125,0.871875,0.8150470219435737,0.8435054773082942,639,639,320,319
sentence-transformers/LaBSE,hidden,mean,0,baseline,10,0.001,0.9195979899497487,0.9101239755807846,0.04685974034138189,0.8388643264770508,0.6367277503013611,0.2021365761756897,0.6625,0.75,0.34375,0.9623824451410659,0.6525821596244131,639,639,320,319
sentence-transformers/LaBSE,hidden,mean,0,whitening,10,0.001,0.0,0.5536931963861671,0.006134850902255821,0.14582113921642303,0.011306267231702805,0.13451487198472023,0.09375,0.121875,1.0,0.0,0.5007824726134585,639,639,320,319
sentence-transformers/LaBSE,hidden,mean,1,baseline,10,0.001,0.9798994974874372,0.842996407926498,0.039189912247209004,0.9401420950889587,0.8692035675048828,0.07093852758407593,0.503125,0.5875,0.3375,0.8934169278996865,0.6150234741784038,639,639,320,319
sentence-transformers/LaBSE,hidden,mean,1,whitening,10,0.001,0.0,0.551314371846837,0.005863051944374436,0.03455430641770363,-0.0015637970063835382,0.03611810342408717,0.134375,0.15625,1.0,0.0,0.5007824726134585,639,639,320,319
sentence-transformers/LaBSE,hidden,mean,2,baseline,10,0.001,0.9899497487437187,0.8545136343450843,0.04050584175049268,0.9696821570396423,0.9308351874351501,0.03884696960449219,0.4875,0.571875,0.309375,0.896551724137931,0.6025039123630673,639,639,320,319
sentence-transformers/LaBSE,hidden,mean,2,whitening,10,0.001,0.0,0.5560224892728245,0.006400989635991255,0.11327742785215378,-0.0016436222940683365,0.11492105014622211,0.15,0.175,1.0,0.0,0.5007824726134585,639,639,320,319
sentence-transformers/LaBSE,hidden,mean,3,baseline,10,0.001,0.9798994974874372,0.8743432189132246,0.04277152051893002,0.9522238969802856,0.8856297731399536,0.06659412384033203,0.565625,0.6625,0.375,0.8714733542319749,0.622848200312989,639,639,320,319
sentence-transformers/LaBSE,hidden,mean,3,whitening,10,0.001,0.0,0.5444809394723205,0.005082281379543015,0.10786932706832886,-0.0013101132353767753,0.10917944030370563,0.15625,0.178125,1.0,0.0,0.5007824726134585,639,639,320,319
sentence-transformers/LaBSE,hidden,mean,4,baseline,10,0.001,0.9798994974874372,0.8765529080123986,0.0430239940722664,0.9458608627319336,0.8691967129707336,0.07666414976119995,0.509375,0.60625,0.28125,0.9561128526645768,0.6181533646322379,639,639,320,319
sentence-transformers/LaBSE,hidden,mean,4,whitening,10,0.001,0.0,0.5678343062464879,0.0077505783292732625,0.18211820721626282,-0.0014783224323764443,0.18359652964863926,0.146875,0.165625,1.0,0.0,0.5007824726134585,639,639,320,319
sentence-transformers/LaBSE,hidden,mean,5,baseline,10,0.001,0.9748743718592965,0.8793530502494302,0.04334393132530127,0.9477906823158264,0.8778770565986633,0.06991362571716309,0.5625,0.653125,0.428125,0.8808777429467085,0.6541471048513302,639,639,320,319
sentence-transformers/LaBSE,hidden,mean,5,whitening,10,0.001,0.0,0.568654885787619,0.007844335884639763,0.16203084588050842,0.0016739603597670794,0.16035688552074134,0.15,0.171875,1.0,0.0,0.5007824726134585,639,639,320,319
sentence-transformers/LaBSE,hidden,mean,6,baseline,10,0.001,0.9698492462311558,0.90387943672755,0.04614625494035688,0.9433489441871643,0.8617997169494629,0.08154922723770142,0.684375,0.778125,0.425,0.9247648902821317,0.6744913928012519,639,639,320,319
sentence-transformers/LaBSE,hidden,mean,6,whitening,10,0.001,0.0,0.5779200369317206,0.008902950142020232,0.20694874227046967,0.001848783460445702,0.20509995881002396,0.15625,0.184375,1.0,0.0,0.5007824726134585,639,639,320,319
sentence-transformers/LaBSE,hidden,mean,7,baseline,10,0.001,0.9798994974874372,0.8958175131800874,0.04522511970666799,0.9487582445144653,0.8590764999389648,0.08968174457550049,0.615625,0.74375,0.315625,0.9498432601880877,0.6322378716744914,639,639,320,319
sentence-transformers/LaBSE,hidden,mean,7,whitening,10,0.001,0.0,0.5547623080183892,0.006257005365272197,0.13397791981697083,0.0038735326379537582,0.13010438717901707,0.128125,0.15,1.0,0.0,0.5007824726134585,639,639,320,319
sentence-transformers/LaBSE,hidden,mean,8,baseline,10,0.001,0.9849246231155779,0.8889159111817606,0.04443655991296097,0.9566165208816528,0.8762071132659912,0.08040940761566162,0.60625,0.715625,0.334375,0.9059561128526645,0.6197183098591549,639,639,320,319
sentence-transformers/LaBSE,hidden,mean,8,whitening,10,0.001,0.0,0.5529858826162215,0.0060540345445529425,0.12389398366212845,-0.0016929605044424534,0.1255869441665709,0.109375,0.140625,1.0,0.0,0.5007824726134585,639,639,320,319
sentence-transformers/LaBSE,hidden,mean,9,baseline,10,0.001,0.9798994974874372,0.9162712209063482,0.04756210922723951,0.952743411064148,0.8613237738609314,0.09141963720321655,0.7875,0.84375,0.346875,0.9686520376175548,0.6572769953051644,639,639,320,319
sentence-transformers/LaBSE,hidden,mean,9,whitening,10,0.001,0.0,0.5630232651876015,0.007200880780489077,0.10982885211706161,0.0029911366291344166,0.1068377154879272,0.134375,0.15,1.0,0.0,0.5007824726134585,639,639,320,319
sentence-transformers/LaBSE,hidden,mean,10,baseline,10,0.001,0.9698492462311558,0.9290387841910539,0.04902089909553708,0.9502725601196289,0.8468363285064697,0.10343623161315918,0.8,0.859375,0.509375,0.9278996865203761,0.7183098591549296,639,639,320,319
sentence-transformers/LaBSE,hidden,mean,10,whitening,10,0.001,0.0,0.5511089670254581,0.005839583016072525,0.1345580369234085,-0.0006040196749381721,0.13516205659834668,0.128125,0.153125,1.0,0.0,0.5007824726134585,639,639,320,319
sentence-transformers/LaBSE,hidden,mean,11,baseline,10,0.001,0.9748743718592965,0.9479274222139573,0.051179067663873756,0.9721193313598633,0.9126370549201965,0.05948227643966675,0.865625,0.8875,0.796875,0.9184952978056427,0.8575899843505478,639,639,320,319
sentence-transformers/LaBSE,hidden,mean,11,whitening,10,0.001,0.0,0.5647874791238132,0.007402455428611555,0.17028313875198364,-0.0007729522767476737,0.17105609102873132,0.1375,0.153125,1.0,0.0,0.5007824726134585,639,639,320,319
sentence-transformers/LaBSE,hidden,mean,12,baseline,10,0.001,0.9195979899497487,0.9429969211620237,0.05061572093732316,0.9065139293670654,0.723953366279602,0.18256056308746338,0.878125,0.89375,0.803125,0.9122257053291536,0.8575899843505478,639,639,320,319
sentence-transformers/LaBSE,hidden,mean,12,whitening,10,0.001,0.0,0.5754545928363205,0.008621253258502036,0.21370090544223785,0.003085131524130702,0.21061577391810715,0.1375,0.165625,1.0,0.0,0.5007824726134585,639,639,320,319
sentence-transformers/LaBSE,hidden,sif,0,sif_only,10,0.001,0.8743718592964824,0.9045910311472464,0.04622755994004203,0.7913805842399597,0.5568869709968567,0.23449361324310303,0.759375,0.784375,0.440625,0.9623824451410659,0.701095461658842,639,639,320,319
sentence-transformers/LaBSE,hidden,sif,0,sif_abtt_fixed,10,0.001,0.3768844221105528,0.9725309267542557,0.05399020259568406,0.4927082359790802,0.0010541019728407264,0.4916541340062395,0.8875,0.921875,0.8125,0.8808777429467085,0.8466353677621283,639,639,320,319
sentence-transformers/LaBSE,hidden,sif,0,sif_abtt_optimal,7,0.001,0.37185929648241206,0.9710284076305911,0.05381852851617371,0.4988851249217987,0.0010928669944405556,0.49779225792735815,0.89375,0.921875,0.825,0.8526645768025078,0.838810641627543,639,639,320,319
sentence-transformers/LaBSE,hidden,sif,1,sif_only,10,0.001,0.9748743718592965,0.8412322714180596,0.03898834641922209,0.9295854568481445,0.8528852462768555,0.07670021057128906,0.6125,0.665625,0.328125,0.9310344827586207,0.6291079812206573,639,639,320,319
sentence-transformers/LaBSE,hidden,sif,1,sif_abtt_fixed,10,0.001,0.3919597989949749,0.9667600246512332,0.053330833745813176,0.48413509130477905,0.0008710593683645129,0.48326403193641454,0.865625,0.90625,0.803125,0.8714733542319749,0.837245696400626,639,639,320,319
sentence-transformers/LaBSE,hidden,sif,1,sif_abtt_optimal,7,0.001,0.40703517587939697,0.9626397056965914,0.05286005640082982,0.48711350560188293,0.0013480496127158403,0.4857654559891671,0.85,0.903125,0.775,0.8714733542319749,0.8231611893583725,639,639,320,319
sentence-transformers/LaBSE,hidden,sif,2,sif_only,10,0.001,0.9899497487437187,0.8556211612139596,0.04063238500224344,0.9640643000602722,0.9208326935768127,0.04323160648345947,0.565625,0.621875,0.20625,0.9780564263322884,0.5915492957746479,639,639,320,319
sentence-transformers/LaBSE,hidden,sif,2,sif_abtt_fixed,10,0.001,0.4371859296482412,0.958783315898811,0.05241943494161617,0.5010335445404053,0.0005653998232446611,0.5004681447171606,0.85,0.90625,0.803125,0.9153605015673981,0.8591549295774648,639,639,320,319
sentence-transformers/LaBSE,hidden,sif,2,sif_abtt_optimal,10,0.001,0.4371859296482412,0.958783315898811,0.05241943494161617,0.5010335445404053,0.0005653998232446611,0.5004681447171606,0.85,0.90625,0.803125,0.9153605015673981,0.8591549295774648,639,639,320,319
sentence-transformers/LaBSE,hidden,sif,3,sif_only,10,0.001,0.9748743718592965,0.8754883093132471,0.04290235568586858,0.9449252486228943,0.8738722205162048,0.07105302810668945,0.640625,0.709375,0.409375,0.896551724137931,0.6525821596244131,639,639,320,319
sentence-transformers/LaBSE,hidden,sif,3,sif_abtt_fixed,10,0.001,0.4170854271356784,0.9603200138538197,0.05259501420896571,0.5056262612342834,0.0011756343301385641,0.5044506269041449,0.840625,0.871875,0.85625,0.8526645768025078,0.8544600938967136,639,639,320,319
sentence-transformers/LaBSE,hidden,sif,3,sif_abtt_optimal,7,0.001,0.4020100502512563,0.9622211090320647,0.05281222859222724,0.5239902138710022,0.001026876620016992,0.5229633372509852,0.85,0.890625,0.890625,0.7774294670846394,0.8341158059467919,639,639,320,319
sentence-transformers/LaBSE,hidden,sif,4,sif_only,10,0.001,0.9698492462311558,0.8786939076155701,0.043268619335478424,0.9368727207183838,0.8555727601051331,0.08129996061325073,0.584375,0.665625,0.4125,0.896551724137931,0.6541471048513302,639,639,320,319
sentence-transformers/LaBSE,hidden,sif,4,sif_abtt_fixed,10,0.001,0.3869346733668342,0.9572382557442891,0.052242900230252055,0.4981287717819214,0.001240262994542718,0.49688850878737867,0.84375,0.88125,0.875,0.8244514106583072,0.8497652582159625,639,639,320,319
sentence-transformers/LaBSE,hidden,sif,4,sif_abtt_optimal,7,0.001,0.4371859296482412,0.9593849739415724,0.052488178885732005,0.5037953853607178,0.0014606559416279197,0.5023347294190899,0.828125,0.890625,0.825,0.8495297805642633,0.837245696400626,639,639,320,319
sentence-transformers/LaBSE,hidden,sif,5,sif_only,10,0.001,0.9748743718592965,0.8798111240172148,0.0433962696890478,0.9402768015861511,0.8659915924072266,0.07428520917892456,0.596875,0.6875,0.325,0.9529780564263323,0.6384976525821596,639,639,320,319
sentence-transformers/LaBSE,hidden,sif,5,sif_abtt_fixed,10,0.001,0.4120603015075377,0.9574993421957606,0.052272731315608764,0.49070677161216736,0.000981481745839119,0.48972528986632824,0.828125,0.875,0.85,0.8495297805642633,0.8497652582159625,639,639,320,319
sentence-transformers/LaBSE,hidden,sif,5,sif_abtt_optimal,5,0.001,0.5376884422110553,0.9552391038217508,0.05201448212848131,0.5148044228553772,0.0012069358490407467,0.5135974870063365,0.828125,0.8875,0.684375,0.9310344827586207,0.8075117370892019,639,639,320,319
sentence-transformers/LaBSE,hidden,sif,6,sif_only,10,0.001,0.964824120603015,0.9017902473658076,0.045907549385825044,0.9363084435462952,0.8511615991592407,0.08514684438705444,0.7125,0.78125,0.440625,0.9467084639498433,0.6932707355242567,639,639,320,319
sentence-transformers/LaBSE,hidden,sif,6,sif_abtt_fixed,10,0.001,0.4371859296482412,0.9649620743280961,0.05312540443588448,0.5119273662567139,0.0012421532301232219,0.5106852130265906,0.846875,0.903125,0.80625,0.8808777429467085,0.8435054773082942,639,639,320,319
sentence-transformers/LaBSE,hidden,sif,6,sif_abtt_optimal,3,0.001,0.5125628140703518,0.964483061878197,0.05307067367065477,0.5425847768783569,0.0011092161294072866,0.5414755607489496,0.834375,0.884375,0.784375,0.8746081504702194,0.8294209702660407,639,639,320,319
sentence-transformers/LaBSE,hidden,sif,7,sif_only,10,0.001,0.9748743718592965,0.896552258503992,0.04530906987088586,0.944198727607727,0.8566005229949951,0.08759820461273193,0.65,0.75,0.35,0.9341692789968652,0.6416275430359938,639,639,320,319
sentence-transformers/LaBSE,hidden,sif,7,sif_abtt_fixed,10,0.001,0.3919597989949749,0.9612392585003195,0.05270004480461384,0.5006484985351562,0.0011783053632825613,0.4994701931718737,0.834375,0.88125,0.875,0.7554858934169278,0.8153364632237872,639,639,320,319
sentence-transformers/LaBSE,hidden,sif,7,sif_abtt_optimal,3,0.001,0.5527638190954774,0.9652989072640481,0.05316389012522922,0.5216415524482727,0.0015045362524688244,0.5201370161958039,0.790625,0.8625,0.6375,0.8934169278996865,0.7652582159624414,639,639,320,319
sentence-transformers/LaBSE,hidden,sif,8,sif_only,10,0.001,0.9849246231155779,0.8895348356179615,0.04450727667204428,0.9539286494255066,0.8767364025115967,0.07719224691390991,0.609375,0.70625,0.25,0.9592476489028213,0.6040688575899843,639,639,320,319
sentence-transformers/LaBSE,hidden,sif,8,sif_abtt_fixed,10,0.001,0.40703517587939697,0.9573276295168653,0.0522531118541162,0.4989362955093384,0.0009963548509404063,0.497939940658398,0.821875,0.871875,0.86875,0.8244514106583072,0.8466353677621283,639,639,320,319
sentence-transformers/LaBSE,hidden,sif,8,sif_abtt_optimal,3,0.001,0.5125628140703518,0.9642498051806613,0.053044022343421975,0.5126409530639648,0.001978159649297595,0.5106627934146672,0.7625,0.846875,0.728125,0.8119122257053292,0.7699530516431925,639,639,320,319
sentence-transformers/LaBSE,hidden,sif,9,sif_only,10,0.001,0.9748743718592965,0.9132212081838591,0.047213622397114255,0.9506743550300598,0.8651890754699707,0.08548527956008911,0.75625,0.83125,0.4375,0.9184952978056427,0.6776212832550861,639,639,320,319
sentence-transformers/LaBSE,hidden,sif,9,sif_abtt_fixed,10,0.001,0.44221105527638194,0.9671716196328339,0.053377861559626136,0.5400276780128479,0.0007931090076453984,0.5392345690052025,0.846875,0.884375,0.84375,0.8589341692789969,0.8513302034428795,639,639,320,319
sentence-transformers/LaBSE,hidden,sif,9,sif_abtt_optimal,10,0.001,0.44221105527638194,0.9671716196328339,0.053377861559626136,0.5400276780128479,0.0007931090076453984,0.5392345690052025,0.846875,0.884375,0.84375,0.8589341692789969,0.8513302034428795,639,639,320,319
sentence-transformers/LaBSE,hidden,sif,10,sif_only,10,0.001,0.9698492462311558,0.9295958327753003,0.04908454607443518,0.947827160358429,0.8484693765640259,0.09935778379440308,0.80625,0.85625,0.48125,0.9561128526645768,0.7183098591549296,639,639,320,319
sentence-transformers/LaBSE,hidden,sif,10,sif_abtt_fixed,10,0.001,0.4723618090452261,0.9657141192287716,0.053211331206492844,0.5652949213981628,0.0007390393293462694,0.5645558820688166,0.86875,0.9,0.85,0.8808777429467085,0.865414710485133,639,639,320,319
sentence-transformers/LaBSE,hidden,sif,10,sif_abtt_optimal,2,0.001,0.5628140703517588,0.968376417907159,0.05351551879904652,0.6040627360343933,0.000433021632488817,0.6036297144019045,0.859375,0.884375,0.803125,0.8401253918495298,0.8215962441314554,639,639,320,319
sentence-transformers/LaBSE,hidden,sif,11,sif_only,10,0.001,0.9748743718592965,0.948565725715697,0.05125199862657463,0.9706000089645386,0.9139782786369324,0.0566217303276062,0.853125,0.871875,0.7125,0.9341692789968652,0.8231611893583725,639,639,320,319
sentence-transformers/LaBSE,hidden,sif,11,sif_abtt_fixed,10,0.001,0.4321608040201005,0.9678766769362441,0.05345841964481677,0.5973365306854248,0.0005322190118022263,0.5968043116736226,0.909375,0.921875,0.903125,0.8338557993730408,0.8685446009389671,639,639,320,319
sentence-transformers/LaBSE,hidden,sif,11,sif_abtt_optimal,2,0.001,0.5728643216080402,0.9751159967593601,0.05428556623306185,0.6478549242019653,0.0014051584294065833,0.6464497657725587,0.896875,0.928125,0.86875,0.9184952978056427,0.8935837245696401,639,639,320,319
sentence-transformers/LaBSE,hidden,sif,12,sif_only,10,0.001,0.9195979899497487,0.9420174377079185,0.05050380760608627,0.9056128859519958,0.723293125629425,0.1823197603225708,0.884375,0.890625,0.784375,0.9216300940438872,0.8528951486697965,639,639,320,319
sentence-transformers/LaBSE,hidden,sif,12,sif_abtt_fixed,10,0.001,0.4321608040201005,0.9696635550878033,0.053662583876095515,0.5833181142807007,0.0012222700752317905,0.5820958442054689,0.9,0.9125,0.903125,0.8401253918495298,0.8716744913928013,639,639,320,319
sentence-transformers/LaBSE,hidden,sif,12,sif_abtt_optimal,1,0.001,0.5477386934673367,0.9782294338892692,0.05464129977746123,0.6448190808296204,0.003371784696355462,0.6414472961332649,0.896875,0.9125,0.875,0.8463949843260188,0.8607198748043818,639,639,320,319
