model,method,variant,n,n_q_mean,full_cos_mean,suff@0.10_raw_mean,suff@0.10_raw_std,suff@0.10_raw_se,suff@0.10_raw_n,suff@0.10_ratio_mean,suff@0.10_ratio_std,suff@0.10_ratio_se,suff@0.10_ratio_n,suff@0.25_raw_mean,suff@0.25_raw_std,suff@0.25_raw_se,suff@0.25_raw_n,suff@0.25_ratio_mean,suff@0.25_ratio_std,suff@0.25_ratio_se,suff@0.25_ratio_n,suff@0.50_raw_mean,suff@0.50_raw_std,suff@0.50_raw_se,suff@0.50_raw_n,suff@0.50_ratio_mean,suff@0.50_ratio_std,suff@0.50_ratio_se,suff@0.50_ratio_n,comp@0.10_drop_mean,comp@0.10_drop_std,comp@0.10_drop_se,comp@0.10_drop_n,comp@0.10_ratio_mean,comp@0.10_ratio_std,comp@0.10_ratio_se,comp@0.10_ratio_n,comp@0.25_drop_mean,comp@0.25_drop_std,comp@0.25_drop_se,comp@0.25_drop_n,comp@0.25_ratio_mean,comp@0.25_ratio_std,comp@0.25_ratio_se,comp@0.25_ratio_n,comp@0.50_drop_mean,comp@0.50_drop_std,comp@0.50_drop_se,comp@0.50_drop_n,comp@0.50_ratio_mean,comp@0.50_ratio_std,comp@0.50_ratio_se,comp@0.50_ratio_n,compactness@0.80_mean,compactness@0.80_std,compactness@0.80_se,compactness@0.80_n,loo_n_used_mean,loo_n_used_std,loo_n_used_se,loo_n_used_n,loo_n_total_mean,loo_n_total_std,loo_n_total_se,loo_n_total_n,loo_rho_mean,loo_rho_std,loo_rho_se,loo_rho_n,loo_p_mean,loo_p_std,loo_p_se,loo_p_n
bowphs/LaTa,attention_standalone,abtt,2,69.0,0.687871128320694,0.18728306144475937,0.35522030898859175,0.25117868930101395,2,0.21420824545434797,0.4626439681891187,0.3271386871815792,2,0.4138544350862503,0.23802076555657486,0.1683060973882675,2,0.576375919736734,0.20136811134519364,0.14238875704691417,2,0.5645534098148346,0.2372852819766355,0.167786031961441,2,0.8027189523670071,0.14349199120128528,0.10146416002438922,2,0.16178107261657715,0.023484308283967175,0.0166059136390686,2,0.23841554827582478,0.025696263199967134,0.018170001959851093,2,0.3714493066072464,0.26023573720393944,0.18401445448398587,2,0.5085398488226696,0.25068865954487585,0.17726365113074743,2,0.5747282914817333,0.3873008516163484,0.2738630585372448,2,0.7897344712842902,0.3648375344450489,0.25797909463747465,2,0.4457070707070707,0.11606550701294341,0.08207070707070707,2,69.0,4.242640687119285,2.9999999999999996,2,69.0,4.242640687119285,2.9999999999999996,2,0.3962523744509053,0.30526495712043467,0.21585492123848,2,0.06470863170392084,0.0915117575946773,0.06470858435349586,2
bowphs/LaTa,attention_standalone,baseline,2,69.0,0.937414288520813,0.3797116205096245,0.8753828048500373,0.6189891174435616,2,0.3627807646592027,0.8997299239549182,0.6362051304649794,2,0.10594001412391663,1.2628039172302554,0.8929372131824492,2,0.049927127934675464,1.34242144495138,0.9492353069353644,2,0.942578136920929,0.08032582411557845,0.05679893493652343,2,1.0059248045966744,0.008856346201843874,0.006262382455859528,2,-0.0005807280540466309,0.003056910922495144,0.0021615624427795406,2,-0.0007761760837799885,0.0033339545142963317,0.0023574618452264383,2,0.5689167305827141,0.8207912353059074,0.5803870484232903,2,0.5682623554742339,0.8221807477711306,0.5813695821099928,2,1.1828801035881042,0.044139593655337615,0.031211405992507935,2,1.2652297348663186,0.07183012430117362,0.050791567986832487,2,0.25441919191919193,0.26159379657532633,0.1849747474747475,2,65.5,0.7071067811865476,0.5,2,69.0,4.242640687119285,2.9999999999999996,2,0.14272885979375316,0.06607821053051458,0.046724350754799186,2,0.28692488386266934,0.22099362444099774,0.15626609044122264,2
bowphs/LaTa,attention_weighted,abtt,2,69.0,0.687871128320694,0.19590577483177185,0.0872882727553356,0.061722129583358765,2,0.2776196467374161,0.05722010328621275,0.040460723053875686,2,0.2907077670097351,0.04742173733627497,0.03353223204612731,2,0.42743016092645725,0.038335296934876806,0.027107148421451257,2,0.5020721107721329,0.11377792529264484,0.08045314252376556,2,0.7321964909031657,0.018358629549205994,0.012981511447535288,2,0.1496029943227768,0.03289159023872,0.023257866501808163,2,0.21836384063973113,0.006987808465869654,0.004941126751849198,2,0.22503623366355896,0.03604883173409533,0.025490373373031616,2,0.3309970962466736,0.03066629535998825,0.02168434540291725,2,0.4076124131679535,0.14836912934441515,0.10491281747817993,2,0.5838934486745702,0.06914936050874808,0.04889598173044901,2,0.6553030303030303,0.10178052153442729,0.07196969696969696,2,69.0,4.242640687119285,2.9999999999999996,2,69.0,4.242640687119285,2.9999999999999996,2,0.2899182039769379,0.1766687491764728,0.12492367056642918,2,0.08328760773342266,0.11703173947694205,0.0827539365982031,2
bowphs/LaTa,attention_weighted,baseline,2,69.0,0.937414288520813,-0.6228574216365814,0.13704852798123754,0.09690794348716736,2,-0.674290730174167,0.2095738332423214,0.14819107864490413,2,-0.593571126461029,0.05258350402025268,0.03718215227127075,2,-0.6386574018664606,0.11612045754415565,0.08210956296395705,2,-0.44956590235233307,0.14429005197840955,0.10202847421169281,2,-0.4889740477184668,0.19988125078199545,0.1413373878599979,2,-0.005030333995819092,0.00723779400107881,0.005117893218994141,2,-0.005754439284322475,0.008261868876886118,0.0058420235081202586,2,-0.006494402885437012,0.009650701078327493,0.006824076175689696,2,-0.007444684128907343,0.010994734822253995,0.00777445155016367,2,-0.008532315492630005,0.012810661045431774,0.009058505296707153,2,-0.009787417850788122,0.014585856296779002,0.010313757896864935,2,0.9501262626262627,0.02767715936462497,0.019570707070707072,2,65.5,0.7071067811865476,0.5,2,69.0,4.242640687119285,2.9999999999999996,2,-0.25580214422734127,0.09757123232413437,0.06899328002512346,2,0.07200612417812398,0.09080723133574911,0.06421040905828375,2
bowphs/LaTa,bertscore,abtt,2,69.0,0.687871128320694,0.2514684982597828,0.1973407485460494,0.13954098150134084,2,0.34029147909563856,0.20148087483476768,0.14246849287506222,2,0.42116253077983856,0.23850861532808848,0.1686510592699051,2,0.5872537373348333,0.19934724576231597,0.14095978928939487,2,0.6026715636253357,0.14275120731900404,0.10094034671783446,2,0.8777423444874819,0.012767078005394445,0.009027687433552032,2,0.1301540732383728,0.012343547523385534,0.008728206157684324,2,0.19769093465351656,0.06756044851544964,0.04777245128527905,2,0.2809036523103714,0.08409596508199921,0.05946482717990875,2,0.43748686803058706,0.23205456409849262,0.16408735587933249,2,0.498762845993042,0.10254385140946008,0.07250945270061493,2,0.7293452478935275,0.033974687934635435,0.024023732227277494,2,0.4255050505050505,0.066068057838137,0.046717171717171706,2,69.0,4.242640687119285,2.9999999999999996,2,69.0,4.242640687119285,2.9999999999999996,2,0.286970410109634,0.034707570019297564,0.02454195811915222,2,0.018420784579005728,0.010644444962470965,0.007526759214930205,2
bowphs/LaTa,bertscore,baseline,2,69.0,0.937414288520813,0.9456304013729095,0.07445295580352494,0.0526461899280548,2,1.0094910190253135,0.015456493912872184,0.010929391659160514,2,0.9431531727313995,0.07887896495304797,0.05577585101127624,2,1.0066138088640675,0.010464562022669837,0.007399562768377055,2,0.9429689049720764,0.0797847428743956,0.056416332721710205,2,1.0063707569658067,0.009475466556604592,0.006700166657081452,2,1.2617144286632538,0.09396951762182805,0.06644648313522339,2,1.3471913307782604,0.02637676819416246,0.01865119165587792,2,1.1716798022389412,0.02825430947432399,0.01997881382703781,2,1.256873971700902,0.14827200506277877,0.10484414024001697,2,1.1375500485301018,0.04357041100291011,0.030808933079242703,2,1.22107527450176,0.16124601876933403,0.11401815331112941,2,0.01452020202020202,0.0008928115924072578,0.0006313131313131318,2,65.5,0.7071067811865476,0.5,2,69.0,4.242640687119285,2.9999999999999996,2,0.25875213697536287,0.31252579779280854,0.22098911091503065,2,0.38172060946872377,0.5397600344033587,0.38166798054009915,2
bowphs/LaTa,dla,abtt,2,69.0,0.687871128320694,0.1686328537762165,0.10134133333281543,0.07165914401412009,2,0.23403495441289607,0.08858864701720291,0.0626416330420056,2,0.38012097775936127,0.2009887321404174,0.14212049543857572,2,0.5327162603293971,0.15848996905526835,0.11206933186902632,2,0.5984527468681335,0.13850297357649996,0.09793639183044432,2,0.8722099600151056,0.017554491737520925,0.012412900147884265,2,0.10632577538490295,0.014292544239074808,0.01010635495185852,2,0.16229093448421494,0.06150923625627716,0.04349359806241903,2,0.27264535427093506,0.035536283909354344,0.02512794733047485,2,0.40255661626518013,0.04937121333539649,0.034910719744866564,2,0.6347129222704098,0.2522828730209436,0.1783909302903339,2,0.9052058769816356,0.1395730349917244,0.09869303951343561,2,0.3970959595959596,0.04731901439758463,0.03345959595959597,2,69.0,4.242640687119285,2.9999999999999996,2,69.0,4.242640687119285,2.9999999999999996,2,0.34949937059560665,0.12718424059651445,0.08993283898585676,2,0.013949941926352823,0.019412834111558103,0.01372694664233226,2
bowphs/LaTa,dla,baseline,2,69.0,0.937414288520813,0.9456198811531067,0.07456089388256135,0.05272251367568969,2,1.0094743115253044,0.015339779126935817,0.010846861842560174,2,0.9443828165531158,0.07704389116888365,0.054478257894515984,2,1.00802377174446,0.012554672902942904,0.008877494345249926,2,0.9412059485912323,0.08217619720575224,0.058107346296310425,2,1.004361335338893,0.0067354867819481344,0.004762708378107883,2,1.1863588392734528,0.010826893179721013,0.0076557695865631095,2,1.2717249734472587,0.1310768802155029,0.0926853508571589,2,1.1689547896385193,0.007060229328302413,0.004992336034774779,2,1.252886921845082,0.12528818356155627,0.08859212419892136,2,1.1570885255932808,0.0023436914152816677,0.001657240092754364,2,1.2399347602412578,0.11903939946055744,0.08417356658693441,2,0.01452020202020202,0.0008928115924072578,0.0006313131313131318,2,65.5,0.7071067811865476,0.5,2,69.0,4.242640687119285,2.9999999999999996,2,0.11653164012621203,0.45048333812955205,0.31853982320295865,2,0.05205909746093107,0.07320891795203918,0.05176652232721648,2
bowphs/LaTa,ig,abtt,2,69.0,0.687871128320694,0.25235678628087044,0.18237200026946584,0.12895647808909416,2,0.34444438478226125,0.17867761319294442,0.12634415193495793,2,0.4271638095378876,0.16266504533137083,0.11502155661582945,2,0.6105479692178738,0.08324252855745937,0.05886135642609435,2,0.6238351464271545,0.13861803447293472,0.09801775217056274,2,0.9102881669638233,0.026943976176725167,0.019052268266691152,2,0.22021549940109253,0.05756888614321229,0.04070734977722168,2,0.31970742781640804,0.003452161093954059,0.0024410465192832853,2,0.41559673100709915,0.10586060818973701,0.07485475391149521,2,0.603885212411402,0.0023346702729611633,0.0016508611818454864,2,0.5949450582265854,0.13194502931532615,0.09329922497272491,2,0.8681800673369404,0.026076762740727857,0.018439055765361367,2,0.36174242424242425,0.01874904344055238,0.013257575757575744,2,69.0,4.242640687119285,2.9999999999999996,2,69.0,4.242640687119285,2.9999999999999996,2,0.5483565816348652,0.12623204297858684,0.08925953359319046,2,2.4936678293146107e-05,3.525370599782899e-05,2.492813457302174e-05,2
bowphs/LaTa,ig,baseline,2,69.0,0.937414288520813,0.3438984677195549,0.7765911819963809,0.5491328909993172,2,0.40759063138917845,0.8667483768788892,0.6128836548734958,2,0.13119298219680786,1.0732694130362195,0.7589160799980162,2,0.19461631177511407,1.1632170190886582,0.8225186421891918,2,0.9357756972312927,0.0685161085754319,0.04844820499420165,2,0.9992306784621656,0.020825359056864015,0.014725752609753227,2,0.5890898406505585,0.8331479853295889,0.5891245901584625,2,0.6731602856635099,0.9520415628934205,0.6731950450933766,2,0.5826756358146667,0.8238720118813717,0.5825654864311217,2,0.6658204025409844,0.9414564241480011,0.66571022170669,2,0.5499978363513947,0.7772263666135764,0.5495820343494414,2,0.628457446109613,0.8881848429322248,0.6280415253844847,2,0.25126262626262624,0.3124840573425399,0.22095959595959594,2,65.5,0.7071067811865476,0.5,2,69.0,4.242640687119285,2.9999999999999996,2,-0.0005686186573032603,0.19325693326872476,0.13665328802563137,2,0.2758167206623429,0.00015790588586403565,0.0001116563226837286,2
bowphs/LaTa,inverse,abtt,2,69.0,0.687871128320694,-0.03471998032182455,0.014906820068141913,0.010540713556110859,2,-0.049308030390916094,0.009295765666831445,0.006573098939337604,2,0.004877593892160803,0.009164560147494047,0.006480322626885027,2,0.009047702417305358,0.015593842720499898,0.011026511932421957,2,0.09292607009410858,0.04069482635942097,0.028775587677955627,2,0.1318199326630595,0.026076762740727844,0.018439055765361357,2,-0.025452077388763428,0.033769235138686605,0.02387845516204834,2,-0.0445653335199834,0.06027726150812214,0.042622460363748026,2,-0.027069389820098877,0.019902753391208422,0.01407337188720703,2,-0.044381048702283335,0.04007246430179221,0.02833551124665312,2,0.06403598189353943,0.034021821201812394,0.024057060480117798,2,0.08971183303617675,0.026943976176725157,0.019052268266691142,2,0.9627525252525253,0.0330340289190685,0.023358585858585853,2,69.0,4.242640687119285,2.9999999999999996,2,69.0,4.242640687119285,2.9999999999999996,2,-0.5483565816348652,0.12623204297858684,0.08925953359319046,2,2.4936678293146107e-05,3.525370599782899e-05,2.492813457302174e-05,2
bowphs/LaTa,inverse,baseline,2,69.0,0.937414288520813,-0.15780340507626534,0.09554536194587006,0.06756077334284782,2,-0.17389695036513028,0.11826863218589553,0.0836285518203043,2,0.3830597847700119,0.8712059784056227,0.6160356551408767,2,0.36657863226592563,0.8949172803188448,0.6328020775144776,2,0.38741645216941833,0.8653322460831748,0.6118822991847992,2,0.371542553890387,0.888184842932225,0.6280415253844849,2,-0.00121346116065979,0.0017515808772642452,0.0012385547161102295,2,-0.001388419005182028,0.0019990187665530844,0.0014135197255488539,2,-0.0027241408824920654,0.005120041303951918,0.0036204159259796143,2,-0.0031767231734316525,0.005760451231759388,0.004073254128671463,2,0.0016385912895202637,0.019589770894166525,0.013852059841156006,2,0.0007693215378342961,0.020825359056864102,0.01472575260975329,2,0.5738636363636364,0.5169379120038018,0.365530303030303,2,65.5,0.7071067811865476,0.5,2,69.0,4.242640687119285,2.9999999999999996,2,0.0005686186573032603,0.19325693326872476,0.13665328802563137,2,0.2758167206623429,0.00015790588586403565,0.0001116563226837286,2
bowphs/LaTa,ot,abtt,2,69.0,0.687871128320694,0.25235678628087044,0.18237200026946584,0.12895647808909416,2,0.34444438478226125,0.17867761319294442,0.12634415193495793,2,0.4271638095378876,0.16266504533137083,0.11502155661582945,2,0.6105479692178738,0.08324252855745937,0.05886135642609435,2,0.6238351464271545,0.13861803447293472,0.09801775217056274,2,0.9102881669638233,0.026943976176725167,0.019052268266691152,2,0.22021549940109253,0.05756888614321229,0.04070734977722168,2,0.31970742781640804,0.003452161093954059,0.0024410465192832853,2,0.41559673100709915,0.10586060818973701,0.07485475391149521,2,0.603885212411402,0.0023346702729611633,0.0016508611818454864,2,0.5949450582265854,0.13194502931532615,0.09329922497272491,2,0.8681800673369404,0.026076762740727857,0.018439055765361367,2,0.36174242424242425,0.01874904344055238,0.013257575757575744,2,69.0,4.242640687119285,2.9999999999999996,2,69.0,4.242640687119285,2.9999999999999996,2,0.5483565816348652,0.12623204297858684,0.08925953359319046,2,2.4936678293146107e-05,3.525370599782899e-05,2.492813457302174e-05,2
bowphs/LaTa,ot,baseline,2,69.0,0.937414288520813,0.3438984677195549,0.7765911819963809,0.5491328909993172,2,0.40759063138917845,0.8667483768788892,0.6128836548734958,2,0.13119298219680786,1.0732694130362195,0.7589160799980162,2,0.19461631177511407,1.1632170190886582,0.8225186421891918,2,0.9357756972312927,0.0685161085754319,0.04844820499420165,2,0.9992306784621656,0.020825359056864015,0.014725752609753227,2,0.5890898406505585,0.8331479853295889,0.5891245901584625,2,0.6731602856635099,0.9520415628934205,0.6731950450933766,2,0.5826756358146667,0.8238720118813717,0.5825654864311217,2,0.6658204025409844,0.9414564241480011,0.66571022170669,2,0.5499978363513947,0.7772263666135764,0.5495820343494414,2,0.628457446109613,0.8881848429322248,0.6280415253844847,2,0.25126262626262624,0.3124840573425399,0.22095959595959594,2,65.5,0.7071067811865476,0.5,2,69.0,4.242640687119285,2.9999999999999996,2,-0.0005686186573032603,0.19325693326872476,0.13665328802563137,2,0.2758167206623429,0.00015790588586403565,0.0001116563226837286,2
bowphs/LaTa,random,abtt,10,69.0,0.687871128320694,0.1652937013655901,0.11930339394805076,0.03772704574641883,10,0.22865615993901528,0.13653532117551181,0.04317625959772357,10,0.2566597884520888,0.13530900016360203,0.042788462843707825,10,0.3718865701434698,0.1618356181567025,0.051176915991648045,10,0.42814587205648424,0.11014230316447131,0.034830054473650056,10,0.6257778303677262,0.12692193500896218,0.0401362399664184,10,0.02164713144302368,0.03263444390795529,0.010319917292214507,10,0.028290771038360463,0.04847570282390915,0.015329363210100913,10,0.11392553448677063,0.037857482303514156,0.011971587055862256,10,0.16608641079793793,0.052253764641057854,0.016524091258411363,10,0.2565293848514557,0.09769907445031355,0.03089516005533538,10,0.3690322239308493,0.10952738005059545,0.03463559871107698,10,0.6842171717171718,0.0882102070347093,0.027894516710468883,10,69.0,3.1622776601683795,1.0,10,69.0,3.1622776601683795,1.0,10,0.0055086673654552,0.11381859115907107,0.03599259881341686,10,0.5389996062057703,0.31476676605722276,0.0995379912466202,10
bowphs/LaTa,random,baseline,10,69.0,0.937414288520813,0.023644738644361497,0.49345214194104364,0.15604326848223984,10,0.020247592851167128,0.5310645983355798,0.16793737154228974,10,0.3373775914311409,0.6321499461244733,0.19990336525060662,10,0.3673000840979935,0.6797284286409626,0.21494900248726723,10,0.9408342480659485,0.0601386196844615,0.019017501354153494,10,1.0040649666677057,0.01018423993888877,0.0032205394444542535,10,0.0004291236400604248,0.0034223778716796056,0.0010822509088267021,10,0.0004894446009050916,0.003910886110968667,0.0012367307780179009,10,0.0007153332233428955,0.003687493977028369,0.0011660879825562262,10,0.0007965239023576031,0.004214874536757607,0.0013328603588001126,10,0.14119274020195008,0.41576884664016955,0.1314776535524181,10,0.1611516607193331,0.47516950703464245,0.15026179168888712,10,0.21717171717171718,0.11057735791858314,0.03496763086663785,10,65.5,0.5270462766947299,0.16666666666666666,10,69.0,3.1622776601683795,1.0,10,0.08287914706381942,0.13430812389362237,0.042471957976792894,10,0.4329426393242038,0.3024218317503436,0.09563418024913117,10
bowphs/LaTa,retrieval_mark,abtt,2,69.0,0.687871128320694,0.286617636680603,0.012653832622122737,0.008947610855102539,2,0.4326067274401981,0.12696999774440987,0.08978134641231285,2,0.40110519528388977,0.09355428687029872,0.06615287065505981,2,0.584450956354224,0.010678223843460942,0.00755064449073911,2,0.40912869572639465,0.11916460863370093,0.08426210284233093,2,0.5916704850029111,0.024741119077549667,0.017494613073879228,2,0.07088115811347961,0.015377488413442242,0.010873526334762573,2,0.10349858179294336,0.0036205790696762674,0.00256013601199017,2,0.28224678337574005,0.10529566129558486,0.07445527613162994,2,0.4038286361135295,0.051722978876107044,0.03657366910646384,2,0.5886179730296135,0.23056523039937665,0.16303423792123792,2,0.8401065205985669,0.12433922345400614,0.08792110807179715,2,0.7398989898989898,0.0249987245874032,0.01767676767676768,2,69.0,4.242640687119285,2.9999999999999996,2,69.0,4.242640687119285,2.9999999999999996,2,0.4129608447846028,0.09080397288701374,0.06420810498708682,2,0.0020646652545405373,0.002887972252228988,0.002042104763429704,2
bowphs/LaTa,retrieval_mark,baseline,2,69.0,0.937414288520813,-0.2450082153081894,0.09467440258974849,0.06694491207599639,2,-0.26729277620179065,0.1261176292708631,0.0891786308845983,2,-0.19806412607431412,0.07711405513494216,0.0545278713107109,2,-0.21610809674941756,0.10257412356203464,0.07253085834498152,2,-0.2380806803703308,0.07429014252772737,0.052531063556671136,2,-0.2588435144751664,0.1035782995891553,0.0732409180232635,2,-0.001675039529800415,0.002376871521771869,0.001680701971054077,2,-0.0019144846920183078,0.0027155004041062338,0.001920148750058328,2,-0.0037585198879241943,0.005555418249069453,0.003928273916244506,2,-0.004306980035170997,0.006331126574026427,0.004476782533044441,2,-0.005440115928649902,0.008486267947668514,0.006000697612762451,2,-0.006256385042111367,0.009640873160110275,0.006817126788073355,2,0.9501262626262627,0.02767715936462497,0.019570707070707072,2,65.5,0.7071067811865476,0.5,2,69.0,4.242640687119285,2.9999999999999996,2,-0.18605614764835016,0.11492355980164472,0.0812632284538407,2,0.21685846369498024,0.26236210952618333,0.18551802677237192,2
bowphs/PhilTa,attention_standalone,abtt,2,71.5,0.4546099938452244,0.0906797768548131,0.09641905426169975,0.06817856710404158,2,0.2567064654247441,0.0955306806793853,0.06755039211976005,2,0.07998710311949253,0.11052213129456089,0.07815094850957394,2,0.10737928533185839,0.11443691736117376,0.0809191202841705,2,0.32868665270507336,0.3948223228838639,0.2791815418750047,2,0.7186011090759903,0.007354936346079699,0.005200725365508363,2,0.05418923869729042,0.07007684325428276,0.04955181106925011,2,0.09517751077601333,0.040091831186304924,0.028349205702022515,2,0.06597476452589035,0.09045633545406609,0.06396228820085524,2,0.09185996949146065,0.08889590252189414,0.06285889549292965,2,0.20204737968742847,0.25056983955254575,0.17717963270843026,2,0.4049569996509377,0.06589785977441956,0.04659682351217228,2,0.5331211692597831,0.11418390973898751,0.08074021687883073,2,71.5,41.71930009000631,29.5,2,71.5,41.71930009000631,29.5,2,-0.011179444231262312,0.16192630450836412,0.11449918797034209,2,0.3658031646971853,0.08759399385365156,0.06193830704512978,2
bowphs/PhilTa,attention_standalone,baseline,2,71.5,0.9356135725975037,-0.031022494134958833,0.04114796630787038,0.02909600600833073,2,-0.031263687728761154,0.041098598544785016,0.029061097728281058,2,-0.1298530101776123,0.054230118171300544,0.038346484303474426,2,-0.13669888316477782,0.04536479788545561,0.032077756211962814,2,-0.07467605173587799,0.06778008762317403,0.04792775958776473,2,-0.07680316360586531,0.06536684534994484,0.046221339611718336,2,0.0011311173439025879,0.011755514692961542,0.008312404155731201,2,0.0006327126454313296,0.012506191080933609,0.008843212520142873,2,0.005240350961685181,0.00866383262044491,0.0061262547969818115,2,0.005196368829440057,0.008781190425429847,0.006209239296711829,2,0.0037488937377929688,0.035981186042235346,0.025442540645599365,2,0.002244422993706526,0.03825048354795816,0.027047176300425683,2,0.8145921735030646,0.10818300353372684,0.07649693540782648,2,71.0,41.012193308819754,28.999999999999996,2,71.5,41.71930009000631,29.5,2,-0.007141490585327863,0.16950086220855964,0.11985520908463912,2,0.34263321946805625,0.19041105844873932,0.13464095064201162,2
bowphs/PhilTa,attention_weighted,abtt,2,71.5,0.4546099938452244,0.3234516605734825,0.1988098559762376,0.14057979732751846,2,1.5939165495271976,1.4727397088052663,1.041384235018905,2,0.33253687620162964,0.3004771056202317,0.21246939897537231,2,1.1896000519966639,0.7645935265578244,0.5406492674803742,2,0.3993810899555683,0.39094179141865903,0.27643759176135063,2,1.2882032888192787,0.6837600054537832,0.4834913365605208,2,0.1088122152723372,0.07360896186937176,0.05204939609393477,2,0.504765010497693,0.4429650678014373,0.3132236032711551,2,0.15814250335097313,0.15788884328592684,0.11164427176117896,2,0.49565514339770883,0.24665890280800662,0.17441418281557503,2,0.29877224937081337,0.3137109579032053,0.221827145665884,2,0.8643586277745887,0.34573228676251083,0.24446964444490343,2,0.2881895332390382,0.3065462919853986,0.21676096181046675,2,71.5,41.71930009000631,29.5,2,71.5,41.71930009000631,29.5,2,0.13903450563267267,0.07870650637999921,0.0556539043847997,2,0.3253313044763764,0.3878741623541565,0.27426845044767595,2
bowphs/PhilTa,attention_weighted,baseline,2,71.5,0.9356135725975037,-0.007418567314743996,0.05498398041136868,0.03887954540550708,2,-0.005243524886286422,0.05828462148433521,0.041213451090464565,2,-0.09564626216888428,0.017658950006897576,0.012486763298511505,2,-0.10353768037457081,0.028415560246644864,0.020092835341617467,2,-0.11201337352395058,0.0219531712294831,0.015523236244916916,2,-0.12131811125970246,0.03464382875986387,0.02449688624236528,2,0.0007727146148681641,0.012109379633059008,0.008562624454498291,2,0.0002305107662167816,0.012921472406357002,0.009136860761449891,2,-0.00037229061126708984,0.023253849316309607,0.016442954540252686,2,-0.0015496888565494828,0.024996926508414678,0.017675496242921786,2,0.03122684359550476,0.004651958404389929,0.00328943133354187,2,0.033288039173046596,0.0019044816006687421,0.001346671854477878,2,0.8006836397925507,0.15585686949774213,0.11020744931636023,2,71.0,41.012193308819754,28.999999999999996,2,71.5,41.71930009000631,29.5,2,0.043714551343311966,0.13768771346866818,0.0973599158797656,2,0.48445034501092593,0.15782406553480963,0.11159846697409397,2
bowphs/PhilTa,bertscore,abtt,2,71.5,0.4546099938452244,0.2642977423965931,0.40268099528124685,0.2847384624183178,2,0.17959271473424185,0.6705586864156611,0.47415659434805757,2,0.3512260044226423,0.5012214036553515,0.3544170534005388,2,0.397119710914625,0.6266447786777338,0.4431047723981688,2,0.44068193063139915,0.562438740465624,0.3977042473852634,2,0.8088102806418931,0.2679571431767495,0.1894743130076542,2,0.09686120599508286,0.14102703242998402,0.09972117096185684,2,0.09643048420380981,0.19465859541800917,0.1376444128363229,2,0.2245819866657257,0.303658434039531,0.21471893787384033,2,0.33260899424665724,0.2693739379079763,0.19047613816965403,2,0.44083839538507164,0.5692692098712642,0.4025341186206788,2,0.7781055581002685,0.31977684262581085,0.22611637388713426,2,0.39957567185289955,0.2430367013130566,0.17185289957567182,2,71.5,41.71930009000631,29.5,2,71.5,41.71930009000631,29.5,2,0.4208599211532302,0.5121046291368861,0.3621126559397142,2,0.35585686696865193,0.5032576075306658,0.35585686696865193,2
bowphs/PhilTa,bertscore,baseline,2,71.5,0.9356135725975037,0.8556602299213409,0.09565518082802126,0.06763842701911926,2,0.9231752097130874,0.18731182035286104,0.1324494583679044,2,0.9272658228874207,0.021591914785828035,0.015267789363861084,2,0.9963718681193108,0.11489705264048795,0.08124448506043674,2,0.9517464935779572,0.04228353074061486,0.029898971319198605,2,1.0194896775337237,0.04875625856154199,0.034475881054151,2,0.82468581199646,0.20500846674371967,0.144962877035141,2,0.8953364025759678,0.3016250614764898,0.2132811263458352,2,0.9771117549389601,0.08180324237745737,0.05784362740814686,2,1.0447615625502993,0.008845800723444205,0.006254925676572265,2,0.9674261072650552,0.08738625232432227,0.06179141160100698,2,1.0340891074577012,0.0018950779413322712,0.0013400224631930913,2,0.07131070249882131,0.06717681113111236,0.04750117868929749,2,71.0,41.012193308819754,28.999999999999996,2,71.5,41.71930009000631,29.5,2,0.5810449990789534,0.2500086103016539,0.1767827836993244,2,0.003962436269949471,0.005603731113001601,0.003962436269949471,2
bowphs/PhilTa,dla,abtt,2,71.5,0.4546099938452244,0.3112910930067301,0.3849212747937378,0.27218044362962246,2,0.6291808677781039,0.0927318744670867,0.06557133726781667,2,0.3724797931499779,0.5205945056684937,0.36811590520665044,2,0.47236488641453767,0.579089996662853,0.4094784635575985,2,0.3144396375864744,0.38110818092032833,0.26948417909443373,2,0.6715638607671258,0.033554881047688376,0.02372688393072841,2,0.16098332963883877,0.16059533213901225,0.11355804838240145,2,0.5051655377699726,0.25210219049501126,0.17826316845100523,2,0.32584518380463123,0.4254959088779178,0.3008710425347089,2,0.5530689902271759,0.2731915593073162,0.19317560414913015,2,0.43985119252465665,0.5575878933880171,0.39427418052218854,2,0.8250025611039223,0.23788288302875096,0.16820859971783608,2,0.10101367279585101,0.10918315456793697,0.0772041489863272,2,71.5,41.71930009000631,29.5,2,71.5,41.71930009000631,29.5,2,0.36262046144842414,0.5784855548384941,0.40905105864476154,2,0.3851504770059972,0.5446850281363481,0.38515047700599714,2
bowphs/PhilTa,dla,baseline,2,71.5,0.9356135725975037,0.8713184297084808,0.11911512823354914,0.08422711491584778,2,0.9411426049505536,0.21404197857604776,0.1513505345097091,2,0.9564119577407837,0.0003980348373368832,0.00028145313262939453,2,1.0266084014379833,0.09503107142710181,0.06719711502952684,2,0.9682787954807281,0.033375288545655274,0.02359989285469055,2,1.0376756185953786,0.05995344186482385,0.042393485298090394,2,1.0100036934018135,0.06348357466570073,0.0448896661400795,2,1.0809729962850074,0.031763192489979504,0.022459968801798125,2,1.0373863652348518,0.1020268254820648,0.07214386016130446,2,1.1084586128167668,0.00689960380570192,0.004878756638512337,2,0.9771701348945498,0.06123215192143252,0.043297669850289815,2,1.0458416245208761,0.030932070270128082,0.021872276644146368,2,0.07131070249882131,0.06717681113111236,0.04750117868929749,2,71.0,41.012193308819754,28.999999999999996,2,71.5,41.71930009000631,29.5,2,0.4585838170560432,0.02548390680083075,0.018019843309993396,2,0.001750442937121195,0.002474740686335941,0.0017499059209863943,2
bowphs/PhilTa,ig,abtt,2,71.5,0.4546099938452244,0.30478339083492756,0.36409189132788095,0.25745184533298016,2,0.6757717978508581,0.008918194852248807,0.006306116055968091,2,0.3712988058105111,0.5063416789072399,0.3580376347526908,2,0.5297693420358189,0.47894798162756397,0.3386673656444604,2,0.4478386491537094,0.5418810408536245,0.38316775858402247,2,0.9607231667181708,0.04069282783593286,0.028774174508444824,2,0.13182226195931435,0.14798765295018698,0.10464307293295859,2,0.33661696867388186,0.0778560899813739,0.055052569182499504,2,0.3156484104692936,0.4179006858938643,0.29550040885806084,2,0.5090268825483757,0.30926200780905744,0.21868126288515152,2,0.39105590991675854,0.502736104262097,0.35548810847103596,2,0.7007404820678029,0.26613471472540523,0.18818566149148136,2,0.12281942479962282,0.10634939330434166,0.07520037718057519,2,71.5,41.71930009000631,29.5,2,71.5,41.71930009000631,29.5,2,0.3390429267858505,0.5391829595937072,0.38125992702894257,2,0.3953279652063749,0.5590781699802144,0.39532796520637487,2
bowphs/PhilTa,ig,baseline,2,71.5,0.9356135725975037,0.8304089605808258,0.06126040216373597,0.04331764578819275,2,0.8943700417667697,0.1478955853745882,0.10457797132592528,2,0.9413631558418274,0.050999794040607324,0.03606230020523071,2,1.0079133759105254,0.03837336759989476,0.02713406844684973,2,0.9409544765949249,0.0712347067449301,0.050370544195175164,2,1.0064739379982504,0.016613292878484308,0.011747372052214431,2,1.0015565119683743,0.07542969321269673,0.05333684757351875,2,1.0713151753514834,0.01810497114281897,0.01280214786827405,2,0.9745553216198459,0.02992063863694346,0.021157086477614936,2,1.044583544005056,0.06428242164772455,0.045454536258198945,2,0.9695142023265362,0.01603721830153933,0.011340025812387466,2,1.0398591741665557,0.07868589427442255,0.05563932942517191,2,0.07131070249882131,0.06717681113111236,0.04750117868929749,2,71.0,41.012193308819754,28.999999999999996,2,71.5,41.71930009000631,29.5,2,0.3300245530589847,0.32428394951822737,0.2293033797342946,2,0.26282315973819903,0.3716880749440815,0.2628231582791337,2
bowphs/PhilTa,inverse,abtt,2,71.5,0.4546099938452244,-0.05157863348722458,0.01429674838721377,0.010109327733516693,2,-0.33552623672653925,0.3706272535161712,0.2620730442538303,2,-0.04425516165792942,0.051059892812405826,0.03610479645431042,2,-0.1065691657404679,0.015390634278996979,0.010882821865440893,2,0.06366352178156376,0.04219752746205035,0.029838157817721363,2,0.2993898279558763,0.26595042852260486,0.18805535146780208,2,-0.019381582736968994,0.026222673325416983,0.018542230129241943,2,-0.02862615756113219,0.02337772573097981,0.016530548393095063,2,-0.02279394119977951,0.028517411176153248,0.020164854824543,2,-0.04451939482392671,0.009379877103680845,0.006632574706709158,2,0.0022507794201374054,0.0034952223419402505,0.002471495419740677,2,0.03389409823283404,0.048305164744882875,0.034156909557440024,2,0.8582036775106082,0.10251548100653629,0.07248939179632252,2,71.5,41.71930009000631,29.5,2,71.5,41.71930009000631,29.5,2,-0.3390429267858505,0.5391829595937072,0.38125992702894257,2,0.3953279652063749,0.5590781699802144,0.39532796520637487,2
bowphs/PhilTa,inverse,baseline,2,71.5,0.9356135725975037,0.08252203091979027,0.07622473028958197,0.05389902368187904,2,0.09234698578876477,0.08998041849361181,0.06362576409083634,2,-0.024459258653223515,0.0652395796449696,0.046131349168717854,2,-0.029480555708532447,0.07244593219161717,0.0512270099220733,2,-0.036398524418473244,0.06665037032479787,0.0471289288252592,2,-0.042365639911303765,0.07514121642457595,0.053132863680423636,2,-0.0059844255447387695,0.00816738489183509,0.0057752132415771484,2,-0.006827472857856951,0.009358618610564577,0.006617542682068838,2,-0.02339935302734375,0.03308738342347736,0.023396313190460205,2,-0.026752706480910927,0.037829726605807266,0.026749656213399472,2,-0.005069553852081299,0.015369185484285596,0.010867655277252197,2,-0.006201656765978291,0.01699835668994339,0.012019653284486686,2,0.9653465346534653,0.04900740067629533,0.03465346534653462,2,71.0,41.012193308819754,28.999999999999996,2,71.5,41.71930009000631,29.5,2,-0.3300245530589847,0.32428394951822737,0.2293033797342946,2,0.26282315973819903,0.3716880749440815,0.2628231582791337,2
bowphs/PhilTa,ot,abtt,2,71.5,0.4546099938452244,0.30478339083492756,0.36409189132788095,0.25745184533298016,2,0.6757717978508581,0.008918194852248807,0.006306116055968091,2,0.3712988058105111,0.5063416789072399,0.3580376347526908,2,0.5297693420358189,0.47894798162756397,0.3386673656444604,2,0.4478386491537094,0.5418810408536245,0.38316775858402247,2,0.9607231667181708,0.04069282783593286,0.028774174508444824,2,0.13182226195931435,0.14798765295018698,0.10464307293295859,2,0.33661696867388186,0.0778560899813739,0.055052569182499504,2,0.3156484104692936,0.4179006858938643,0.29550040885806084,2,0.5090268825483757,0.30926200780905744,0.21868126288515152,2,0.39105590991675854,0.502736104262097,0.35548810847103596,2,0.7007404820678029,0.26613471472540523,0.18818566149148136,2,0.12281942479962282,0.10634939330434166,0.07520037718057519,2,71.5,41.71930009000631,29.5,2,71.5,41.71930009000631,29.5,2,0.3390429267858505,0.5391829595937072,0.38125992702894257,2,0.3953279652063749,0.5590781699802144,0.39532796520637487,2
bowphs/PhilTa,ot,baseline,2,71.5,0.9356135725975037,0.8304089605808258,0.06126040216373597,0.04331764578819275,2,0.8943700417667697,0.1478955853745882,0.10457797132592528,2,0.9413631558418274,0.050999794040607324,0.03606230020523071,2,1.0079133759105254,0.03837336759989476,0.02713406844684973,2,0.9409544765949249,0.0712347067449301,0.050370544195175164,2,1.0064739379982504,0.016613292878484308,0.011747372052214431,2,1.0015565119683743,0.07542969321269673,0.05333684757351875,2,1.0713151753514834,0.01810497114281897,0.01280214786827405,2,0.9745553216198459,0.02992063863694346,0.021157086477614936,2,1.044583544005056,0.06428242164772455,0.045454536258198945,2,0.9695142023265362,0.01603721830153933,0.011340025812387466,2,1.0398591741665557,0.07868589427442255,0.05563932942517191,2,0.07131070249882131,0.06717681113111236,0.04750117868929749,2,71.0,41.012193308819754,28.999999999999996,2,71.5,41.71930009000631,29.5,2,0.3300245530589847,0.32428394951822737,0.2293033797342946,2,0.26282315973819903,0.3716880749440815,0.2628231582791337,2
bowphs/PhilTa,random,abtt,10,71.5,0.4546099938452244,0.11902341162785887,0.1448173136124589,0.045795255564227685,10,0.11863049305013929,0.6834856268302018,0.21613713287713282,10,0.2550283741205931,0.2305594906763871,0.07290931267057386,10,0.7126156117467244,0.8177481964268467,0.2585946853203601,10,0.34716279050335286,0.3107781109429343,0.09827666775041712,10,0.8155677921346435,0.482813403129941,0.1526790038747682,10,0.020561462827026845,0.026922362728393916,0.00851359862149499,10,0.03979533932087205,0.2330302181789822,0.07369062530915588,10,0.076283173635602,0.07242727366495659,0.02290351494975938,10,0.286765370061555,0.5844901219093479,0.18483200551030235,10,0.1365314687602222,0.13460866077733313,0.04256699608413441,10,0.30397260797741527,0.42154521401368866,0.1333043013026386,10,0.4738802451673739,0.2404880723372514,0.07604900586890473,10,71.5,31.095730324989063,9.833333333333332,10,71.5,31.095730324989063,9.833333333333332,10,0.0130396389305513,0.14234168188316054,0.04501239207299127,10,0.4371951490821674,0.34385285546143146,0.10873582032107913,10
bowphs/PhilTa,random,baseline,10,71.5,0.9356135725975037,0.6181799597106874,0.44792206779059973,0.14164539484706398,10,0.6422820837418752,0.4657503431464963,0.14728319053479222,10,0.7146247535943985,0.4240403479376883,0.13409333192933784,10,0.7497630295263271,0.4447267005004423,0.1406349309872942,10,0.8024468667805195,0.32978377272361564,0.10428678571699358,10,0.8484168010435935,0.3392316287343475,0.10727446011691606,10,0.03766939043998718,0.09380702576075349,0.029664386193007042,10,0.04290266569294042,0.10731927916675081,0.033937335901438985,10,0.04748293161392212,0.08383601500613005,0.026511275737142608,10,0.05342838098302727,0.09608123417192886,0.030383554038329732,10,0.14199969917535782,0.3039907927645393,0.0961303292856178,10,0.1606407629036278,0.3482594734840837,0.110129315294072,10,0.15016501650165018,0.20189335572011766,0.06384428485301559,10,71.0,30.568684048294333,9.666666666666666,10,71.5,31.095730324989063,9.833333333333332,10,0.03529325301057777,0.0738022479588866,0.023338319999059443,10,0.6246481659795664,0.2887922618934117,0.09132413182150316,10
bowphs/PhilTa,retrieval_mark,abtt,2,71.5,0.4546099938452244,0.1257790680974722,0.10136318383959031,0.07167459465563297,2,0.5073962517097816,0.38506757823859417,0.2722838957875914,2,0.10493285022675991,0.09124926782270383,0.06452297605574131,2,0.3920534589483492,0.2690947658960963,0.1902787337469362,2,0.12303324043750763,0.23093920992292594,0.16329868137836454,2,-0.11965459594395542,0.6513814229568052,0.46059622131169964,2,0.030453205108642578,0.03052527650250011,0.021584630012512207,2,0.09488221537566958,0.04655539741086882,0.03291963721005998,2,0.08597530331462622,0.05513547594125207,0.038986668922007084,2,0.4129656369008384,0.37359379815935445,0.2641707080877178,2,0.11508790403604507,0.19113405085200932,0.1351521834731102,2,0.004413583265133636,0.415146227608718,0.2935527127261384,2,0.48043375766148044,0.3427184210559976,0.24233851956624233,2,71.5,41.71930009000631,29.5,2,71.5,41.71930009000631,29.5,2,-0.00855053756113229,0.0018933552185501025,0.0013388043142317152,2,0.9428289738510067,0.029723003286167164,0.021017337180878837,2
bowphs/PhilTa,retrieval_mark,baseline,2,71.5,0.9356135725975037,0.10160967614501715,0.11989821799597056,0.08478084299713372,2,0.10313540181216165,0.11864499610775787,0.08389468130164712,2,0.08285287395119667,0.010878001501896536,0.007691908627748489,2,0.08839420550848696,0.003480753556636856,0.002461264443537114,2,-0.08309492911212146,0.10849487479590421,0.07671746169216931,2,-0.0838261175118477,0.10823632506052212,0.07653463942100665,2,-0.0004500746726989746,0.001017424923052982,0.0007194280624389648,2,-0.0005334183911481287,0.0011365978063183544,0.0008036960163294624,2,-0.012890547513961792,0.021586309254976087,0.01526382565498352,2,-0.014904000596921648,0.024445278499554315,0.017285422195028568,2,0.003321826457977295,0.032151217624353384,0.022734344005584717,2,0.001975440986393226,0.03418173458828483,0.024170136320094963,2,0.7838283828382838,0.16569168800080822,0.11716171617161719,2,71.0,41.012193308819754,28.999999999999996,2,71.5,41.71930009000631,29.5,2,-0.08552043779047702,0.2285486144110035,0.16160827508081005,2,0.3225893044880628,0.4375669121218063,0.30940653078418734,2
google/mt5-base,attention_standalone,abtt,2,175.5,0.2836148738861084,-0.03128642914816737,0.05818659628188853,0.04114413680508733,2,-0.20525928890827572,0.32506603123923,0.22985639502265762,2,0.05689943488687277,0.046283415495357506,0.03272731695324182,2,0.18442420911956836,0.05545677542242539,0.039213861963936454,2,-0.012551000341773033,0.05232622648605202,0.037000229582190514,2,-0.11833271505370979,0.25362338263705736,0.17933881373013372,2,0.08040500059723854,0.008246331207452058,0.0058310367166996,2,0.3520640435967774,0.23473954508391984,0.165985924141485,2,0.08641465753316879,0.03335957830787284,0.023588784039020535,2,0.3259496251966869,0.07278578143621045,0.05146731962750633,2,-0.014616236090660095,0.025599974712092778,0.018101915717124935,2,-0.0939259162410986,0.14513145852757606,0.10262343848834321,2,0.9254850088183422,0.060484442482447165,0.042768959435626086,2,175.5,19.091883092036785,13.5,2,175.5,19.091883092036785,13.5,2,-0.1759020895453246,0.004331812239696679,0.003063053809516408,2,0.020794216317667386,0.009974964794619765,0.007053365248372713,2
google/mt5-base,attention_standalone,baseline,2,175.5,0.9843540191650391,0.7028164863586426,0.17365926149968008,0.12279564142227171,2,0.713917670928929,0.17585236589104897,0.12434640040925865,2,0.6564714014530182,0.28628225777600513,0.20243212580680844,2,0.6667904852398374,0.29030290623997723,0.2052751536004504,2,0.7776716649532318,0.058462947240673885,0.04133954644203186,2,0.7900563388230926,0.06001983465549983,0.04244043209059928,2,0.05846142768859863,0.0116385150414953,0.008229672908782959,2,0.05938597501476897,0.011776327846665586,0.008327121277853209,2,0.09259593486785889,0.01618683434539694,0.011445820331573486,2,0.09406121445364685,0.01636939440024822,0.011574909784332612,2,0.17922350764274597,0.058671321259711744,0.041486889123916626,2,0.1820485880106995,0.0594592590333795,0.04204404526683012,2,0.06040564373897707,0.010600366208263939,0.007495590828924161,2,175.5,19.091883092036785,13.5,2,175.5,19.091883092036785,13.5,2,-0.14278874033838707,0.32727227088170385,0.23141644203477346,2,0.13103337090482156,0.18530901032731362,0.1310332578174114,2
google/mt5-base,attention_weighted,abtt,2,175.5,0.2836148738861084,0.3201071694493294,0.15453339043036085,0.10927160829305647,2,1.1689777092639373,0.1380061386961362,0.09758507651740911,2,0.27602267265319824,0.093942206463993,0.06642717123031616,2,1.0567997567391019,0.28611457688500386,0.20231355751170604,2,0.37984251230955124,0.253015212874038,0.17890877276659012,2,1.300642010947831,0.13231795433658178,0.09356292278412891,2,0.16373914666473866,0.031555553580170884,0.022313145920634266,2,0.6569179613666891,0.2724869567918243,0.1926773749323847,2,0.24273813888430595,0.06022138224917721,0.04258294776082038,2,0.9571698540011406,0.346810734476415,0.24523222213656018,2,0.3402214106172323,0.19567953841452662,0.13836632855236528,2,1.2033967580455927,0.013035027226247246,0.0092171561446307,2,0.041005291005291,0.03180109862479182,0.022486772486772486,2,175.5,19.091883092036785,13.5,2,175.5,19.091883092036785,13.5,2,0.4562389055914317,0.19528219695709348,0.13808536571336777,2,4.072314312666126e-06,5.759122131111014e-06,4.072314312590119e-06,2
google/mt5-base,attention_weighted,baseline,2,175.5,0.9843540191650391,0.8729371428489685,0.04426582346662774,0.03130066394805908,2,0.8868303315593349,0.04567393170770359,0.032296346833968474,2,0.9143380522727966,0.03830609049979328,0.02708649635314941,2,0.9288869030868041,0.039652881432520055,0.02803882135452107,2,0.9133533835411072,0.04116921021283533,0.02911102771759033,2,0.9278877383960007,0.04256071572576382,0.03009497070184053,2,0.005711346864700317,0.0028614759859501284,0.002023369073867798,2,0.00580097398442137,0.0029023497760355243,0.0020522712080099765,2,0.0301114022731781,0.01151641562135924,0.008143335580825806,2,0.03058537552500689,0.01167516753062549,0.008255590132394281,2,0.2819485366344452,0.1329242902670525,0.09399166703224181,2,0.2863764673070413,0.13480957399204319,0.09532476393864336,2,0.04056437389770723,0.012471019068545811,0.008818342151675485,2,175.5,19.091883092036785,13.5,2,175.5,19.091883092036785,13.5,2,0.2536896489589192,0.08547198005126719,0.060437816695692335,2,0.003880732195727306,0.005421913624615904,0.003833871890973638,2
google/mt5-base,bertscore,abtt,2,175.5,0.2836148738861084,0.2532813921570778,0.019156912223247516,0.013545982539653778,2,1.1005583431461265,0.7104539483651675,0.5023668046097672,2,0.37453851103782654,0.10307193034787732,0.07288286089897154,2,1.4642817735314932,0.49196102653361007,0.3478689779414107,2,0.4569186717271805,0.2868780666999794,0.2028534263372421,2,1.586266113946249,0.08486346306956577,0.06000753021146409,2,0.09894099459052086,0.012485661428208205,0.008828695863485335,2,0.4361298757303389,0.2987954098194804,0.2112802604707681,2,0.22910940274596214,0.036551353877246784,0.025845710188150406,2,0.92862195445949,0.41359237709194396,0.29245397448877725,2,0.3630027584731579,0.17998377017202027,0.1272677443921566,2,1.3197365521886035,0.136338581957439,0.096405935839463,2,0.1247795414462081,0.09415619396752087,0.0665784832451499,2,175.5,19.091883092036785,13.5,2,175.5,19.091883092036785,13.5,2,0.4359046654172312,0.27128598849004437,0.19182816210220605,2,0.00035644631660766777,0.0005040912152044974,0.00035644631660766734,2
google/mt5-base,bertscore,baseline,2,175.5,0.9843540191650391,0.1323750875890255,0.054097360866847286,0.03825261071324348,2,0.13450101778436524,0.05506407107179942,0.03893617805460737,2,0.49578234553337097,0.027265934266607145,0.019279927015304565,2,0.503673802982043,0.028099446874357895,0.019869309432449602,2,0.8124488592147827,0.0018062453397828745,0.00127720832824707,2,0.825361996097736,0.0011792691667874998,0.0008338692246796507,2,0.017847537994384766,0.01306645026904439,0.009239375591278076,2,0.01812595178006597,0.01325973750730603,0.0093760503081697,2,0.04245889186859131,0.013390728121487208,0.009468674659729004,2,0.04312837200128341,0.013569307172520957,0.009594949117692826,2,0.11369037628173828,0.009563625689303986,0.006762504577636718,2,0.11549362441203438,0.009623885657065253,0.006805114809474793,2,0.47619047619047616,0.007482611441127487,0.005291005291005291,2,175.5,19.091883092036785,13.5,2,175.5,19.091883092036785,13.5,2,-0.05691925899174766,0.29947211151208625,0.21175876082645012,2,0.024660883161662654,0.03461362037346151,0.024475525687491468,2
google/mt5-base,dla,abtt,2,175.5,0.2836148738861084,0.32974547892808914,0.2597871788319501,0.18369727581739423,2,1.079256449989203,0.28552113563811,0.20189393118179158,2,0.29446687921881676,0.2850282678606166,0.20154542103409764,2,0.8979346313113259,0.4804408847432893,0.33972300756124435,2,0.2638483867049217,0.2033958967095565,0.14382261782884598,2,0.869131866976903,0.20943822763854938,0.14809519100291005,2,0.1559058465063572,0.07828709149105342,0.055357333272695534,2,0.5655885953901784,0.054364362612288865,0.038441409458033864,2,0.19116728007793427,0.13935959773577175,0.09854211658239363,2,0.6396595448589397,0.11770197785050959,0.08322786669716414,2,0.23565523512661457,0.17973314130317222,0.12709052301943302,2,0.7786574950950083,0.17885754990582547,0.12647138640482053,2,0.008818342151675485,0.004988407627418324,0.0035273368606701934,2,175.5,19.091883092036785,13.5,2,175.5,19.091883092036785,13.5,2,0.21000859219785536,0.26424276847984757,0.1868478534716071,2,0.3758732033435539,0.5315647400466438,0.37587303232664615,2
google/mt5-base,dla,baseline,2,175.5,0.9843540191650391,0.15050297230482101,0.00236006546592815,0.0016688182950019836,2,0.15289426306175477,0.0022761153363931733,0.0016094565891263124,2,0.7800072729587555,0.06501298896775193,0.04597112536430359,2,0.7924317143962252,0.06667587417553018,0.04714696277105839,2,0.9438117444515228,0.0052259141874112834,0.0036952793598175044,2,0.9588157306115285,0.006070682806506865,0.004292620978913585,2,0.05058521032333374,0.03529950291442015,0.02496051788330078,2,0.051375017466582386,0.035819763360587946,0.02532839757276917,2,0.07174322009086609,0.02885015000843463,0.020400136709213257,2,0.07287193604181452,0.02925082249995611,0.020683454945003003,2,0.10252490639686584,0.06383068557332433,0.04513511061668396,2,0.10412878140422013,0.06476253095207929,0.04579402480301894,2,0.25573192239858905,0.03990726101934659,0.028218694885361547,2,175.5,19.091883092036785,13.5,2,175.5,19.091883092036785,13.5,2,-0.21284646685537797,0.16230133153831092,0.11476437212634572,2,0.10717377306325462,0.15156067588861014,0.10716958168205269,2
google/mt5-base,ig,abtt,2,175.5,0.2836148738861084,0.19174540042877197,0.00748435306486754,0.005292236804962157,2,0.8058703028410278,0.44437264811874266,0.31421891285858644,2,0.2366085946559906,0.06788521240007234,0.04800209403038025,2,0.9215950491233453,0.2990071923599216,0.211430013341251,2,0.43586471676826477,0.16090659451779932,0.11377814412117004,2,1.6531819418370732,0.3983903109071484,0.2817044904014616,2,0.12210442870855331,0.00589622820284067,0.004169262945652008,2,0.5117788906348213,0.27817411481155224,0.1966988029338138,2,0.24792984500527382,0.03363258978745822,0.023781832307577133,2,1.0122572743146714,0.4727405564152751,0.33427805318314263,2,0.3864693082869053,0.13265379706166563,0.09380039945244788,2,1.47827036836514,0.3958297384001385,0.27989389221803507,2,0.02204585537918871,0.013718120975400393,0.009700176366843033,2,175.5,19.091883092036785,13.5,2,175.5,19.091883092036785,13.5,2,0.5954616763901182,0.1564304471323466,0.11061302995132599,2,7.759114629916125e-13,1.0973045141633574e-12,7.7591146299152e-13,2
google/mt5-base,ig,baseline,2,175.5,0.9843540191650391,0.8268154859542847,0.032458215268906736,0.02295142412185669,2,0.8399708067698437,0.033641419247734713,0.023788075678812855,2,0.8695240616798401,0.05487410094312275,0.03880184888839722,2,0.8833672802046528,0.05644807311351997,0.039914815283484,2,0.9059011936187744,0.04720624049983877,0.033379852771759026,2,0.920319532087262,0.04868769025732931,0.03442739594126776,2,0.06833961606025696,0.0027183452884071324,0.0019221603870391846,2,0.06942477659189877,0.0027063999060237057,0.001913713726151997,2,0.1280328631401062,0.0237900415230652,0.016822099685668942,2,0.1300583442317432,0.024064855118744885,0.017016422242736307,2,0.3265415132045746,0.10882809403640417,0.07695308327674866,2,0.3316879721641506,0.11029438024716841,0.07798990419954037,2,0.07495590828924162,0.016212324789109556,0.01146384479717813,2,175.5,19.091883092036785,13.5,2,175.5,19.091883092036785,13.5,2,0.31765308964687095,0.13436372707038374,0.09500950255696683,2,0.0010375253075356023,0.0014672138125324781,0.001037476836292283,2
google/mt5-base,inverse,abtt,2,175.5,0.2836148738861084,-0.19165117293596268,0.011277853922075452,0.007974646985530853,2,-0.8287672475127684,0.5239020766732665,0.3704547110933813,2,-0.20378433912992477,0.016921253717411395,0.011965133249759672,2,-0.8453331786429326,0.4341518615145433,0.30699172534169644,2,-0.10226865485310555,0.03219586694199461,0.02276591584086418,2,-0.4747513862175894,0.3908531461213239,0.27637491007048465,2,-0.09999211132526398,0.019103038014138464,0.013507887721061705,2,-0.40137393988948245,0.16711333088809713,0.1181669694976448,2,-0.15860439836978912,0.017928658227230915,0.012677475810050964,2,-0.6520095759726683,0.31766682801151275,0.22462436824496135,2,-0.14924883842468262,0.000527425662265328,0.00037294626235961914,2,-0.6351538608769411,0.3728947543097692,0.26367640944132936,2,0.9695767195767195,0.03554240434535554,0.025132275132275117,2,175.5,19.091883092036785,13.5,2,175.5,19.091883092036785,13.5,2,-0.5954616763901182,0.1564304471323466,0.11061302995132599,2,7.759114629916125e-13,1.0973045141633574e-12,7.7591146299152e-13,2
google/mt5-base,inverse,baseline,2,175.5,0.9843540191650391,-0.17128661274909973,0.13736193194676452,0.09712955355644225,2,-0.17406464052612564,0.13968353512586343,0.09877117490760733,2,0.06331367790699005,0.040622439147103506,0.02872440218925476,2,0.06433644028515433,0.041319229644199866,0.02921710747481794,2,0.6581039428710938,0.10845825544072107,0.07669156789779663,2,0.6686082634473383,0.11071332066659381,0.07828613981102922,2,0.028849691152572632,0.009109577690296125,0.006441444158554076,2,0.029304580738554502,0.009231091200217688,0.006527367185425393,2,0.0751626193523407,0.05360333131367078,0.037903279066085815,2,0.0763356980962675,0.05439469572743691,0.03846285820944956,2,0.07833468914031982,0.04815530323460709,0.034050941467285156,2,0.07956038631298938,0.0488575112842853,0.0345474775410164,2,0.6111111111111112,0.07856742013183857,0.05555555555555552,2,175.5,19.091883092036785,13.5,2,175.5,19.091883092036785,13.5,2,-0.31765308964687095,0.13436372707038374,0.09500950255696683,2,0.0010375253075356023,0.0014672138125324781,0.001037476836292283,2
google/mt5-base,ot,abtt,2,175.5,0.2836148738861084,0.19174540042877197,0.00748435306486754,0.005292236804962157,2,0.8058703028410278,0.44437264811874266,0.31421891285858644,2,0.2366085946559906,0.06788521240007234,0.04800209403038025,2,0.9215950491233453,0.2990071923599216,0.211430013341251,2,0.43586471676826477,0.16090659451779932,0.11377814412117004,2,1.6531819418370732,0.3983903109071484,0.2817044904014616,2,0.12210442870855331,0.00589622820284067,0.004169262945652008,2,0.5117788906348213,0.27817411481155224,0.1966988029338138,2,0.24792984500527382,0.03363258978745822,0.023781832307577133,2,1.0122572743146714,0.4727405564152751,0.33427805318314263,2,0.3864693082869053,0.13265379706166563,0.09380039945244788,2,1.47827036836514,0.3958297384001385,0.27989389221803507,2,0.02204585537918871,0.013718120975400393,0.009700176366843033,2,175.5,19.091883092036785,13.5,2,175.5,19.091883092036785,13.5,2,0.5954616763901182,0.1564304471323466,0.11061302995132599,2,7.759114629916125e-13,1.0973045141633574e-12,7.7591146299152e-13,2
google/mt5-base,ot,baseline,2,175.5,0.9843540191650391,0.8268154859542847,0.032458215268906736,0.02295142412185669,2,0.8399708067698437,0.033641419247734713,0.023788075678812855,2,0.8695240616798401,0.05487410094312275,0.03880184888839722,2,0.8833672802046528,0.05644807311351997,0.039914815283484,2,0.9059011936187744,0.04720624049983877,0.033379852771759026,2,0.920319532087262,0.04868769025732931,0.03442739594126776,2,0.06833961606025696,0.0027183452884071324,0.0019221603870391846,2,0.06942477659189877,0.0027063999060237057,0.001913713726151997,2,0.1280328631401062,0.0237900415230652,0.016822099685668942,2,0.1300583442317432,0.024064855118744885,0.017016422242736307,2,0.3265415132045746,0.10882809403640417,0.07695308327674866,2,0.3316879721641506,0.11029438024716841,0.07798990419954037,2,0.07495590828924162,0.016212324789109556,0.01146384479717813,2,175.5,19.091883092036785,13.5,2,175.5,19.091883092036785,13.5,2,0.31765308964687095,0.13436372707038374,0.09500950255696683,2,0.0010375253075356023,0.0014672138125324781,0.001037476836292283,2
google/mt5-base,random,abtt,10,175.5,0.2836148738861084,0.08042825292795897,0.08246135990723863,0.026076571626176517,10,0.32624710612213914,0.3501961470131288,0.11074174523766586,10,0.1108614357188344,0.10817878110558976,0.034209134279445164,10,0.3392103336992431,0.36402280621760424,0.11511411878937329,10,0.1751760844141245,0.0971345680628592,0.030716647461528454,10,0.6199277936580595,0.3173146420060056,0.10034370036599183,10,0.01737411543726921,0.03251514436477562,0.01028219146418797,10,0.0820172748537155,0.12980597173842343,0.04104825245848644,10,0.04001602753996849,0.05018427623380638,0.015869661562588483,10,0.12824319876474782,0.18164336071144563,0.05744067416957112,10,0.09055062141269446,0.06847954805951827,0.021655134500704148,10,0.3361877191644891,0.3209926705442733,0.1015067951139944,10,0.5236331569664903,0.2682512046567222,0.08482847917992085,10,175.5,14.230249470757707,4.5,10,175.5,14.230249470757707,4.5,10,-0.006753038210230081,0.0682018221590129,0.02156730985962232,10,0.6042934135638113,0.32685011700346345,0.10335908232234733,10
google/mt5-base,random,baseline,10,175.5,0.9843540191650391,0.8563197791576386,0.05179582589480241,0.01637927831171045,10,0.8699492473818285,0.052959239757714896,0.016747182078532288,10,0.9362669110298156,0.022234251765235857,0.00703108776477647,10,0.951156680273068,0.02295763066673076,0.007259840258779918,10,0.96771080493927,0.010045776001828524,0.003176753302963796,10,0.9830972210265211,0.010708251098276025,0.0033862463227551784,10,0.0018515586853027344,0.0016529274983165519,0.0005227015701804439,10,0.0018813484184964004,0.0016799438264962162,0.0005312448832866768,10,0.006519186496734619,0.004512973703184358,0.0014271275922507257,10,0.006622976049436785,0.00458504182119899,0.0014499175322115305,10,0.018013405799865722,0.010753283864948638,0.0034004869339576164,10,0.018298166085262742,0.01091947903664485,0.0034530424618258943,10,0.060758377425044086,0.03342825069425255,0.010570941038894294,10,175.5,14.230249470757707,4.5,10,175.5,14.230249470757707,4.5,10,0.01561593289108309,0.09621253560385275,0.030425075196821832,10,0.4452178148981935,0.2836524456812248,0.08969877922298618,10
google/mt5-base,retrieval_mark,abtt,2,175.5,0.2836148738861084,0.03440798167139292,0.016531704884604377,0.011689680628478525,2,0.12575018438387506,0.015169671247916183,0.01072657740777213,2,0.12809128314256668,0.01768624009130838,0.012506060302257538,2,0.5225907269024312,0.2429195195133478,0.17177003953046607,2,0.11386263929307461,0.10635436115422016,0.0752038899809122,2,0.3519991768883648,0.16936986491653178,0.11976258001112913,2,0.0737316831946373,0.00789194470010427,0.005580447614192963,2,0.3232538363931203,0.2166600759401379,0.15320180890966384,2,0.1157806646078825,0.004783438132497694,0.0033824015408754344,2,0.4862765654402562,0.26720012675481974,0.18893902156223807,2,0.08442722633481026,0.054269815234241736,0.03837455436587333,2,0.29153569580344274,0.02104523086758033,0.014881225458102498,2,0.8853615520282186,0.06484929915643822,0.04585537918871252,2,175.5,19.091883092036785,13.5,2,175.5,19.091883092036785,13.5,2,0.04840171120569297,0.09982956313226804,0.07059016105371728,2,0.44668162375774706,0.4457130940302459,0.31516675125242416,2
google/mt5-base,retrieval_mark,baseline,2,175.5,0.9843540191650391,0.8137947916984558,0.02835766408358483,0.020051896572113037,2,0.826741494047132,0.029465181501662423,0.020835029648717918,2,0.8618302643299103,0.015161275080581356,0.010720640420913696,2,0.8755351649222656,0.01609780304235279,0.01138286569345309,2,0.9348679184913635,0.030574588315257858,0.02161949872970581,2,0.94973997145241,0.03181505572286147,0.02249664164546322,2,0.007669985294342041,0.0030579224468594056,0.0021622776985168457,2,0.007790665679513294,0.003100338033185614,0.002192270047236111,2,0.035679131746292114,0.015294543415572803,0.010814875364303589,2,0.03624007942929159,0.015508855191749677,0.01096641667452639,2,0.19020181894302368,0.06808444055298332,0.04814296960830688,2,0.19319760102276543,0.06901313971471396,0.04879965908324887,2,0.08421516754850088,0.029306894811082656,0.02072310405643739,2,175.5,19.091883092036785,13.5,2,175.5,19.091883092036785,13.5,2,-0.010906531810637471,0.20448175496141047,0.1445904355621393,2,0.061263229648175946,0.04048829743139019,0.028629549672433873,2
