model,layer,rpr,cgs,isotropy_baseline,isotropy_abtt,isotropy_gain,pc1_var_explained,aucroc_baseline,aucroc_abtt,delta_aucroc
LaTa,1,0.4484380781650543,0.34863728284835815,2.6285397325409576e-07,6.397866769702887e-08,0.24340004035313534,0.2866164445877075,0.8671459534321055,0.9683443075034724,0.1011983540713669
LaTa,2,0.8729669451713562,0.5131223201751709,3.679005544654501e-07,6.326995105609967e-08,0.1719756882346352,0.5500010251998901,0.5712065180557806,0.9632743258485452,0.3920678077927646
LaTa,3,0.982867956161499,0.520548403263092,2.2342757688420534e-07,6.484493297875815e-08,0.2902279740175717,0.8302409052848816,0.480323456956286,0.9583341463249528,0.47801068936866686
LaTa,4,0.9889020919799805,0.536778450012207,1.6966653504368878e-07,5.0105132487487936e-08,0.2953153518139919,0.8001129627227783,0.467796727229786,0.9663839137120118,0.49858718648222583
LaTa,5,0.9895528554916382,0.5456384420394897,3.2926234894148365e-07,5.8070593667025605e-08,0.17636572737123335,0.807275652885437,0.4675981028691237,0.96227543014557,0.49467732727644637
LaTa,6,0.9901748895645142,0.5410453081130981,2.3055582687447895e-07,5.5995389658392014e-08,0.24287128379053058,0.8239261507987976,0.4656716556256873,0.9566144091139304,0.49094275348824307
LaTa,7,0.9904718399047852,0.536178708076477,1.8689192415877187e-07,5.186142004731664e-08,0.2774941736019496,0.843473494052887,0.4637015833625678,0.956947215805672,0.4932456324431042
LaTa,8,0.9900117516517639,0.5316390991210938,1.59126017251765e-07,5.6565276906894724e-08,0.35547472301401617,0.809308648109436,0.46344200122212,0.956677523810257,0.49323552258813697
LaTa,9,0.9890710711479187,0.5261072516441345,2.6098575744981645e-07,5.7781399220857566e-08,0.22139675277861873,0.8126965761184692,0.4644981049884324,0.9579827569676256,0.49348465197919317
LaTa,10,0.9879691004753113,0.518985390663147,2.574384154740983e-07,4.8076721270717826e-08,0.18675037749195197,0.8210516571998596,0.4658709878974196,0.9549371244448815,0.48906613654746195
LaTa,11,0.9862127304077148,0.5174347758293152,1.6569313743275416e-07,5.050656426419664e-08,0.30481989204106,0.8225600719451904,0.4678096908512537,0.9573503269155444,0.48954063606429077
LaTa,12,0.34610146284103394,0.289168119430542,6.46815692562086e-07,6.024426113526715e-08,0.09313976427602592,0.07648523896932602,0.929178286916268,0.9567833565152086,0.0276050695989406
PhilTa,1,0.7011324167251587,0.5164286494255066,3.696473243053333e-07,6.745376879280229e-08,0.18248142041759954,0.8033687472343445,0.7816515888245441,0.9683387658871284,0.1866871770625843
PhilTa,2,0.8348799347877502,0.5295701622962952,3.040638034690346e-07,5.3398480304167606e-08,0.17561603747289053,0.9445838928222656,0.7561523666197101,0.9690922487321644,0.2129398821124543
PhilTa,3,0.9530090689659119,0.527448296546936,4.042356920308521e-07,6.016325215796314e-08,0.1488321129084548,0.926199197769165,0.5679295202853908,0.964613450248386,0.3966839299629952
PhilTa,4,0.9864796996116638,0.5392113924026489,2.164081109867766e-07,5.507758515932437e-08,0.2545079521658494,0.9774894118309021,0.4778421733506966,0.9687163700762628,0.49087419672556615
PhilTa,5,0.9891999363899231,0.5477719306945801,1.8792616174323484e-07,5.992954754674429e-08,0.3188994389648981,0.9804543852806091,0.4682678641690325,0.9669086417314726,0.49864077756244013
PhilTa,6,0.9901694059371948,0.5502389669418335,1.6013252945867862e-07,5.4572904417682366e-08,0.34079836621680687,0.9810799360275269,0.4641328892430214,0.9703239697493672,0.5061910805063459
PhilTa,7,0.9887558817863464,0.5528532266616821,1.8218402431102731e-07,5.818464288154246e-08,0.3193729148402648,0.9804712533950806,0.4663525333416159,0.970533113226084,0.5041805798844681
PhilTa,8,0.9870278835296631,0.5456271171569824,2.079455470038738e-07,5.669290459309195e-08,0.27263341490085297,0.9795936942100525,0.4688584832235474,0.9707487606357555,0.5018902774122082
PhilTa,9,0.9873812794685364,0.5354791879653931,1.6443591732695495e-07,5.7990622082115806e-08,0.3526639618934991,0.9785541296005249,0.4665881018112391,0.9682024708839494,0.5016143690727103
PhilTa,10,0.9864551424980164,0.5245999693870544,1.7487158743278997e-07,5.950809978116922e-08,0.3402959889298227,0.977998673915863,0.4683481899532464,0.9678839993913736,0.4995358094381272
PhilTa,11,0.9842622876167297,0.5087838768959045,1.7839286670096044e-07,6.444509637049123e-08,0.3612537741126185,0.9776874780654907,0.472152681020714,0.96814568314281,0.495993002122096
PhilTa,12,0.323845237493515,0.29344937205314636,6.943938046788389e-07,6.696299692521279e-08,0.09643374764292945,0.08537466078996658,0.9132151356342124,0.9761319818780076,0.06291684624379523
LaBSE,1,0.5743240118026733,0.4416426420211792,9.67132109508384e-07,4.9608196661665716e-08,0.05129412639073966,0.24732337892055511,0.842996407926498,0.9703642764359104,0.1273678685094124
LaBSE,2,0.620144248008728,0.4890787601470947,6.812505830566806e-07,4.9598227747083e-08,0.07280467566654014,0.3217257559299469,0.8545136343450843,0.9714802539931826,0.11696661964809829
LaBSE,3,0.5582027435302734,0.47130292654037476,6.74487637297716e-07,5.575908446076028e-08,0.08266880129064316,0.30871957540512085,0.8743432189132246,0.9648980083762692,0.09055478946304452
LaBSE,4,0.5755143165588379,0.4413195252418518,8.054042837102315e-07,5.414299053541072e-08,0.06722461207431359,0.3235108256340027,0.8765529080123986,0.9574902499629564,0.0809373419505578
LaBSE,5,0.5287138223648071,0.42343026399612427,7.31995498881588e-07,5.670985814276719e-08,0.07747296018816219,0.28739532828330994,0.8793530502494302,0.956283106733212,0.07693005648378182
LaBSE,6,0.49219369888305664,0.44036972522735596,9.72691395872971e-07,6.435721644493242e-08,0.06616406469512677,0.24046967923641205,0.90387943672755,0.9684670968907706,0.0645876601632206
LaBSE,7,0.5958911776542664,0.4211829900741577,3.89121538546533e-07,5.101483679936791e-08,0.1311025778473255,0.40261489152908325,0.8958175131800874,0.9634656830596304,0.06764816987954303
LaBSE,8,0.6499621272087097,0.4284517168998718,6.612688707718917e-07,6.079829262262137e-08,0.09194186405849139,0.4968452453613281,0.8889159111817606,0.9603958709494048,0.07147995976764421
LaBSE,9,0.5639231204986572,0.46475452184677124,3.6301148043094145e-07,5.090170418498019e-08,0.14022064570672338,0.3451903164386749,0.9162712209063482,0.9693436677730874,0.05307244686673929
LaBSE,10,0.5466964840888977,0.48145437240600586,4.4675331878352154e-07,5.7185129520576083e-08,0.12800157741701224,0.3206980228424072,0.929038784191054,0.9679432869434784,0.03890450275242441
LaBSE,11,0.4509231448173523,0.5399454236030579,8.468203986922163e-07,5.974247585527337e-08,0.07054916951402733,0.17833030223846436,0.9479274222139572,0.9757917199978108,0.027864297783853575
LaBSE,12,0.4110124707221985,0.39958322048187256,7.105944632712635e-07,6.840284072495706e-08,0.09626143216773819,0.14825208485126495,0.9429969211620236,0.979774892243768,0.03677797108174441
Qwen3-0.6B,1,0.34217602014541626,0.5127655267715454,2.127464085788233e-06,9.037763248898045e-08,0.04248139044636103,0.08598189055919647,0.9095484217587264,0.9669443138127298,0.05739589205400342
Qwen3-0.6B,2,0.4050317704677582,0.5137714743614197,1.926132199514541e-06,8.221334013569503e-08,0.04268312432366581,0.12621016800403595,0.895177793856208,0.969325549674142,0.07414775581793398
Qwen3-0.6B,3,0.9587730765342712,0.5348614454269409,8.540671814216694e-08,8.932936168548622e-08,1.0459289810994692,0.9988017678260803,0.795024405012913,0.9659175109280452,0.17089310591513218
Qwen3-0.6B,4,0.9520879983901978,0.5186468362808228,4.961129462799363e-08,8.207543089611136e-08,1.654369867014104,0.9982487559318542,0.7837470055914798,0.9653581505717111,0.18161114498023134
Qwen3-0.6B,5,0.9494844675064087,0.517836332321167,1.1625883900023837e-07,8.507630155918378e-08,0.7317835124691839,0.9977601170539856,0.7875769261519119,0.9686645930181652,0.18108766686625333
Qwen3-0.6B,6,0.9364491105079651,0.5161182284355164,6.743182723312202e-08,7.223689379998177e-08,1.0712581397245533,0.996263325214386,0.8009416013629765,0.9759324615673974,0.1749908602044209
Qwen3-0.6B,7,0.9330609440803528,0.511114776134491,3.0693264818637545e-08,6.82104968063868e-08,2.222327836723582,0.9955418109893799,0.8087706442906597,0.9768027939834109,0.16803214969275115
Qwen3-0.6B,8,0.9267016649246216,0.5048372745513916,4.8905654637110274e-08,7.270652702118241e-08,1.4866691297903967,0.9944556355476379,0.8084832877018282,0.9770292591591194,0.16854597145729122
Qwen3-0.6B,9,0.923832356929779,0.4945164918899536,5.730453978003425e-08,7.363340870369939e-08,1.2849489584305913,0.9935078024864197,0.8121259326009375,0.9757077661693636,0.16358183356842615
Qwen3-0.6B,10,0.9159495234489441,0.48143261671066284,6.422886400514471e-08,7.594519502163166e-08,1.1824153548091474,0.9917322993278503,0.8196450763966566,0.977262537978876,0.15761746158221934
Qwen3-0.6B,11,0.9013440608978271,0.4842481017112732,6.40661923512198e-08,7.574563198886608e-08,1.1823026967736425,0.9874950647354126,0.8382211827433049,0.9720183991396404,0.13379721639633546
Qwen3-0.6B,12,0.8848896026611328,0.5016276240348816,9.244628529359034e-08,7.249440159284859e-08,0.784178632625652,0.9827333092689514,0.8562944952525493,0.9732918869099676,0.11699739165741829
Qwen3-0.6B,13,0.8834192156791687,0.4933314323425293,8.752764557584669e-08,6.868074109434019e-08,0.784674837789681,0.9817842841148376,0.8550066059163932,0.9743240876165604,0.1193174817001672
Qwen3-0.6B,14,0.8790337443351746,0.4874553680419922,9.814788626272275e-08,6.689515430480242e-08,0.6815750888993894,0.9803892970085144,0.8572823409061677,0.9724502248922858,0.1151678839861181
Qwen3-0.6B,15,0.8766769170761108,0.4806647002696991,9.465635741889855e-08,6.517381478943207e-08,0.6885307713776427,0.9786441326141357,0.8559838771484051,0.9708527571963697,0.11486888004796458
Qwen3-0.6B,16,0.8651123046875,0.4707699120044708,9.560792335605584e-08,7.749856933969568e-08,0.8105873092869231,0.9729983806610107,0.8548333225598117,0.9695824329036358,0.11474911034382407
Qwen3-0.6B,17,0.8263407349586487,0.4784429967403412,1.054350349249944e-07,7.904394294655503e-08,0.7496933348842368,0.9552611708641052,0.8689306525449028,0.9747445425476456,0.10581389000274288
Qwen3-0.6B,18,0.7894118428230286,0.48760437965393066,1.358971246645524e-07,8.814357244091298e-08,0.6486051317015428,0.9301350712776184,0.8897911547308215,0.9746357454650886,0.08484459073426709
Qwen3-0.6B,19,0.7568327784538269,0.4871904253959656,1.730381029574346e-07,8.152530028837646e-08,0.4711407423856857,0.8989786505699158,0.9009842242460514,0.9757585587886296,0.0747743345425782
Qwen3-0.6B,20,0.708102285861969,0.5043385028839111,2.99468325692942e-07,8.871080581229762e-08,0.2962276748535225,0.8390471935272217,0.9168898909370082,0.9755369273181952,0.05864703638118696
Qwen3-0.6B,21,0.649769127368927,0.5176253914833069,2.8703439625132887e-07,8.230839654288502e-08,0.28675447130320697,0.7456744313240051,0.9281265522885902,0.9797395630569352,0.05161301076834501
Qwen3-0.6B,22,0.5996142625808716,0.5301332473754883,3.5269184195385606e-07,8.840613219263105e-08,0.2506611202087219,0.652417004108429,0.9370862840504672,0.9799116518135864,0.04282536776311918
Qwen3-0.6B,23,0.577805757522583,0.5353848338127136,6.226809432519076e-07,9.074700813016534e-08,0.14573596496505167,0.6045159101486206,0.9396675490335707,0.9754248450858296,0.03575729605225886
Qwen3-0.6B,24,0.5516178011894226,0.5351772904396057,4.975149749952834e-07,9.372624987236122e-08,0.18838880150944154,0.5416203737258911,0.9415529042516207,0.978838679853811,0.03728577560219026
Qwen3-0.6B,25,0.5296806693077087,0.5320618152618408,6.880990781610308e-07,9.271957424061839e-08,0.13474741818927405,0.481196790933609,0.9430081150058166,0.9758958935361924,0.03288777853037583
Qwen3-0.6B,26,0.5029900074005127,0.5315491557121277,5.898995709685551e-07,9.154661029242561e-08,0.15519016252565737,0.4184451401233673,0.9465482344720038,0.9758493705055666,0.02930113603356288
Qwen3-0.6B,27,0.49164438247680664,0.5329206585884094,6.553457296831766e-07,9.377149012834707e-08,0.14308705448295267,0.3790615499019623,0.9476443573359872,0.9738396109780902,0.026195253642103067
Qwen3-0.6B,28,0.3583468496799469,0.44899213314056396,1.4130396266409662e-06,9.358986829965943e-08,0.06623301040901333,0.11034631729125977,0.9519011925160172,0.974659305630384,0.022758113114366818
KaLM-mini,1,0.3378261625766754,0.483651340007782,1.4986972018959932e-06,7.443271243801064e-08,0.04966494388849612,0.07270710915327072,0.9260877684072474,0.965907091361985,0.03981932295473767
KaLM-mini,2,0.33777227997779846,0.5058648586273193,1.084371888282476e-06,8.469056211879433e-08,0.07810103068324165,0.07658791542053223,0.9247401158912364,0.968546559908368,0.04380644401713163
KaLM-mini,3,0.35013508796691895,0.4827195405960083,5.578316972787434e-07,8.979993992852542e-08,0.16098034652135088,0.32343927025794983,0.8902383222436853,0.9693860539483984,0.07914773170471312
KaLM-mini,4,0.3989887833595276,0.47759658098220825,7.605625569340191e-07,8.81754758097486e-08,0.11593454740291412,0.2413279414176941,0.8831747966492268,0.9709710004672656,0.08779620381803876
KaLM-mini,5,0.4635258615016937,0.46159833669662476,4.7576901351931156e-07,7.062021722958889e-08,0.1484338307516162,0.4290125370025635,0.8645979823915085,0.9655430702165044,0.1009450878249959
KaLM-mini,6,0.4421224296092987,0.4469323754310608,4.43580830733481e-07,7.199707141580802e-08,0.16230879791797495,0.3998663127422333,0.8680727860003861,0.9620617847968932,0.09398899879650713
KaLM-mini,7,0.42287683486938477,0.44620007276535034,5.375605383051152e-07,6.813775144109968e-08,0.12675363347155744,0.3523242175579071,0.8768105433974043,0.9635924212633656,0.08678187786596137
KaLM-mini,8,0.4186311960220337,0.4459956884384155,4.970126497028104e-07,6.668138041732163e-08,0.13416435267229895,0.31327196955680847,0.8790566788555679,0.9633216231569036,0.08426494430133569
KaLM-mini,9,0.43587949872016907,0.4333655536174774,7.076290557961329e-07,5.893010168733781e-08,0.08327823907829401,0.2957633435726166,0.8809204317248753,0.9668184604978324,0.08589802877295705
KaLM-mini,10,0.4612887501716614,0.4161500334739685,4.5389651859295554e-07,7.358062248385977e-08,0.16210880557523125,0.29952338337898254,0.8815295007116497,0.967971913097368,0.08644241238571826
KaLM-mini,11,0.47006654739379883,0.40402302145957947,5.359148076422571e-07,7.14028018933277e-08,0.13323535919349278,0.2719614803791046,0.8804566061796477,0.9709821058221748,0.0905254996425271
KaLM-mini,12,0.46278947591781616,0.39605841040611267,6.936850809324824e-07,7.459203033022277e-08,0.10753010606765946,0.25038450956344604,0.8884489553422708,0.9718964393356272,0.08344748399335644
KaLM-mini,13,0.4725936949253082,0.39062607288360596,5.259664703771705e-07,7.013327518734513e-08,0.1333417225950783,0.2462380826473236,0.8840350634547149,0.9716404078116394,0.08760534435692446
KaLM-mini,14,0.46849754452705383,0.3949325382709503,6.527058644678618e-07,6.729725043896906e-08,0.10310501881859936,0.23932915925979614,0.8871309466023122,0.9709710889561493,0.08384014235383708
KaLM-mini,15,0.45958220958709717,0.3889731764793396,6.763694955225219e-07,7.831241788380794e-08,0.11578348580506063,0.21378140151500702,0.8904892988401896,0.9638532864926276,0.07336398765243801
KaLM-mini,16,0.4620460271835327,0.3899652063846588,6.726269816681452e-07,7.11001106878939e-08,0.10570511238125244,0.2124435305595398,0.8994041999213422,0.9590457739279804,0.059641574006638165
KaLM-mini,17,0.4384727478027344,0.41291263699531555,6.373626320055337e-07,7.368650045691538e-08,0.11561157927481953,0.2013169229030609,0.9077600171739226,0.964836796190943,0.05707677901702035
KaLM-mini,18,0.4237991273403168,0.4480332136154175,9.776526894711424e-07,6.939489338719795e-08,0.07098113075793497,0.15490789711475372,0.9274944761920436,0.9699573492429266,0.04246287305088303
KaLM-mini,19,0.40635377168655396,0.4562072157859802,1.0052249308500905e-06,7.263539458790547e-08,0.07225785230622937,0.14006589353084564,0.937420816275442,0.9683918149729298,0.03097099869748776
KaLM-mini,20,0.4192267060279846,0.46378231048583984,8.519784273630648e-07,7.580616312452548e-08,0.08897662275223454,0.14345990121364594,0.9415923149882164,0.967814668350964,0.026222353362747586
KaLM-mini,21,0.4309234023094177,0.47939205169677734,9.133524940807547e-07,7.469088814104907e-08,0.08177662909457739,0.15332557260990143,0.942033708601416,0.9693450393507854,0.027311330749369422
KaLM-mini,22,0.36863258481025696,0.48301762342453003,1.7517439800940338e-06,9.237410125706447e-08,0.052732649466336864,0.1188354566693306,0.9548962093972628,0.9717115418130547,0.016815332415791917
KaLM-mini,23,0.3224157691001892,0.4787266254425049,1.6242377114394912e-06,9.918363730321289e-08,0.06106472999897949,0.101450115442276,0.9583955354880463,0.9709984098990035,0.012602874410957199
KaLM-mini,24,0.2902975380420685,0.2761681079864502,8.984152941593493e-07,8.782394189665865e-08,0.0977542818645311,0.07942251861095428,0.9304567743085268,0.9709194556924876,0.04046268138396081
