model,layer,category,mean_delta,median_delta,std_delta,mean_abs_pc1,mean_abs_abtt,n_tokens
LaTa,1,content,-0.7998962243283194,-0.8249658346176147,0.14501358146385734,0.6482599376406717,5.3034240379964155,60268
LaTa,1,short_subword,-0.6903136828311301,-0.7553141415119171,0.28264200901066605,1.1747087345146663,4.999935053839007,22078
LaTa,1,punctuation,-0.6548464043528106,-0.6609856486320496,0.09255945128767293,1.1079915440626644,5.246787835103336,9821
LaTa,1,number,-0.8742408310063183,-0.890781819820404,0.0796438008177268,0.3181213281537306,4.212370957647051,448
LaTa,1,empty,0.3635860625867064,0.3737936168909073,0.05529071551459516,11.719370007539036,5.4751018280392945,9900
LaTa,2,content,-0.5410323689641428,-0.6114545166492462,0.34577668724449623,2.1324097186501847,5.499605424216077,60268
LaTa,2,short_subword,-0.37552158003562136,-0.5018215775489807,0.47135519503326523,3.768060534609685,4.9055549161504794,22078
LaTa,2,punctuation,0.14772559456355933,0.09235450625419617,0.5828700601744005,18.37613665495588,5.373652626881591,9821
LaTa,2,number,-0.7013087303369373,-0.7308153808116913,0.19107753753913295,0.7735310562753251,4.179308163002133,448
LaTa,2,empty,0.544263375007143,0.551538735628128,0.1024445167183529,22.942231328740263,6.016841597183786,9900
LaTa,3,content,0.06408692828335137,0.12638011574745178,0.487603536144668,12.778755372577566,5.805863078151289,60268
LaTa,3,short_subword,0.2206431507262745,0.3096902370452881,0.5118112398509974,20.52114298170501,4.822358931557447,22078
LaTa,3,punctuation,0.2438223167682923,0.37326034903526306,0.4393504596235324,15.739176551392724,6.073213466281816,9821
LaTa,3,number,-0.18480265304866147,-0.12276943027973175,0.4075470617685182,4.044402115113501,4.3102783145649095,448
LaTa,3,empty,0.9593057675855329,0.9594947993755341,0.006919681816153404,367.3528483057504,7.399443046468677,9900
LaTa,4,content,0.15802069521869783,0.25069575011730194,0.4861937311076564,17.582847356880823,6.241929432178308,60268
LaTa,4,short_subword,0.3094233873130384,0.4256651699542999,0.5013087453935515,27.177682019311867,4.9852964170051015,22078
LaTa,4,punctuation,0.13457498230825643,0.20127065479755402,0.4462012834236723,19.80408008019886,9.671834652456146,9821
LaTa,4,number,0.040775982559353,0.09852871671319008,0.40018377776079567,7.125940600742719,4.607868815107005,448
LaTa,4,empty,0.9605699693193339,0.9637743830680847,0.024024776486727864,567.4741775296915,11.334870130756888,9900
LaTa,5,content,0.2034382643896017,0.30463753640651703,0.4874404299256983,21.90224121710079,6.954639291075659,60268
LaTa,5,short_subword,0.3629550773233498,0.5001901984214783,0.49536542909977843,32.38357235049431,5.0669338587276345,22078
LaTa,5,punctuation,0.15154349815083212,0.16958753764629364,0.47376026550646577,31.668005206084594,16.638404546880015,9821
LaTa,5,number,0.12108052159133617,0.23306803405284882,0.4376371193347751,9.219236933892327,4.567364596096533,448
LaTa,5,empty,0.9475099320634447,0.9570389688014984,0.04820450968337752,738.1844417098074,20.9991325245252,9900
LaTa,6,content,0.22482273944272682,0.32928504049777985,0.49255206652105554,26.45524718994332,7.989565046162196,60268
LaTa,6,short_subword,0.4000968137979341,0.550883948802948,0.49331734118232323,38.34586517240497,5.277523995553028,22078
LaTa,6,punctuation,0.12464741850732301,0.19352038204669952,0.5513817907631416,40.45476652138491,22.80296119308808,9821
LaTa,6,number,0.2171792861799986,0.33611592650413513,0.4451419595864468,12.141732903064362,4.462339978132929,448
LaTa,6,empty,0.9400456419248473,0.9518704414367676,0.06097696651603277,925.6773826788892,29.95382795173863,9900
LaTa,7,content,0.25209584515214845,0.3648572266101837,0.4974061338842881,30.574056422379428,8.510973949304041,60268
LaTa,7,short_subword,0.4374793720853786,0.5934374630451202,0.48247515232882027,43.969434224707605,5.267056712217778,22078
LaTa,7,punctuation,0.21468556007207332,0.3225276470184326,0.548709015330046,58.75080653417864,25.642761935291702,9821
LaTa,7,number,0.2824821502791955,0.40612320601940155,0.4562759741347335,13.549212774261832,4.201444258514259,448
LaTa,7,empty,0.938698835634824,0.9528189599514008,0.07227748273344366,1103.5577163173214,35.29264189726927,9900
LaTa,8,content,0.244810498251579,0.3548218011856079,0.5047467631868805,30.95593594034548,8.99337161556178,60268
LaTa,8,short_subword,0.452719630814441,0.6099004447460175,0.47673931458535584,44.9428980161358,5.342356416562746,22078
LaTa,8,punctuation,0.2925695847570782,0.41002362966537476,0.5201455253018114,75.2259115023151,32.277661271997175,9821
LaTa,8,number,0.31900465230968883,0.43535344302654266,0.4661268539377179,13.825415521061846,3.84214084861534,448
LaTa,8,empty,0.9352310537076508,0.9512381851673126,0.08578447758940023,1145.379243268774,41.38399744740302,9900
LaTa,9,content,0.24469802912395636,0.3525903671979904,0.5084871039453982,33.91810989216773,9.778537830178406,60268
LaTa,9,short_subword,0.4777766060274751,0.6424697637557983,0.47307165079478425,48.12897386251584,5.394133934285281,22078
LaTa,9,punctuation,0.2914669522003526,0.41545239090919495,0.5395480088478696,88.32182275243282,38.84855660688742,9821
LaTa,9,number,0.3389034976784647,0.4694107621908188,0.4860932084628116,15.388562486640044,3.6196403355736817,448
LaTa,9,empty,0.9263577884176012,0.9442579746246338,0.0928113886770433,1254.3536053729779,53.90571947659582,9900
LaTa,10,content,0.18578630322305495,0.2741118520498276,0.5174339937283786,35.986297607698546,11.670569507929452,60268
LaTa,10,short_subword,0.41237277116906373,0.5704152286052704,0.497846411200317,50.85414476352173,6.665003019370613,22078
LaTa,10,punctuation,0.24229553078965135,0.3539867699146271,0.5555526689423231,95.14966485025367,42.68217768219772,9821
LaTa,10,number,0.27746863388581133,0.38748911023139954,0.4958057323589798,16.519515641831926,4.066117899492383,448
LaTa,10,empty,0.9122468067664945,0.9322147071361542,0.1050403284564625,1349.3228635853468,64.80741124619438,9900
LaTa,11,content,0.1293646675960583,0.19546883553266525,0.5226001755972945,35.98498350725403,13.838484837419372,60268
LaTa,11,short_subword,0.36009395344159517,0.5082192122936249,0.5118543817394915,50.61898203466882,7.778000002613693,22078
LaTa,11,punctuation,0.23936873004405515,0.34040576219558716,0.5525483319613068,100.56813991413001,43.474967044152194,9821
LaTa,11,number,0.20563513299930491,0.2811019569635391,0.48971476266509384,16.022654689582332,4.786671476305595,448
LaTa,11,empty,0.8940286212660034,0.9140996336936951,0.11066577896968186,1339.9403734079515,77.27801313428867,9900
LaTa,12,content,-0.6634981970718566,-0.740301251411438,0.30833323163797965,0.00963852118965487,0.025714763341734764,60268
LaTa,12,short_subword,-0.7238496329409237,-0.7744956910610199,0.24272664781649744,0.003607313371643695,0.017765408514946218,22078
LaTa,12,punctuation,-0.41532021326032315,-0.5153684616088867,0.46326822293467357,0.03727447313026247,0.06360612380686971,9821
LaTa,12,number,-0.7144920585965987,-0.8228762447834015,0.3111834497353056,0.003129932788137272,0.016556627401379437,448
LaTa,12,empty,-0.3528892487307365,-0.4531719535589218,0.4691898573001679,0.04406787850286969,0.0795417561661724,9900
PhilTa,1,content,-0.560993501085017,-0.6708044409751892,0.38929103509131613,5.483110890010723,23.106254691284043,62327
PhilTa,1,short_subword,-0.21063620998119886,-0.24646859616041183,0.5247791512473639,7.707811084423043,11.074702720351578,26982
PhilTa,1,punctuation,-0.0681749772021107,-0.09099084138870239,0.3677271306352414,9.015156642188304,8.724175755831821,9819
PhilTa,1,number,-0.3838837921612789,-0.5151917338371277,0.4639015456734834,5.4203432484396865,14.637431043865424,448
PhilTa,1,empty,0.981067021791219,0.9832525849342346,0.01420598928250913,282.6463905435011,2.81105905262835,11914
PhilTa,2,content,-0.2920802297476759,-0.41372495889663696,0.5099179690589621,22.99880709813356,47.619396014342726,62327
PhilTa,2,short_subword,0.3015632223810362,0.43944980204105377,0.5221333694248862,44.53947715840106,17.344749489685515,26982
PhilTa,2,punctuation,0.005239029749677345,0.028065569698810577,0.4997690929843211,16.435348821667915,14.037281775832092,9819
PhilTa,2,number,0.21260496423305345,0.26331257820129395,0.4233239828198054,23.898127975208418,14.621070984351848,448
PhilTa,2,empty,0.8667225119014784,0.8791939318180084,0.05351097758969118,691.3615534950347,51.970223417893656,11914
PhilTa,3,content,0.05599027184004908,0.07727465778589249,0.5265840715376873,69.61247653195274,50.607645642496436,62327
PhilTa,3,short_subword,0.474334004023087,0.6146120131015778,0.447385839884433,80.54991522542157,20.270131129120077,26982
PhilTa,3,punctuation,0.2786865482854977,0.3879075050354004,0.5080956795919465,50.06106013126997,17.415814496428823,9819
PhilTa,3,number,0.5093066974441172,0.576461672782898,0.32681711858629026,49.435047956449644,14.476686343018498,448
PhilTa,3,empty,0.896068606457495,0.9046625196933746,0.04322958794377526,1480.2732498978376,82.51848261568877,11914
PhilTa,4,content,0.44493357426133096,0.5874724984169006,0.4682027983762664,240.38618860117447,51.80015888809919,62327
PhilTa,4,short_subword,0.6810320928696492,0.8002693355083466,0.3505933877834223,186.36358778103474,21.347855151007778,26982
PhilTa,4,punctuation,0.7244113713390233,0.8545145392417908,0.34086877100854723,252.66667731352888,18.623693435048725,9819
PhilTa,4,number,0.6263835581048625,0.7388003766536713,0.34864539115858884,113.78711536100933,15.776737952471844,448
PhilTa,4,empty,0.9442454651736044,0.9547728598117828,0.04057443866065078,4311.569766364963,122.41895776181607,11914
PhilTa,5,content,0.5258923371696105,0.6745410561561584,0.4427106914360096,360.1454170428437,56.710551540421385,62327
PhilTa,5,short_subword,0.7345369644582287,0.8428352177143097,0.31746864090170446,301.0113729819137,23.7580528443435,26982
PhilTa,5,punctuation,0.7851397070853338,0.8897829651832581,0.2906822726915787,431.4001150237578,21.247609986378347,9819
PhilTa,5,number,0.6225848729955032,0.7400474846363068,0.3681603568905425,190.07475553665842,16.676800774410367,448
PhilTa,5,empty,0.9502866642838239,0.9638729691505432,0.05067861031844422,5922.314084757289,150.07909190017384,11914
PhilTa,6,content,0.5614591271031392,0.7121613621711731,0.43227077963509936,465.70769346034047,59.30135176280036,62327
PhilTa,6,short_subword,0.7609900117712928,0.8662494719028473,0.30428822209212847,417.42761070911564,25.44991995978745,26982
PhilTa,6,punctuation,0.8036044650368928,0.9015383124351501,0.2770931046371676,602.7353931366881,23.6334590243946,9819
PhilTa,6,number,0.6478256825227747,0.7500941753387451,0.3305433081960075,245.3426442965865,17.95219403611762,448
PhilTa,6,empty,0.9473900380091758,0.9609344005584717,0.051675223812186345,7128.034118145169,194.6588179515986,11914
PhilTa,7,content,0.5631984442522929,0.7132049798965454,0.43271034051366547,485.8338973163413,61.66735526788588,62327
PhilTa,7,short_subword,0.747806344488968,0.8575746119022369,0.31441376115928515,436.4318754069226,27.76062986160476,26982
PhilTa,7,punctuation,0.7868280508084887,0.8922175168991089,0.2889935269697904,617.8565793575247,25.858529996035454,9819
PhilTa,7,number,0.6424031872707668,0.746877908706665,0.3270956396067019,258.47257717592373,21.853864444286696,448
PhilTa,7,empty,0.9442952801944806,0.9590268433094025,0.0590049132384797,7398.194332818887,235.73692514425818,11914
PhilTa,8,content,0.5542518093271459,0.7061012983322144,0.4378671713902503,504.26800901979465,65.39221171769337,62327
PhilTa,8,short_subword,0.7341861926878782,0.8471392691135406,0.32324034361007753,453.9427076913828,30.442007762809123,26982
PhilTa,8,punctuation,0.773699159587931,0.8843607306480408,0.3018271594377507,631.6541839907594,29.108937454156557,9819
PhilTa,8,number,0.618192036306157,0.7258891761302948,0.3536784122668318,271.8500628215926,25.898492508168733,448
PhilTa,8,empty,0.9431218578285853,0.9587556719779968,0.06136764460645043,7624.864807415793,256.76501825612945,11914
PhilTa,9,content,0.5597514337300596,0.7101877927780151,0.4355770766834888,568.5604234855531,69.75825208305933,62327
PhilTa,9,short_subword,0.7416008288787864,0.8567489087581635,0.32384519454400545,543.5062944600654,33.60543503548383,26982
PhilTa,9,punctuation,0.7700153293083704,0.8703209757804871,0.2896982362730582,774.4088767244782,36.857281885160205,9819
PhilTa,9,number,0.5778718722368856,0.6997795403003693,0.39893401498400366,341.2125037163496,29.393269187371647,448
PhilTa,9,empty,0.9444064023579782,0.9590904414653778,0.05819231911133735,8167.9259616146755,272.3921003113292,11914
PhilTa,10,content,0.552479957603172,0.7031614780426025,0.43895472786826945,611.7437023470999,75.93509383364565,62327
PhilTa,10,short_subword,0.7384011494115569,0.8544492721557617,0.32593457933308234,606.9232597971376,37.045394298721654,26982
PhilTa,10,punctuation,0.7619504546330699,0.8589193820953369,0.28597675722972443,869.7026500638287,44.16986417130572,9819
PhilTa,10,number,0.5774020465940859,0.6957438886165619,0.3908477144749854,377.5923023053578,32.73367569861667,448
PhilTa,10,empty,0.9451590926924698,0.960221529006958,0.06472068352351443,8570.66995268843,308.69385367606895,11914
PhilTa,11,content,0.511672829920094,0.6612438559532166,0.4572034030177345,622.830025933403,88.38700916989532,62327
PhilTa,11,short_subword,0.7136519995334883,0.8308569192886353,0.33737110686294175,620.9971531692211,42.44015978677783,26982
PhilTa,11,punctuation,0.7272888821433814,0.8260272145271301,0.30302380603869145,889.4464330881552,55.49408739390618,9819
PhilTa,11,number,0.5320927047092872,0.6602128446102142,0.42403435184921456,383.70758328267505,37.48071904107928,448
PhilTa,11,empty,0.9441696456851604,0.9608968496322632,0.07013475358329431,8717.224000925344,351.397698722801,11914
PhilTa,12,content,-0.25194294623263724,-0.3334217369556427,0.49568887922281646,0.003925351238186441,0.00581528867833365,62327
PhilTa,12,short_subword,-0.20916812914987834,-0.2808913588523865,0.5029370634001719,0.003501562651478012,0.004422586829533281,26982
PhilTa,12,punctuation,-0.12017771607556173,-0.15384472906589508,0.49774623559048187,0.006479214667210482,0.005404414828630819,9819
PhilTa,12,number,-0.2368898870715514,-0.27001048624515533,0.4508726816367466,0.0022361728236514216,0.003487934642732528,448
PhilTa,12,empty,0.14826973654075165,0.18645506352186203,0.5001802285215438,0.022478024713751873,0.020427720281791115,11914
LaBSE,1,content,-0.6774900555958174,-0.7375405728816986,0.25075826504126736,0.026071174179092948,0.1119118662949055,3772
LaBSE,1,short_subword,-0.7795223232367501,-0.8032979369163513,0.15262343611849197,0.011999104197483,0.09599971661925422,1692
LaBSE,1,punctuation,-0.8856610424395568,-0.8985151052474976,0.08439201126733024,0.004745186614486188,0.09177058315046442,407
LaBSE,1,number,-0.8573003326143537,-0.8344680070877075,0.05799483416560832,0.005752482418236988,0.07550059844340597,7
LaBSE,6,content,-0.7268209153030651,-0.7747850120067596,0.243105744007669,0.016161014279039692,0.0663398060119787,3772
LaBSE,6,short_subword,-0.7202991303364717,-0.7334381341934204,0.17178699124761587,0.00778040225744633,0.049063666411163616,1692
LaBSE,6,punctuation,-0.723470561645687,-0.7607960104942322,0.18723399046705289,0.009360909024631051,0.05630897371331802,407
LaBSE,6,number,-0.6633349827357701,-0.6948692798614502,0.178760715447373,0.010549162996799819,0.042281059814350944,7
LaBSE,9,content,-0.49977499449029306,-0.5289157032966614,0.32820451564819664,0.024825537910067436,0.05719955235705237,3772
LaBSE,9,short_subword,-0.4101572659958691,-0.4079912155866623,0.30439171297245476,0.016536302221360332,0.03783500301408093,1692
LaBSE,9,punctuation,-0.49452699997052735,-0.525634229183197,0.3303861403367377,0.016629923069361924,0.04589378784630329,407
LaBSE,9,number,0.002477840653487614,-0.06865919381380081,0.2606276216820224,0.03440635252211775,0.03829501808754036,7
LaBSE,11,content,-0.0973288765105487,-0.13115718960762024,0.5077782625748483,0.012699018175593692,0.01501660648798375,3772
LaBSE,11,short_subword,-0.10447812091047826,-0.12791050225496292,0.47322843866229686,0.0064272270300197165,0.00850238311156251,1692
LaBSE,11,punctuation,-0.012586961993520721,-0.060618169605731964,0.5101047964603783,0.00921000588220614,0.009392273476812417,407
LaBSE,11,number,0.10255630420786994,-0.12384458631277084,0.6230674073827869,0.017317310707377537,0.020586217786850675,7
Qwen3-0.6B,1,content,-0.6172662633905879,-0.6197559833526611,0.1279828309160409,0.012229464769990112,0.05008144592499409,3503
Qwen3-0.6B,1,short_subword,-0.6763211786454513,-0.6650292873382568,0.11143249378716336,0.008887245966808394,0.04491119553409042,3057
Qwen3-0.6B,1,punctuation,-0.8323199572143974,-0.8924043476581573,0.1133841462646184,0.0037655108338855155,0.04348866915289354,364
Qwen3-0.6B,1,number,-0.907911707054485,-0.8975298404693604,0.05094788481504141,0.0015061062189157713,0.030379005453803322,11
Qwen3-0.6B,1,empty,-0.8712601591386725,-0.8690131902694702,0.07038942797220006,0.004007244724048078,0.059056130836257846,407
Qwen3-0.6B,4,content,0.9332212893667974,0.9716910719871521,0.1427036316575554,57.211300061554645,0.5163958688299011,3503
Qwen3-0.6B,4,short_subword,0.9442697037705993,0.9744671583175659,0.10978101019878402,50.244428380624335,0.45677230033145666,3057
Qwen3-0.6B,4,punctuation,0.9367449679104918,0.9702588319778442,0.1070077987984457,22.329374132800723,0.24326382910866023,364
Qwen3-0.6B,4,number,0.94517366994511,0.9622227549552917,0.08431818568915339,64.99288573319262,0.517373158596456,11
Qwen3-0.6B,4,empty,0.9565516628270068,0.978762686252594,0.12882274743221925,136.71356755454798,1.1926947288645353,407
Qwen3-0.6B,14,content,0.8640352877363661,0.9258466362953186,0.19604585523896287,56.47228625019448,1.7032008962365426,3503
Qwen3-0.6B,14,short_subword,0.8811607609120176,0.9303852915763855,0.1724549966296554,49.81490035401886,1.5344540974642262,3057
Qwen3-0.6B,14,punctuation,0.8903250217790828,0.9302246272563934,0.1404319619580739,22.202847446529912,0.7187993448972191,364
Qwen3-0.6B,14,number,0.862707796421918,0.9154965281486511,0.16967614334156406,64.84669918092814,2.0745018497109413,11
Qwen3-0.6B,14,empty,0.900673679092153,0.9350703358650208,0.15644357890406438,135.7996717941849,4.5173910977501945,407
Qwen3-0.6B,28,content,-0.40745486689973803,-0.5350486636161804,0.46471836274570133,0.4625211474631256,1.6754764883871776,3503
Qwen3-0.6B,28,short_subword,-0.4096303467531277,-0.5174833536148071,0.4567210355634339,0.29091051134886664,1.0499831464428437,3057
Qwen3-0.6B,28,punctuation,-0.4864542944418205,-0.5924308598041534,0.4290851192927499,0.09907191553649462,0.3199478464302157,364
Qwen3-0.6B,28,number,-0.4676574875007976,-0.6393818259239197,0.4490409522113247,0.2170242848382755,0.7328797995366834,11
Qwen3-0.6B,28,empty,-0.3147839665983824,-0.4319620430469513,0.5167596945045472,1.4321889805134687,3.7754239519332655,407
KaLM-mini,1,content,-0.2839446235193058,-0.26942217350006104,0.1946933573328832,0.02990463809257779,0.050474883736726164,3503
KaLM-mini,1,short_subword,-0.5391795306105811,-0.5287783741950989,0.21820540174402958,0.015566514737378813,0.04825100194514139,3057
KaLM-mini,1,punctuation,-0.6386824002960226,-0.6216446757316589,0.12462769986765211,0.010010213051298325,0.04118881510458068,364
KaLM-mini,1,number,-0.8664675246585499,-0.893124520778656,0.07583014089329332,0.0027453268200836396,0.039054100486365234,11
KaLM-mini,1,empty,-0.4582464920582264,-0.4475161135196686,0.17794471253088748,0.01858463949015872,0.046622504467597685,407
KaLM-mini,5,content,0.48601483025914044,0.5718944072723389,0.29996235451654324,1.2520434310398687,0.31722538070229467,3503
KaLM-mini,5,short_subword,0.5137395085003758,0.5902820825576782,0.2774450254457429,1.4361756127114425,0.34274228094060355,3057
KaLM-mini,5,punctuation,0.5728729892890532,0.6146716177463531,0.19900162305218413,1.2730070384178351,0.2990976286115596,364
KaLM-mini,5,number,0.48057268966328015,0.6000015139579773,0.36618950960882696,1.8527018238197674,0.4467563107609749,11
KaLM-mini,5,empty,0.5867553533761961,0.6451801061630249,0.28538018888728034,1.1786425480440588,0.23414624340292203,407
KaLM-mini,13,content,0.3547802437260133,0.43476611375808716,0.311787156504001,1.5495141866507103,0.5926190489762716,3503
KaLM-mini,13,short_subword,0.40470281184705337,0.48060843348503113,0.290463464592428,1.7459447558068706,0.5815607579906328,3057
KaLM-mini,13,punctuation,0.4121769692820425,0.47150321304798126,0.25588643360338315,1.4802747354484522,0.5123858561043392,364
KaLM-mini,13,number,0.3600396053357558,0.46043384075164795,0.29566347398734927,2.305686828765002,0.8365248008207842,11
KaLM-mini,13,empty,0.5011122738393321,0.5598839521408081,0.3462610073363301,1.3196020281486927,0.34862201614648614,407
KaLM-mini,23,content,-0.2861506458821238,-0.3670596182346344,0.4758903021691097,0.37863014428337965,0.7852715329723574,3503
KaLM-mini,23,short_subword,-0.37173551134319593,-0.4725561738014221,0.47050702039509545,0.22968114754517152,0.649756585755518,3057
KaLM-mini,23,punctuation,-0.5240056599614435,-0.6535526216030121,0.4180758717525017,0.12529844643578833,0.5268319973230853,364
KaLM-mini,23,number,-0.7697620473124764,-0.8074172139167786,0.18537424389556748,0.1504384751685641,1.4763302532109348,11
KaLM-mini,23,empty,-0.23809717572465794,-0.3208422064781189,0.5263013026063261,0.23296740815199052,0.4563533816880178,407
