model,repr,pooling,layer,method,D,sif_a,split,n_train,n_test_query,acc@1_all,acc@3_all,acc@5_all,acc@1_winnable,acc@3_winnable,acc@5_winnable,same_avg,diff_avg,gap,off_diag_mean
bowphs/LaTa,hidden,mean,0,baseline,0,0.001,clean,943,335,0.8567164179104477,0.8955223880597015,0.8955223880597015,0.8567164179104477,0.8955223880597015,0.8955223880597015,0.8665947914123535,0.6736811399459839,0.19291365146636963,0.6740915179252625
bowphs/LaTa,hidden,mean,0,abtt,10,0.001,clean,943,335,0.9402985074626866,0.9671641791044776,0.9761194029850746,0.9402985074626866,0.9671641791044776,0.9761194029850746,0.590143084526062,-0.001261865021660924,0.5914049495477229,-2.9598686523968354e-06
bowphs/LaTa,hidden,mean,1,baseline,0,0.001,clean,943,335,0.7731343283582089,0.8208955223880597,0.8417910447761194,0.7731343283582089,0.8208955223880597,0.8417910447761194,0.8588610887527466,0.6615082025527954,0.19735288619995117,0.6619284749031067
bowphs/LaTa,hidden,mean,1,abtt,10,0.001,clean,943,335,0.9283582089552239,0.9552238805970149,0.9641791044776119,0.9283582089552239,0.9552238805970149,0.9641791044776119,0.5848523378372192,-0.0010131227318197489,0.585865460569039,0.00023399059136863798
bowphs/LaTa,hidden,mean,2,baseline,0,0.001,clean,943,335,0.208955223880597,0.2626865671641791,0.2716417910447761,0.208955223880597,0.2626865671641791,0.2716417910447761,0.8925982713699341,0.8680230379104614,0.024575233459472656,0.8680753707885742
bowphs/LaTa,hidden,mean,2,abtt,10,0.001,clean,943,335,0.9223880597014925,0.9462686567164179,0.9582089552238806,0.9223880597014925,0.9462686567164179,0.9582089552238806,0.5741721987724304,-0.0008146924083121121,0.5749868911807425,0.0004092640010640025
bowphs/LaTa,hidden,mean,3,baseline,0,0.001,clean,943,335,0.09253731343283582,0.10149253731343283,0.11641791044776119,0.09253731343283582,0.10149253731343283,0.11641791044776119,0.9394413232803345,0.9185057282447815,0.02093559503555298,0.9185504913330078
bowphs/LaTa,hidden,mean,3,abtt,10,0.001,clean,943,335,0.8985074626865671,0.9313432835820895,0.9313432835820895,0.8985074626865671,0.9313432835820895,0.9313432835820895,0.5687490105628967,-0.0008412109455093741,0.5695902215084061,0.00037125806557014585
bowphs/LaTa,hidden,mean,4,baseline,0,0.001,clean,943,335,0.07761194029850746,0.09850746268656717,0.11044776119402985,0.07761194029850746,0.09850746268656717,0.11044776119402985,0.9256196618080139,0.906440019607544,0.01917964220046997,0.9064804911613464
bowphs/LaTa,hidden,mean,4,abtt,10,0.001,clean,943,335,0.9044776119402985,0.9313432835820895,0.9432835820895522,0.9044776119402985,0.9313432835820895,0.9432835820895522,0.5850992202758789,-0.0010837774025276303,0.5861829976784065,0.00016401206084992737
bowphs/LaTa,hidden,mean,5,baseline,0,0.001,clean,943,335,0.06865671641791045,0.09253731343283582,0.0955223880597015,0.06865671641791045,0.09253731343283582,0.0955223880597015,0.9244971871376038,0.904842734336853,0.019654452800750732,0.904884397983551
bowphs/LaTa,hidden,mean,5,abtt,10,0.001,clean,943,335,0.9104477611940298,0.9313432835820895,0.9373134328358209,0.9104477611940298,0.9313432835820895,0.9373134328358209,0.5964128375053406,-0.001225474406965077,0.5976383119123057,4.669975896831602e-05
bowphs/LaTa,hidden,mean,6,baseline,0,0.001,clean,943,335,0.06567164179104477,0.07462686567164178,0.08059701492537313,0.06567164179104477,0.07462686567164178,0.08059701492537313,0.92461758852005,0.9049186110496521,0.01969897747039795,0.9049607515335083
bowphs/LaTa,hidden,mean,6,abtt,10,0.001,clean,943,335,0.9104477611940298,0.9283582089552239,0.9402985074626866,0.9104477611940298,0.9283582089552239,0.9402985074626866,0.5920562744140625,-0.0012085121124982834,0.5932647865265608,5.435206549009308e-05
bowphs/LaTa,hidden,mean,7,baseline,0,0.001,clean,943,335,0.06865671641791045,0.07462686567164178,0.08059701492537313,0.06865671641791045,0.07462686567164178,0.08059701492537313,0.9247555136680603,0.9050108194351196,0.019744694232940674,0.9050529599189758
bowphs/LaTa,hidden,mean,7,abtt,10,0.001,clean,943,335,0.9044776119402985,0.9283582089552239,0.9402985074626866,0.9044776119402985,0.9283582089552239,0.9402985074626866,0.5882366895675659,-0.001194911659695208,0.5894316012272611,5.9793219406856224e-05
bowphs/LaTa,hidden,mean,8,baseline,0,0.001,clean,943,335,0.07164179104477612,0.07761194029850746,0.08656716417910448,0.07164179104477612,0.07761194029850746,0.08656716417910448,0.9090709090232849,0.8919178247451782,0.01715308427810669,0.8919543623924255
bowphs/LaTa,hidden,mean,8,abtt,10,0.001,clean,943,335,0.9014925373134328,0.9343283582089552,0.9402985074626866,0.9014925373134328,0.9343283582089552,0.9402985074626866,0.5805693864822388,-0.0011268272064626217,0.5816962136887014,0.00011141122377011925
bowphs/LaTa,hidden,mean,9,baseline,0,0.001,clean,943,335,0.06865671641791045,0.08358208955223881,0.08955223880597014,0.06865671641791045,0.08358208955223881,0.08955223880597014,0.908243715763092,0.8910922408103943,0.017151474952697754,0.8911284804344177
bowphs/LaTa,hidden,mean,9,abtt,10,0.001,clean,943,335,0.9044776119402985,0.9402985074626866,0.9432835820895522,0.9044776119402985,0.9402985074626866,0.9432835820895522,0.5791029930114746,-0.0011303755454719067,0.5802333685569465,0.00010474876762600616
bowphs/LaTa,hidden,mean,10,baseline,0,0.001,clean,943,335,0.06567164179104477,0.08656716417910448,0.0955223880597015,0.06567164179104477,0.08656716417910448,0.0955223880597015,0.9107074737548828,0.8932309746742249,0.01747649908065796,0.8932681083679199
bowphs/LaTa,hidden,mean,10,abtt,10,0.001,clean,943,335,0.9044776119402985,0.9373134328358209,0.9432835820895522,0.9044776119402985,0.9373134328358209,0.9432835820895522,0.5732918977737427,-0.0011403880780562758,0.574432285851799,8.238761802203953e-05
bowphs/LaTa,hidden,mean,11,baseline,0,0.001,clean,943,335,0.07164179104477612,0.09253731343283582,0.1044776119402985,0.07164179104477612,0.09253731343283582,0.1044776119402985,0.9109054207801819,0.8934816718101501,0.01742374897003174,0.8935187458992004
bowphs/LaTa,hidden,mean,11,abtt,10,0.001,clean,943,335,0.9074626865671642,0.9373134328358209,0.9462686567164179,0.9074626865671642,0.9373134328358209,0.9462686567164179,0.5708240270614624,-0.0011208176147192717,0.5719448446761817,9.66639636317268e-05
bowphs/LaTa,hidden,mean,12,baseline,0,0.001,clean,943,335,0.8208955223880597,0.8925373134328358,0.9223880597014925,0.8208955223880597,0.8925373134328358,0.9223880597014925,0.8214679956436157,0.5757536292076111,0.24571436643600464,0.5762767195701599
bowphs/LaTa,hidden,mean,12,abtt,10,0.001,clean,943,335,0.9074626865671642,0.9582089552238806,0.9641791044776119,0.9074626865671642,0.9582089552238806,0.9641791044776119,0.5547323822975159,-0.0011541667627170682,0.5558865490602329,2.9131508199498057e-05
bowphs/LaTa,hidden,sif,0,baseline,0,0.001,clean,943,335,0.9343283582089552,0.9582089552238806,0.9582089552238806,0.9343283582089552,0.9582089552238806,0.9582089552238806,0.7389165759086609,0.28703802824020386,0.45187854766845703,0.2879998981952667
bowphs/LaTa,hidden,sif,0,abtt,10,0.001,clean,943,335,0.9402985074626866,0.9611940298507463,0.9671641791044776,0.9402985074626866,0.9611940298507463,0.9671641791044776,0.5785566568374634,-0.0012783952988684177,0.5798350521363318,-4.411884947330691e-05
bowphs/LaTa,hidden,sif,1,baseline,0,0.001,clean,943,335,0.9313432835820895,0.9552238805970149,0.9611940298507463,0.9313432835820895,0.9552238805970149,0.9611940298507463,0.7931243181228638,0.4066976308822632,0.3864266872406006,0.407520055770874
bowphs/LaTa,hidden,sif,1,abtt,10,0.001,clean,943,335,0.9402985074626866,0.9641791044776119,0.9701492537313433,0.9402985074626866,0.9641791044776119,0.9701492537313433,0.596235454082489,-0.0012662080116569996,0.597501662094146,5.674888143403223e-06
bowphs/LaTa,hidden,sif,2,baseline,0,0.001,clean,943,335,0.9253731343283582,0.9522388059701492,0.9582089552238806,0.9253731343283582,0.9522388059701492,0.9582089552238806,0.8412348031997681,0.5546157360076904,0.28661906719207764,0.5552257299423218
bowphs/LaTa,hidden,sif,2,abtt,10,0.001,clean,943,335,0.9253731343283582,0.9611940298507463,0.9671641791044776,0.9253731343283582,0.9611940298507463,0.9671641791044776,0.5949859619140625,-0.0012366626178845763,0.5962226245319471,3.249784276704304e-05
bowphs/LaTa,hidden,sif,3,baseline,0,0.001,clean,943,335,0.8388059701492537,0.8955223880597015,0.9134328358208955,0.8388059701492537,0.8955223880597015,0.9134328358208955,0.8439339995384216,0.62813800573349,0.21579599380493164,0.6285972595214844
bowphs/LaTa,hidden,sif,3,abtt,10,0.001,clean,943,335,0.9283582089552239,0.9641791044776119,0.9701492537313433,0.9283582089552239,0.9641791044776119,0.9701492537313433,0.5973507761955261,-0.0011426055571064353,0.5984933817526326,0.00013138829672243446
bowphs/LaTa,hidden,sif,4,baseline,0,0.001,clean,943,335,0.6626865671641791,0.7313432835820896,0.7791044776119403,0.6626865671641791,0.7313432835820896,0.7791044776119403,0.8417587876319885,0.6630873680114746,0.17867141962051392,0.6634677052497864
bowphs/LaTa,hidden,sif,4,abtt,10,0.001,clean,943,335,0.9313432835820895,0.9582089552238806,0.9731343283582089,0.9313432835820895,0.9582089552238806,0.9731343283582089,0.5988444685935974,-0.0009785398142412305,0.5998230084078386,0.00029828495462425053
bowphs/LaTa,hidden,sif,5,baseline,0,0.001,clean,943,335,0.6268656716417911,0.7104477611940299,0.7402985074626866,0.6268656716417911,0.7104477611940299,0.7402985074626866,0.84912109375,0.6855200529098511,0.16360104084014893,0.6858680844306946
bowphs/LaTa,hidden,sif,5,abtt,10,0.001,clean,943,335,0.9283582089552239,0.9582089552238806,0.9611940298507463,0.9283582089552239,0.9582089552238806,0.9611940298507463,0.6063920259475708,-0.0009663582895882428,0.607358384237159,0.0003265064733568579
bowphs/LaTa,hidden,sif,6,baseline,0,0.001,clean,943,335,0.6119402985074627,0.6746268656716418,0.7044776119402985,0.6119402985074627,0.6746268656716418,0.7044776119402985,0.8553580641746521,0.708314836025238,0.14704322814941406,0.7086279988288879
bowphs/LaTa,hidden,sif,6,abtt,10,0.001,clean,943,335,0.9343283582089552,0.9552238805970149,0.9641791044776119,0.9343283582089552,0.9552238805970149,0.9641791044776119,0.6052731871604919,-0.0008669007802382112,0.6061400879407302,0.00042337042395956814
bowphs/LaTa,hidden,sif,7,baseline,0,0.001,clean,943,335,0.6059701492537314,0.6805970149253732,0.6925373134328359,0.6059701492537314,0.6805970149253732,0.6925373134328359,0.8722828030586243,0.7456809282302856,0.12660187482833862,0.7459506392478943
bowphs/LaTa,hidden,sif,7,abtt,10,0.001,clean,943,335,0.9343283582089552,0.9522388059701492,0.9641791044776119,0.9343283582089552,0.9522388059701492,0.9641791044776119,0.6032552719116211,-0.0009820639388635755,0.6042373358504847,0.0003041570307686925
bowphs/LaTa,hidden,sif,8,baseline,0,0.001,clean,943,335,0.5701492537313433,0.6477611940298508,0.6716417910447762,0.5701492537313433,0.6477611940298508,0.6716417910447762,0.8712443113327026,0.7525550127029419,0.11868929862976074,0.7528076767921448
bowphs/LaTa,hidden,sif,8,abtt,10,0.001,clean,943,335,0.9373134328358209,0.9582089552238806,0.9611940298507463,0.9373134328358209,0.9582089552238806,0.9611940298507463,0.5990158319473267,-0.0010013009887188673,0.6000171329360455,0.0002759363560471684
bowphs/LaTa,hidden,sif,9,baseline,0,0.001,clean,943,335,0.6029850746268657,0.6626865671641791,0.6865671641791045,0.6029850746268657,0.6626865671641791,0.6865671641791045,0.8860647082328796,0.7751129269599915,0.11095178127288818,0.7753493189811707
bowphs/LaTa,hidden,sif,9,abtt,10,0.001,clean,943,335,0.9343283582089552,0.9522388059701492,0.9582089552238806,0.9343283582089552,0.9522388059701492,0.9582089552238806,0.6028656959533691,-0.00103287014644593,0.6038985660998151,0.00025263006682507694
bowphs/LaTa,hidden,sif,10,baseline,0,0.001,clean,943,335,0.6029850746268657,0.6716417910447762,0.6955223880597015,0.6029850746268657,0.6716417910447762,0.6955223880597015,0.8909033536911011,0.7816820740699768,0.10922127962112427,0.781914234161377
bowphs/LaTa,hidden,sif,10,abtt,10,0.001,clean,943,335,0.9253731343283582,0.9492537313432836,0.9522388059701492,0.9253731343283582,0.9492537313432836,0.9522388059701492,0.5993767380714417,-0.0010224540019407868,0.6003991920733824,0.0002555974351707846
bowphs/LaTa,hidden,sif,11,baseline,0,0.001,clean,943,335,0.6208955223880597,0.6925373134328359,0.7223880597014926,0.6208955223880597,0.6925373134328359,0.7223880597014926,0.8906528353691101,0.7754067182540894,0.11524611711502075,0.7756518721580505
bowphs/LaTa,hidden,sif,11,abtt,10,0.001,clean,943,335,0.9283582089552239,0.9522388059701492,0.9582089552238806,0.9283582089552239,0.9522388059701492,0.9582089552238806,0.5986353158950806,-0.0011249110102653503,0.5997602269053459,0.00015177970635704696
bowphs/LaTa,hidden,sif,12,baseline,0,0.001,clean,943,335,0.9104477611940298,0.9402985074626866,0.9462686567164179,0.9104477611940298,0.9402985074626866,0.9462686567164179,0.8302803635597229,0.5414995551109314,0.2887808084487915,0.5421142578125
bowphs/LaTa,hidden,sif,12,abtt,10,0.001,clean,943,335,0.9313432835820895,0.9552238805970149,0.9671641791044776,0.9313432835820895,0.9552238805970149,0.9671641791044776,0.5874124765396118,-0.001245970488525927,0.5886584470281377,7.088204256433528e-06
bowphs/LaTa,ff1,mean,1,baseline,0,0.001,clean,943,335,0.6358208955223881,0.7044776119402985,0.7223880597014926,0.6358208955223881,0.7044776119402985,0.7223880597014926,0.8286725878715515,0.651138961315155,0.17753362655639648,0.6515167355537415
bowphs/LaTa,ff1,mean,1,abtt,10,0.001,clean,943,335,0.9104477611940298,0.9432835820895522,0.9522388059701492,0.9104477611940298,0.9432835820895522,0.9522388059701492,0.5053473114967346,-0.0007059246418066323,0.5060532361385413,0.00037129520205780864
bowphs/LaTa,ff1,mean,2,baseline,0,0.001,clean,943,335,0.12835820895522387,0.16417910447761194,0.1791044776119403,0.12835820895522387,0.16417910447761194,0.1791044776119403,0.8973233103752136,0.8742785453796387,0.02304476499557495,0.8743276000022888
bowphs/LaTa,ff1,mean,2,abtt,10,0.001,clean,943,335,0.8477611940298507,0.9164179104477612,0.9373134328358209,0.8477611940298507,0.9164179104477612,0.9373134328358209,0.43821415305137634,-0.000780489994212985,0.43899464304558933,0.00015398375398945063
bowphs/LaTa,ff1,mean,3,baseline,0,0.001,clean,943,335,0.08955223880597014,0.09850746268656717,0.11044776119402985,0.08955223880597014,0.09850746268656717,0.11044776119402985,0.9505230784416199,0.9332724809646606,0.01725059747695923,0.9333087801933289
bowphs/LaTa,ff1,mean,3,abtt,10,0.001,clean,943,335,0.8895522388059701,0.9343283582089552,0.9462686567164179,0.8895522388059701,0.9343283582089552,0.9462686567164179,0.482149213552475,-0.0010215180227532983,0.4831707315752283,6.992156613705447e-06
bowphs/LaTa,ff1,mean,4,baseline,0,0.001,clean,943,335,0.08656716417910448,0.09850746268656717,0.11641791044776119,0.08656716417910448,0.09850746268656717,0.11641791044776119,0.830062747001648,0.8234179019927979,0.006644845008850098,0.8234323859214783
bowphs/LaTa,ff1,mean,4,abtt,10,0.001,clean,943,335,0.9164179104477612,0.9432835820895522,0.9492537313432836,0.9164179104477612,0.9432835820895522,0.9492537313432836,0.5006054043769836,-0.0010919549968093634,0.501697359373793,-2.4007662432268262e-05
bowphs/LaTa,ff1,mean,5,baseline,0,0.001,clean,943,335,0.1044776119402985,0.13134328358208955,0.1373134328358209,0.1044776119402985,0.13134328358208955,0.1373134328358209,0.920367419719696,0.8960146307945251,0.0243527889251709,0.8960667252540588
bowphs/LaTa,ff1,mean,5,abtt,10,0.001,clean,943,335,0.9044776119402985,0.9343283582089552,0.9462686567164179,0.9044776119402985,0.9343283582089552,0.9462686567164179,0.5289614200592041,-0.0009860133286565542,0.5299474333878607,0.00014206903870217502
bowphs/LaTa,ff1,mean,6,baseline,0,0.001,clean,943,335,0.08955223880597014,0.10746268656716418,0.1253731343283582,0.08955223880597014,0.10746268656716418,0.1253731343283582,0.9377355575561523,0.9176320433616638,0.020103514194488525,0.9176750779151917
bowphs/LaTa,ff1,mean,6,abtt,10,0.001,clean,943,335,0.9014925373134328,0.9343283582089552,0.9402985074626866,0.9014925373134328,0.9343283582089552,0.9402985074626866,0.5078957676887512,-0.0005152364610694349,0.5084110041498207,0.0005670023383572698
bowphs/LaTa,ff1,mean,7,baseline,0,0.001,clean,943,335,0.19701492537313434,0.22686567164179106,0.24776119402985075,0.19701492537313434,0.22686567164179106,0.24776119402985075,0.9686419367790222,0.9467620849609375,0.021879851818084717,0.9468081593513489
bowphs/LaTa,ff1,mean,7,abtt,10,0.001,clean,943,335,0.9044776119402985,0.9402985074626866,0.9492537313432836,0.9044776119402985,0.9402985074626866,0.9492537313432836,0.5010352730751038,-0.0004131178720854223,0.5014483909471892,0.0006542990449815989
bowphs/LaTa,ff1,mean,8,baseline,0,0.001,clean,943,335,0.16119402985074627,0.191044776119403,0.21194029850746268,0.16119402985074627,0.191044776119403,0.21194029850746268,0.3531067967414856,0.3705427348613739,-0.017435938119888306,0.370505690574646
bowphs/LaTa,ff1,mean,8,abtt,10,0.001,clean,943,335,0.8567164179104477,0.9194029850746268,0.9373134328358209,0.8567164179104477,0.9194029850746268,0.9373134328358209,0.468131422996521,-0.0009168893448077142,0.4690483123413287,8.155936666298658e-05
bowphs/LaTa,ff1,mean,9,baseline,0,0.001,clean,943,335,0.21791044776119403,0.27761194029850744,0.2955223880597015,0.21791044776119403,0.27761194029850744,0.2955223880597015,0.862010657787323,0.8115917444229126,0.0504189133644104,0.8116989731788635
bowphs/LaTa,ff1,mean,9,abtt,10,0.001,clean,943,335,0.8865671641791045,0.9223880597014925,0.9313432835820895,0.8865671641791045,0.9223880597014925,0.9313432835820895,0.4836810827255249,-0.000612617121078074,0.484293699846603,0.0004182835982646793
bowphs/LaTa,ff1,mean,10,baseline,0,0.001,clean,943,335,0.3074626865671642,0.3522388059701492,0.373134328358209,0.3074626865671642,0.3522388059701492,0.373134328358209,0.9491632580757141,0.9185266494750977,0.030636608600616455,0.9185919165611267
bowphs/LaTa,ff1,mean,10,abtt,10,0.001,clean,943,335,0.8776119402985074,0.9343283582089552,0.9462686567164179,0.8776119402985074,0.9343283582089552,0.9462686567164179,0.4813201129436493,-0.0011155912652611732,0.48243570420891047,-8.86450579855591e-05
bowphs/LaTa,ff1,mean,11,baseline,0,0.001,clean,943,335,0.46567164179104475,0.5343283582089552,0.5522388059701493,0.46567164179104475,0.5343283582089552,0.5522388059701493,0.8774542808532715,0.7955343127250671,0.08191996812820435,0.7957085967063904
bowphs/LaTa,ff1,mean,11,abtt,10,0.001,clean,943,335,0.8626865671641791,0.9194029850746268,0.9462686567164179,0.8626865671641791,0.9194029850746268,0.9462686567164179,0.4752363860607147,-0.0011417914647608995,0.4763781775254756,-0.00012773976777680218
bowphs/LaTa,ff1,mean,12,baseline,0,0.001,clean,943,335,0.3373134328358209,0.41492537313432837,0.4597014925373134,0.3373134328358209,0.41492537313432837,0.4597014925373134,0.9252985119819641,0.8797034025192261,0.04559510946273804,0.87980055809021
bowphs/LaTa,ff1,mean,12,abtt,10,0.001,clean,943,335,0.844776119402985,0.8865671641791045,0.9134328358208955,0.844776119402985,0.8865671641791045,0.9134328358208955,0.447954922914505,-0.000997061375528574,0.4489519842900336,-4.13908128393814e-05
bowphs/LaTa,ff1,sif,1,baseline,0,0.001,clean,943,335,0.9283582089552239,0.9552238805970149,0.9641791044776119,0.9283582089552239,0.9552238805970149,0.9641791044776119,0.7080153226852417,0.24955476820468903,0.4584605544805527,0.2505306601524353
bowphs/LaTa,ff1,sif,1,abtt,10,0.001,clean,943,335,0.9373134328358209,0.9641791044776119,0.9671641791044776,0.9373134328358209,0.9641791044776119,0.9671641791044776,0.5629907250404358,-0.000996650313027203,0.563987375353463,0.00020389202109072357
bowphs/LaTa,ff1,sif,2,baseline,0,0.001,clean,943,335,0.8417910447761194,0.9044776119402985,0.9134328358208955,0.8417910447761194,0.9044776119402985,0.9134328358208955,0.6706488132476807,0.2650332748889923,0.40561553835868835,0.26589664816856384
bowphs/LaTa,ff1,sif,2,abtt,10,0.001,clean,943,335,0.9223880597014925,0.9552238805970149,0.9671641791044776,0.9223880597014925,0.9552238805970149,0.9671641791044776,0.5144007802009583,-0.0010579461231827736,0.515458726324141,3.929479862563312e-05
bowphs/LaTa,ff1,sif,3,baseline,0,0.001,clean,943,335,0.8298507462686567,0.8776119402985074,0.8835820895522388,0.8298507462686567,0.8776119402985074,0.8835820895522388,0.7148222923278809,0.410814493894577,0.30400779843330383,0.4114619791507721
bowphs/LaTa,ff1,sif,3,abtt,10,0.001,clean,943,335,0.9283582089552239,0.9641791044776119,0.9701492537313433,0.9283582089552239,0.9641791044776119,0.9701492537313433,0.5172739624977112,-0.0008137019467540085,0.5180876644444652,0.00028913497226312757
bowphs/LaTa,ff1,sif,4,baseline,0,0.001,clean,943,335,0.8537313432835821,0.9194029850746268,0.9313432835820895,0.8537313432835821,0.9194029850746268,0.9313432835820895,0.7033323645591736,0.35017722845077515,0.35315513610839844,0.35092875361442566
bowphs/LaTa,ff1,sif,4,abtt,10,0.001,clean,943,335,0.9343283582089552,0.9582089552238806,0.9641791044776119,0.9343283582089552,0.9582089552238806,0.9641791044776119,0.5293260812759399,-0.0010286153992637992,0.5303546966752037,0.00010033400758402422
bowphs/LaTa,ff1,sif,5,baseline,0,0.001,clean,943,335,0.9104477611940298,0.9253731343283582,0.9253731343283582,0.9104477611940298,0.9253731343283582,0.9253731343283582,0.7239180207252502,0.3355504870414734,0.38836753368377686,0.33637726306915283
bowphs/LaTa,ff1,sif,5,abtt,10,0.001,clean,943,335,0.9253731343283582,0.9552238805970149,0.9582089552238806,0.9253731343283582,0.9552238805970149,0.9582089552238806,0.5491679310798645,-0.0010613572085276246,0.5502292882883921,0.00010989850125042722
bowphs/LaTa,ff1,sif,6,baseline,0,0.001,clean,943,335,0.9044776119402985,0.9194029850746268,0.9283582089552239,0.9044776119402985,0.9194029850746268,0.9283582089552239,0.7337468266487122,0.3726062774658203,0.36114054918289185,0.3733750879764557
bowphs/LaTa,ff1,sif,6,abtt,10,0.001,clean,943,335,0.9253731343283582,0.9432835820895522,0.9462686567164179,0.9253731343283582,0.9432835820895522,0.9462686567164179,0.5404605269432068,-0.0008756251190789044,0.5413361520622857,0.00027670024428516626
bowphs/LaTa,ff1,sif,7,baseline,0,0.001,clean,943,335,0.8537313432835821,0.8985074626865671,0.9134328358208955,0.8537313432835821,0.8985074626865671,0.9134328358208955,0.7174196839332581,0.3780905604362488,0.3393291234970093,0.3788129389286041
bowphs/LaTa,ff1,sif,7,abtt,10,0.001,clean,943,335,0.9373134328358209,0.9522388059701492,0.9522388059701492,0.9373134328358209,0.9522388059701492,0.9522388059701492,0.5376749038696289,-0.0008850631420500576,0.538559967011679,0.00026135280495509505
bowphs/LaTa,ff1,sif,8,baseline,0,0.001,clean,943,335,0.8626865671641791,0.9044776119402985,0.9104477611940298,0.8626865671641791,0.9044776119402985,0.9104477611940298,0.6680304408073425,0.31827324628829956,0.34975719451904297,0.31901782751083374
bowphs/LaTa,ff1,sif,8,abtt,10,0.001,clean,943,335,0.9164179104477612,0.9402985074626866,0.9492537313432836,0.9164179104477612,0.9402985074626866,0.9492537313432836,0.5140533447265625,-0.0009413534426130354,0.5149946981691755,0.00015489943325519562
bowphs/LaTa,ff1,sif,9,baseline,0,0.001,clean,943,335,0.9044776119402985,0.9343283582089552,0.9402985074626866,0.9044776119402985,0.9343283582089552,0.9402985074626866,0.722030520439148,0.3335701525211334,0.3884603679180145,0.3343971371650696
bowphs/LaTa,ff1,sif,9,abtt,10,0.001,clean,943,335,0.9253731343283582,0.9611940298507463,0.9611940298507463,0.9253731343283582,0.9611940298507463,0.9611940298507463,0.5256527066230774,-0.0010439703473821282,0.5266966769704595,7.71920385886915e-05
bowphs/LaTa,ff1,sif,10,baseline,0,0.001,clean,943,335,0.8716417910447761,0.9104477611940298,0.9223880597014925,0.8716417910447761,0.9104477611940298,0.9223880597014925,0.7377509474754333,0.401195228099823,0.33655571937561035,0.4019114673137665
bowphs/LaTa,ff1,sif,10,abtt,10,0.001,clean,943,335,0.9134328358208955,0.9432835820895522,0.9552238805970149,0.9134328358208955,0.9432835820895522,0.9552238805970149,0.5240416526794434,-0.0012414815137162805,0.5252831341931596,-0.0001233280054293573
bowphs/LaTa,ff1,sif,11,baseline,0,0.001,clean,943,335,0.8895522388059701,0.9313432835820895,0.9343283582089552,0.8895522388059701,0.9313432835820895,0.9343283582089552,0.7136580348014832,0.36359068751335144,0.3500673472881317,0.3643359839916229
bowphs/LaTa,ff1,sif,11,abtt,10,0.001,clean,943,335,0.9194029850746268,0.9552238805970149,0.9611940298507463,0.9194029850746268,0.9552238805970149,0.9611940298507463,0.512094259262085,-0.001274779555387795,0.5133690388174728,-0.0001819864264689386
bowphs/LaTa,ff1,sif,12,baseline,0,0.001,clean,943,335,0.844776119402985,0.8776119402985074,0.8955223880597015,0.844776119402985,0.8776119402985074,0.8955223880597015,0.7675721049308777,0.5152308940887451,0.25234121084213257,0.5157679915428162
bowphs/LaTa,ff1,sif,12,abtt,10,0.001,clean,943,335,0.9164179104477612,0.9522388059701492,0.9582089552238806,0.9164179104477612,0.9522388059701492,0.9582089552238806,0.49911290407180786,-0.0011668114457279444,0.5002797155175358,-0.00010188123997068033
bowphs/PhilTa,hidden,mean,0,baseline,0,0.001,clean,943,335,0.9223880597014925,0.9432835820895522,0.9462686567164179,0.9223880597014925,0.9432835820895522,0.9462686567164179,0.8009454011917114,0.4636668562889099,0.3372785449028015,0.46438485383987427
bowphs/PhilTa,hidden,mean,0,abtt,10,0.001,clean,943,335,0.9253731343283582,0.9611940298507463,0.9611940298507463,0.9253731343283582,0.9611940298507463,0.9611940298507463,0.5869967341423035,-0.001193896634504199,0.5881906307768077,5.816637712996453e-05
bowphs/PhilTa,hidden,mean,1,baseline,0,0.001,clean,943,335,0.6746268656716418,0.7194029850746269,0.7283582089552239,0.6746268656716418,0.7194029850746269,0.7283582089552239,0.9549562931060791,0.9074468016624451,0.04750949144363403,0.9075475931167603
bowphs/PhilTa,hidden,mean,1,abtt,10,0.001,clean,943,335,0.9313432835820895,0.9522388059701492,0.9582089552238806,0.9313432835820895,0.9522388059701492,0.9582089552238806,0.5866435170173645,-0.00130647758487612,0.5879499946022406,-5.492674608831294e-05
bowphs/PhilTa,hidden,mean,2,baseline,0,0.001,clean,943,335,0.6029850746268657,0.6656716417910448,0.6805970149253732,0.6029850746268657,0.6656716417910448,0.6805970149253732,0.9695714116096497,0.9434919953346252,0.026079416275024414,0.9435476064682007
bowphs/PhilTa,hidden,mean,2,abtt,10,0.001,clean,943,335,0.9104477611940298,0.9432835820895522,0.9492537313432836,0.9104477611940298,0.9432835820895522,0.9492537313432836,0.5698873400688171,-0.0009318638476543128,0.5708192039164715,0.00028322101570665836
bowphs/PhilTa,hidden,mean,3,baseline,0,0.001,clean,943,335,0.11940298507462686,0.14626865671641792,0.16716417910447762,0.11940298507462686,0.14626865671641792,0.16716417910447762,0.9561291933059692,0.9322046637535095,0.023924529552459717,0.9322551488876343
bowphs/PhilTa,hidden,mean,3,abtt,10,0.001,clean,943,335,0.9104477611940298,0.9402985074626866,0.9462686567164179,0.9104477611940298,0.9402985074626866,0.9462686567164179,0.561931312084198,-0.001059869071468711,0.5629911811556667,0.0001385532523272559
bowphs/PhilTa,hidden,mean,4,baseline,0,0.001,clean,943,335,0.06865671641791045,0.08656716417910448,0.0955223880597015,0.06865671641791045,0.08656716417910448,0.0955223880597015,0.953986406326294,0.9376685619354248,0.01631784439086914,0.9377036094665527
bowphs/PhilTa,hidden,mean,4,abtt,10,0.001,clean,943,335,0.9104477611940298,0.9462686567164179,0.9492537313432836,0.9104477611940298,0.9462686567164179,0.9492537313432836,0.5615549087524414,-0.0010298332199454308,0.5625847419723868,0.00016772354138083756
bowphs/PhilTa,hidden,mean,5,baseline,0,0.001,clean,943,335,0.07761194029850746,0.09850746268656717,0.10149253731343283,0.07761194029850746,0.09850746268656717,0.10149253731343283,0.9539775252342224,0.9373026490211487,0.01667487621307373,0.9373378753662109
bowphs/PhilTa,hidden,mean,5,abtt,10,0.001,clean,943,335,0.9014925373134328,0.9492537313432836,0.9582089552238806,0.9014925373134328,0.9492537313432836,0.9582089552238806,0.571853756904602,-0.000820524466689676,0.5726742813712917,0.000398509408114478
bowphs/PhilTa,hidden,mean,6,baseline,0,0.001,clean,943,335,0.07462686567164178,0.10149253731343283,0.10746268656716418,0.07462686567164178,0.10149253731343283,0.10746268656716418,0.9512525796890259,0.9343846440315247,0.01686793565750122,0.9344208240509033
bowphs/PhilTa,hidden,mean,6,abtt,10,0.001,clean,943,335,0.8955223880597015,0.9462686567164179,0.9522388059701492,0.8955223880597015,0.9462686567164179,0.9522388059701492,0.5704527497291565,-0.0006627670954912901,0.5711155168246478,0.0005529478075914085
bowphs/PhilTa,hidden,mean,7,baseline,0,0.001,clean,943,335,0.08059701492537313,0.10149253731343283,0.11044776119402985,0.08059701492537313,0.10149253731343283,0.11044776119402985,0.9514646530151367,0.9343047142028809,0.01715993881225586,0.934341311454773
bowphs/PhilTa,hidden,mean,7,abtt,10,0.001,clean,943,335,0.8925373134328358,0.9373134328358209,0.9373134328358209,0.8925373134328358,0.9373134328358209,0.9373134328358209,0.5635925531387329,-0.0006866097101010382,0.564279162848834,0.0005145539180375636
bowphs/PhilTa,hidden,mean,8,baseline,0,0.001,clean,943,335,0.08358208955223881,0.10149253731343283,0.11343283582089553,0.08358208955223881,0.10149253731343283,0.11343283582089553,0.951950192451477,0.934910774230957,0.01703941822052002,0.93494713306427
bowphs/PhilTa,hidden,mean,8,abtt,10,0.001,clean,943,335,0.9044776119402985,0.9343283582089552,0.9432835820895522,0.9044776119402985,0.9343283582089552,0.9432835820895522,0.5638831257820129,-0.000587519898544997,0.5644706456805579,0.0006140509503893554
bowphs/PhilTa,hidden,mean,9,baseline,0,0.001,clean,943,335,0.06865671641791045,0.10149253731343283,0.11343283582089553,0.06865671641791045,0.10149253731343283,0.11343283582089553,0.9471278786659241,0.930385172367096,0.016742706298828125,0.9304207563400269
bowphs/PhilTa,hidden,mean,9,abtt,10,0.001,clean,943,335,0.9044776119402985,0.9402985074626866,0.9552238805970149,0.9044776119402985,0.9402985074626866,0.9552238805970149,0.5547989010810852,-0.0005503587890416384,0.5553492598701268,0.0006317952647805214
bowphs/PhilTa,hidden,mean,10,baseline,0,0.001,clean,943,335,0.06567164179104477,0.08358208955223881,0.11044776119402985,0.06567164179104477,0.08358208955223881,0.11044776119402985,0.9452686309814453,0.9288887977600098,0.016379833221435547,0.928924024105072
bowphs/PhilTa,hidden,mean,10,abtt,10,0.001,clean,943,335,0.9104477611940298,0.9462686567164179,0.9552238805970149,0.9104477611940298,0.9462686567164179,0.9552238805970149,0.5452020764350891,-0.0005609727231785655,0.5457630491582677,0.0006007757037878036
bowphs/PhilTa,hidden,mean,11,baseline,0,0.001,clean,943,335,0.07164179104477612,0.08955223880597014,0.11044776119402985,0.07164179104477612,0.08955223880597014,0.11044776119402985,0.9461496472358704,0.9298346638679504,0.016314983367919922,0.9298691153526306
bowphs/PhilTa,hidden,mean,11,abtt,10,0.001,clean,943,335,0.8865671641791045,0.9373134328358209,0.9552238805970149,0.8865671641791045,0.9373134328358209,0.9552238805970149,0.5293753147125244,-0.0006385172018781304,0.5300138319144025,0.0004897064645774662
bowphs/PhilTa,hidden,mean,12,baseline,0,0.001,clean,943,335,0.7373134328358208,0.835820895522388,0.8626865671641791,0.7373134328358208,0.835820895522388,0.8626865671641791,0.8296105265617371,0.6407002210617065,0.18891030550003052,0.6411022543907166
bowphs/PhilTa,hidden,mean,12,abtt,10,0.001,clean,943,335,0.8985074626865671,0.9492537313432836,0.9552238805970149,0.8985074626865671,0.9492537313432836,0.9552238805970149,0.49571070075035095,-0.0009307542932219803,0.49664145504357293,0.00012643054651562124
bowphs/PhilTa,hidden,sif,0,baseline,0,0.001,clean,943,335,0.9194029850746268,0.9462686567164179,0.9492537313432836,0.9194029850746268,0.9462686567164179,0.9492537313432836,0.7487039566040039,0.32573843002319336,0.42296552658081055,0.3266385793685913
bowphs/PhilTa,hidden,sif,0,abtt,10,0.001,clean,943,335,0.9313432835820895,0.9552238805970149,0.9552238805970149,0.9313432835820895,0.9552238805970149,0.9552238805970149,0.5736743807792664,-0.00136635173112154,0.5750407325103879,-0.00014228027430363
bowphs/PhilTa,hidden,sif,1,baseline,0,0.001,clean,943,335,0.9104477611940298,0.9402985074626866,0.9432835820895522,0.9104477611940298,0.9402985074626866,0.9432835820895522,0.8134743571281433,0.47536131739616394,0.33811303973197937,0.47608140110969543
bowphs/PhilTa,hidden,sif,1,abtt,10,0.001,clean,943,335,0.9253731343283582,0.9582089552238806,0.9611940298507463,0.9253731343283582,0.9582089552238806,0.9611940298507463,0.5901606678962708,-0.0013774168910458684,0.5915380847873166,-0.00011822774831671268
bowphs/PhilTa,hidden,sif,2,baseline,0,0.001,clean,943,335,0.9044776119402985,0.9283582089552239,0.9343283582089552,0.9044776119402985,0.9283582089552239,0.9343283582089552,0.856385350227356,0.6014773845672607,0.2549079656600952,0.6020201444625854
bowphs/PhilTa,hidden,sif,2,abtt,10,0.001,clean,943,335,0.9283582089552239,0.9552238805970149,0.9671641791044776,0.9283582089552239,0.9552238805970149,0.9671641791044776,0.5869848728179932,-0.00133784010540694,0.5883227129234001,-8.549598715035245e-05
bowphs/PhilTa,hidden,sif,3,baseline,0,0.001,clean,943,335,0.8805970149253731,0.9104477611940298,0.9194029850746268,0.8805970149253731,0.9104477611940298,0.9194029850746268,0.8699538707733154,0.6581116318702698,0.21184223890304565,0.6585624814033508
bowphs/PhilTa,hidden,sif,3,abtt,10,0.001,clean,943,335,0.9223880597014925,0.9522388059701492,0.9671641791044776,0.9223880597014925,0.9522388059701492,0.9671641791044776,0.5790486335754395,-0.0011550188064575195,0.580203652381897,8.0042467743624e-05
bowphs/PhilTa,hidden,sif,4,baseline,0,0.001,clean,943,335,0.8059701492537313,0.8597014925373134,0.8656716417910447,0.8059701492537313,0.8597014925373134,0.8656716417910447,0.8537755012512207,0.6553652882575989,0.19841021299362183,0.6557878255844116
bowphs/PhilTa,hidden,sif,4,abtt,10,0.001,clean,943,335,0.9283582089552239,0.9552238805970149,0.9552238805970149,0.9283582089552239,0.9552238805970149,0.9552238805970149,0.5826325416564941,-0.00102620804682374,0.5836587497033179,0.0002162078453693539
bowphs/PhilTa,hidden,sif,5,baseline,0,0.001,clean,943,335,0.7970149253731343,0.8328358208955224,0.8417910447761194,0.7970149253731343,0.8328358208955224,0.8417910447761194,0.8521633744239807,0.6636042594909668,0.18855911493301392,0.6640058159828186
bowphs/PhilTa,hidden,sif,5,abtt,10,0.001,clean,943,335,0.9283582089552239,0.9552238805970149,0.9552238805970149,0.9283582089552239,0.9552238805970149,0.9552238805970149,0.5867471098899841,-0.0008799899369478226,0.587627099826932,0.0003708734584506601
bowphs/PhilTa,hidden,sif,6,baseline,0,0.001,clean,943,335,0.764179104477612,0.8029850746268656,0.8208955223880597,0.764179104477612,0.8029850746268656,0.8208955223880597,0.8483140468597412,0.669205904006958,0.1791081428527832,0.6695871353149414
bowphs/PhilTa,hidden,sif,6,abtt,10,0.001,clean,943,335,0.9223880597014925,0.9522388059701492,0.9552238805970149,0.9223880597014925,0.9522388059701492,0.9552238805970149,0.5842874646186829,-0.0006875500548630953,0.584975014673546,0.0005576676339842379
bowphs/PhilTa,hidden,sif,7,baseline,0,0.001,clean,943,335,0.764179104477612,0.8208955223880597,0.835820895522388,0.764179104477612,0.8208955223880597,0.835820895522388,0.8556669354438782,0.6777796745300293,0.17788726091384888,0.6781585216522217
bowphs/PhilTa,hidden,sif,7,abtt,10,0.001,clean,943,335,0.9283582089552239,0.9522388059701492,0.9522388059701492,0.9283582089552239,0.9522388059701492,0.9522388059701492,0.5865346193313599,-0.0007338561699725688,0.5872684755013324,0.0005162437446415424
bowphs/PhilTa,hidden,sif,8,baseline,0,0.001,clean,943,335,0.7701492537313432,0.8328358208955224,0.8477611940298507,0.7701492537313432,0.8328358208955224,0.8477611940298507,0.8628082871437073,0.6884791851043701,0.17432910203933716,0.6888502836227417
bowphs/PhilTa,hidden,sif,8,abtt,10,0.001,clean,943,335,0.9223880597014925,0.9492537313432836,0.9552238805970149,0.9223880597014925,0.9492537313432836,0.9552238805970149,0.5870152711868286,-0.0008234425913542509,0.5878387137781829,0.0004278712149243802
bowphs/PhilTa,hidden,sif,9,baseline,0,0.001,clean,943,335,0.7432835820895523,0.8,0.826865671641791,0.7432835820895523,0.8,0.826865671641791,0.8638471364974976,0.7015071511268616,0.162339985370636,0.7018527984619141
bowphs/PhilTa,hidden,sif,9,abtt,10,0.001,clean,943,335,0.9253731343283582,0.9492537313432836,0.9641791044776119,0.9253731343283582,0.9492537313432836,0.9641791044776119,0.5807990431785583,-0.0009627745603211224,0.5817618177388795,0.00027560367016121745
bowphs/PhilTa,hidden,sif,10,baseline,0,0.001,clean,943,335,0.7283582089552239,0.7880597014925373,0.8149253731343283,0.7283582089552239,0.7880597014925373,0.8149253731343283,0.8719660639762878,0.7233365178108215,0.1486295461654663,0.7236529588699341
bowphs/PhilTa,hidden,sif,10,abtt,10,0.001,clean,943,335,0.9194029850746268,0.9582089552238806,0.9641791044776119,0.9194029850746268,0.9582089552238806,0.9641791044776119,0.5712655186653137,-0.0008765090024098754,0.5721420276677236,0.00034139223862439394
bowphs/PhilTa,hidden,sif,11,baseline,0,0.001,clean,943,335,0.7194029850746269,0.7791044776119403,0.8059701492537313,0.7194029850746269,0.7791044776119403,0.8059701492537313,0.8692679405212402,0.7200324535369873,0.14923548698425293,0.7203501462936401
bowphs/PhilTa,hidden,sif,11,abtt,10,0.001,clean,943,335,0.9194029850746268,0.9552238805970149,0.9641791044776119,0.9194029850746268,0.9552238805970149,0.9641791044776119,0.5571553111076355,-0.000836040242575109,0.5579913513502106,0.0003517387667670846
bowphs/PhilTa,hidden,sif,12,baseline,0,0.001,clean,943,335,0.8597014925373134,0.8985074626865671,0.9074626865671642,0.8597014925373134,0.8985074626865671,0.9074626865671642,0.8407169580459595,0.6266890168190002,0.21402794122695923,0.6271445155143738
bowphs/PhilTa,hidden,sif,12,abtt,10,0.001,clean,943,335,0.9283582089552239,0.9582089552238806,0.9701492537313433,0.9283582089552239,0.9582089552238806,0.9701492537313433,0.535519540309906,-0.001109651057049632,0.5366291913669556,3.265450868639164e-05
bowphs/PhilTa,ff1,mean,1,baseline,0,0.001,clean,943,335,0.4417910447761194,0.5343283582089552,0.5611940298507463,0.4417910447761194,0.5343283582089552,0.5611940298507463,0.9575052857398987,0.9142687916755676,0.043236494064331055,0.9143607020378113
bowphs/PhilTa,ff1,mean,1,abtt,10,0.001,clean,943,335,0.8656716417910447,0.9074626865671642,0.9253731343283582,0.8656716417910447,0.9074626865671642,0.9253731343283582,0.4650728106498718,-0.00020448339637368917,0.4652772940462455,0.0007859377656131983
bowphs/PhilTa,ff1,mean,2,baseline,0,0.001,clean,943,335,0.5104477611940299,0.5850746268656717,0.5970149253731343,0.5104477611940299,0.5850746268656717,0.5970149253731343,0.9720192551612854,0.9504228234291077,0.021596431732177734,0.9504687786102295
bowphs/PhilTa,ff1,mean,2,abtt,10,0.001,clean,943,335,0.8716417910447761,0.9134328358208955,0.9313432835820895,0.8716417910447761,0.9134328358208955,0.9313432835820895,0.46159830689430237,-0.0007305461913347244,0.4623288530856371,0.00025359855499118567
bowphs/PhilTa,ff1,mean,3,baseline,0,0.001,clean,943,335,0.050746268656716415,0.0626865671641791,0.06865671641791045,0.050746268656716415,0.0626865671641791,0.06865671641791045,0.9341965913772583,0.9090889692306519,0.025107622146606445,0.909142255783081
bowphs/PhilTa,ff1,mean,3,abtt,10,0.001,clean,943,335,0.844776119402985,0.9074626865671642,0.9223880597014925,0.844776119402985,0.9074626865671642,0.9223880597014925,0.4233194589614868,-0.00021216778259258717,0.4235316267440794,0.0006893905228935182
bowphs/PhilTa,ff1,mean,4,baseline,0,0.001,clean,943,335,0.041791044776119404,0.05373134328358209,0.06567164179104477,0.041791044776119404,0.05373134328358209,0.06567164179104477,0.9567096829414368,0.9473574757575989,0.00935220718383789,0.9473775029182434
bowphs/PhilTa,ff1,mean,4,abtt,10,0.001,clean,943,335,0.8835820895522388,0.9313432835820895,0.9343283582089552,0.8835820895522388,0.9313432835820895,0.9343283582089552,0.47603142261505127,-0.0007748852949589491,0.4768063079100102,0.00024007691536098719
bowphs/PhilTa,ff1,mean,5,baseline,0,0.001,clean,943,335,0.05970149253731343,0.07164179104477612,0.07761194029850746,0.05970149253731343,0.07164179104477612,0.07761194029850746,0.947679877281189,0.9350891709327698,0.01259070634841919,0.9351165890693665
bowphs/PhilTa,ff1,mean,5,abtt,10,0.001,clean,943,335,0.8895522388059701,0.9223880597014925,0.9373134328358209,0.8895522388059701,0.9223880597014925,0.9373134328358209,0.48661676049232483,-0.0005920775001868606,0.4872088379925117,0.00044502856326289475
bowphs/PhilTa,ff1,mean,6,baseline,0,0.001,clean,943,335,0.06567164179104477,0.08358208955223881,0.10149253731343283,0.06567164179104477,0.08358208955223881,0.10149253731343283,0.919653058052063,0.9044500589370728,0.015202999114990234,0.9044824838638306
bowphs/PhilTa,ff1,mean,6,abtt,10,0.001,clean,943,335,0.9104477611940298,0.9373134328358209,0.9492537313432836,0.9104477611940298,0.9373134328358209,0.9492537313432836,0.4896075129508972,-0.0009935257257893682,0.4906010386766866,5.0801492761820555e-05
bowphs/PhilTa,ff1,mean,7,baseline,0,0.001,clean,943,335,0.43582089552238806,0.5074626865671642,0.5164179104477612,0.43582089552238806,0.5074626865671642,0.5164179104477612,0.9144099354743958,0.8576685190200806,0.056741416454315186,0.8577892780303955
bowphs/PhilTa,ff1,mean,7,abtt,10,0.001,clean,943,335,0.9194029850746268,0.9522388059701492,0.9552238805970149,0.9194029850746268,0.9522388059701492,0.9552238805970149,0.4954996407032013,-0.0008187619969248772,0.49631840270012617,0.00023773504653945565
bowphs/PhilTa,ff1,mean,8,baseline,0,0.001,clean,943,335,0.43283582089552236,0.5313432835820896,0.5522388059701493,0.43283582089552236,0.5313432835820896,0.5522388059701493,0.9051698446273804,0.8415452241897583,0.06362462043762207,0.8416811227798462
bowphs/PhilTa,ff1,mean,8,abtt,10,0.001,clean,943,335,0.9104477611940298,0.9492537313432836,0.9641791044776119,0.9104477611940298,0.9492537313432836,0.9641791044776119,0.4970076382160187,-0.0006508028600364923,0.49765844107605517,0.000408547290135175
bowphs/PhilTa,ff1,mean,9,baseline,0,0.001,clean,943,335,0.14029850746268657,0.1791044776119403,0.18507462686567164,0.14029850746268657,0.1791044776119403,0.18507462686567164,0.7574506998062134,0.7337488532066345,0.023701846599578857,0.733799397945404
bowphs/PhilTa,ff1,mean,9,abtt,10,0.001,clean,943,335,0.8985074626865671,0.9253731343283582,0.9432835820895522,0.8985074626865671,0.9253731343283582,0.9432835820895522,0.4859701991081238,-0.0009365009609609842,0.48690670006908476,9.996162407333031e-05
bowphs/PhilTa,ff1,mean,10,baseline,0,0.001,clean,943,335,0.22388059701492538,0.28059701492537314,0.30149253731343284,0.22388059701492538,0.28059701492537314,0.30149253731343284,0.8271475434303284,0.7790669798851013,0.04808056354522705,0.7791691422462463
bowphs/PhilTa,ff1,mean,10,abtt,10,0.001,clean,943,335,0.8656716417910447,0.9223880597014925,0.9492537313432836,0.8656716417910447,0.9223880597014925,0.9492537313432836,0.4629557132720947,-0.0009077004506252706,0.46386341372272,7.971137529239058e-05
bowphs/PhilTa,ff1,mean,11,baseline,0,0.001,clean,943,335,0.3701492537313433,0.47761194029850745,0.5014925373134328,0.3701492537313433,0.47761194029850745,0.5014925373134328,0.8666964173316956,0.7719787955284119,0.09471762180328369,0.7721803784370422
bowphs/PhilTa,ff1,mean,11,abtt,10,0.001,clean,943,335,0.844776119402985,0.9104477611940298,0.9373134328358209,0.844776119402985,0.9104477611940298,0.9373134328358209,0.42532435059547424,-0.0008494032081216574,0.4261737538035959,5.77795653953217e-05
bowphs/PhilTa,ff1,mean,12,baseline,0,0.001,clean,943,335,0.21492537313432836,0.26865671641791045,0.3164179104477612,0.21492537313432836,0.26865671641791045,0.3164179104477612,0.791486918926239,0.699435293674469,0.09205162525177002,0.6996309161186218
bowphs/PhilTa,ff1,mean,12,abtt,10,0.001,clean,943,335,0.8626865671641791,0.9253731343283582,0.9402985074626866,0.8626865671641791,0.9253731343283582,0.9402985074626866,0.4257640242576599,-0.00068024912616238,0.4264442733838223,0.0002275091246701777
bowphs/PhilTa,ff1,sif,1,baseline,0,0.001,clean,943,335,0.8746268656716418,0.9044776119402985,0.9074626865671642,0.8746268656716418,0.9044776119402985,0.9074626865671642,0.8325424194335938,0.5813398361206055,0.2512025833129883,0.5818748474121094
bowphs/PhilTa,ff1,sif,1,abtt,10,0.001,clean,943,335,0.9134328358208955,0.9432835820895522,0.9611940298507463,0.9134328358208955,0.9432835820895522,0.9611940298507463,0.543351948261261,-0.001001662341877818,0.5443536106031388,0.0001570861495565623
bowphs/PhilTa,ff1,sif,2,baseline,0,0.001,clean,943,335,0.8537313432835821,0.8805970149253731,0.8925373134328358,0.8537313432835821,0.8805970149253731,0.8925373134328358,0.7621257901191711,0.4584302306175232,0.30369555950164795,0.459076851606369
bowphs/PhilTa,ff1,sif,2,abtt,10,0.001,clean,943,335,0.9074626865671642,0.9552238805970149,0.9582089552238806,0.9074626865671642,0.9552238805970149,0.9582089552238806,0.5200482606887817,-0.0009720104862935841,0.5210202711750753,0.0001370689133182168
bowphs/PhilTa,ff1,sif,3,baseline,0,0.001,clean,943,335,0.8567164179104477,0.9044776119402985,0.9164179104477612,0.8567164179104477,0.9044776119402985,0.9164179104477612,0.7602335214614868,0.4909985363483429,0.2692349851131439,0.49157142639160156
bowphs/PhilTa,ff1,sif,3,abtt,10,0.001,clean,943,335,0.9194029850746268,0.9492537313432836,0.9582089552238806,0.9194029850746268,0.9492537313432836,0.9582089552238806,0.4899801015853882,-0.0007168517331592739,0.49069695331854746,0.00032767976517789066
bowphs/PhilTa,ff1,sif,4,baseline,0,0.001,clean,943,335,0.6895522388059702,0.7194029850746269,0.7432835820895523,0.6895522388059702,0.7194029850746269,0.7432835820895523,0.7912359237670898,0.6231091618537903,0.16812676191329956,0.6234670877456665
bowphs/PhilTa,ff1,sif,4,abtt,10,0.001,clean,943,335,0.9164179104477612,0.9552238805970149,0.9582089552238806,0.9164179104477612,0.9552238805970149,0.9582089552238806,0.5126350522041321,-0.0006185942911542952,0.5132536464952864,0.00047395259025506675
bowphs/PhilTa,ff1,sif,5,baseline,0,0.001,clean,943,335,0.8298507462686567,0.8686567164179104,0.8776119402985074,0.8298507462686567,0.8686567164179104,0.8776119402985074,0.7502394914627075,0.47884202003479004,0.2713974714279175,0.47941961884498596
bowphs/PhilTa,ff1,sif,5,abtt,10,0.001,clean,943,335,0.9194029850746268,0.9492537313432836,0.9522388059701492,0.9194029850746268,0.9492537313432836,0.9522388059701492,0.5293213129043579,-0.0008152950322255492,0.5301366079365835,0.00031319039408117533
bowphs/PhilTa,ff1,sif,6,baseline,0,0.001,clean,943,335,0.8686567164179104,0.9044776119402985,0.9134328358208955,0.8686567164179104,0.9044776119402985,0.9134328358208955,0.7235600352287292,0.40912532806396484,0.3144347071647644,0.4097946882247925
bowphs/PhilTa,ff1,sif,6,abtt,10,0.001,clean,943,335,0.9283582089552239,0.9492537313432836,0.9522388059701492,0.9283582089552239,0.9492537313432836,0.9522388059701492,0.525458037853241,-0.0007145697018131614,0.5261726075550541,0.0004054774472024292
bowphs/PhilTa,ff1,sif,7,baseline,0,0.001,clean,943,335,0.8835820895522388,0.9074626865671642,0.9313432835820895,0.8835820895522388,0.9074626865671642,0.9313432835820895,0.7493232488632202,0.41062283515930176,0.33870041370391846,0.41134384274482727
bowphs/PhilTa,ff1,sif,7,abtt,10,0.001,clean,943,335,0.9283582089552239,0.9552238805970149,0.9611940298507463,0.9283582089552239,0.9552238805970149,0.9611940298507463,0.5268245339393616,-0.0009644241654314101,0.527788958104793,0.00015906384214758873
bowphs/PhilTa,ff1,sif,8,baseline,0,0.001,clean,943,335,0.8746268656716418,0.9134328358208955,0.9283582089552239,0.8746268656716418,0.9134328358208955,0.9283582089552239,0.735090970993042,0.3813636004924774,0.3537273705005646,0.38211649656295776
bowphs/PhilTa,ff1,sif,8,abtt,10,0.001,clean,943,335,0.9164179104477612,0.9582089552238806,0.9641791044776119,0.9164179104477612,0.9582089552238806,0.9641791044776119,0.5253123044967651,-0.0008021365501917899,0.5261144410469569,0.00031778690754435956
bowphs/PhilTa,ff1,sif,9,baseline,0,0.001,clean,943,335,0.8567164179104477,0.9014925373134328,0.9104477611940298,0.8567164179104477,0.9014925373134328,0.9104477611940298,0.7318201065063477,0.4205646514892578,0.31125545501708984,0.42122700810432434
bowphs/PhilTa,ff1,sif,9,abtt,10,0.001,clean,943,335,0.9044776119402985,0.9402985074626866,0.9492537313432836,0.9044776119402985,0.9402985074626866,0.9492537313432836,0.5167407393455505,-0.0008250321261584759,0.517565771471709,0.0002766932884696871
bowphs/PhilTa,ff1,sif,10,baseline,0,0.001,clean,943,335,0.835820895522388,0.8656716417910447,0.8746268656716418,0.835820895522388,0.8656716417910447,0.8746268656716418,0.7561109662055969,0.4979236423969269,0.25818732380867004,0.49847346544265747
bowphs/PhilTa,ff1,sif,10,abtt,10,0.001,clean,943,335,0.9044776119402985,0.9462686567164179,0.9492537313432836,0.9044776119402985,0.9462686567164179,0.9492537313432836,0.4902401268482208,-0.0010451256530359387,0.49128525250125676,6.570303980879544e-07
bowphs/PhilTa,ff1,sif,11,baseline,0,0.001,clean,943,335,0.7164179104477612,0.7940298507462686,0.8149253731343283,0.7164179104477612,0.7940298507462686,0.8149253731343283,0.824789822101593,0.6676774024963379,0.15711241960525513,0.6680115461349487
bowphs/PhilTa,ff1,sif,11,abtt,10,0.001,clean,943,335,0.9014925373134328,0.9402985074626866,0.9492537313432836,0.9014925373134328,0.9402985074626866,0.9492537313432836,0.4674670994281769,-0.0009375636582262814,0.46840466308640316,5.951405182713643e-05
bowphs/PhilTa,ff1,sif,12,baseline,0,0.001,clean,943,335,0.755223880597015,0.8,0.8119402985074626,0.755223880597015,0.8,0.8119402985074626,0.8141757249832153,0.6448993682861328,0.16927635669708252,0.6452596783638
bowphs/PhilTa,ff1,sif,12,abtt,10,0.001,clean,943,335,0.9074626865671642,0.9432835820895522,0.9522388059701492,0.9074626865671642,0.9432835820895522,0.9522388059701492,0.4633623957633972,-0.0009594340226612985,0.4643218297860585,2.8953198125236668e-05
sentence-transformers/LaBSE,hidden,mean,0,baseline,0,0.001,clean,943,335,0.6119402985074627,0.6805970149253732,0.7134328358208956,0.6119402985074627,0.6805970149253732,0.7134328358208956,0.8386794328689575,0.6475750803947449,0.19110435247421265,0.6479818224906921
sentence-transformers/LaBSE,hidden,mean,0,abtt,10,0.001,clean,943,335,0.9223880597014925,0.9522388059701492,0.9611940298507463,0.9223880597014925,0.9522388059701492,0.9611940298507463,0.5479840040206909,-0.0014640945009887218,0.5494480985216796,-0.00029450104921124876
sentence-transformers/LaBSE,hidden,mean,1,baseline,0,0.001,clean,943,335,0.5373134328358209,0.6059701492537314,0.6208955223880597,0.5373134328358209,0.6059701492537314,0.6208955223880597,0.9430459141731262,0.8763250708580017,0.06672084331512451,0.8764669895172119
sentence-transformers/LaBSE,hidden,mean,1,abtt,10,0.001,clean,943,335,0.8895522388059701,0.9492537313432836,0.9641791044776119,0.8895522388059701,0.9492537313432836,0.9641791044776119,0.533717155456543,-0.001470964285545051,0.535188119742088,-0.000331726303556934
sentence-transformers/LaBSE,hidden,mean,2,baseline,0,0.001,clean,943,335,0.48955223880597015,0.5880597014925373,0.6119402985074627,0.48955223880597015,0.5880597014925373,0.6119402985074627,0.9714296460151672,0.9337234497070312,0.037706196308135986,0.9338037967681885
sentence-transformers/LaBSE,hidden,mean,2,abtt,10,0.001,clean,943,335,0.8746268656716418,0.9492537313432836,0.9522388059701492,0.8746268656716418,0.9492537313432836,0.9522388059701492,0.5486184358596802,-0.001434626174159348,0.5500530620338395,-0.00026374589651823044
sentence-transformers/LaBSE,hidden,mean,3,baseline,0,0.001,clean,943,335,0.5671641791044776,0.6328358208955224,0.6626865671641791,0.5671641791044776,0.6328358208955224,0.6626865671641791,0.9536306858062744,0.8899399042129517,0.06369078159332275,0.8900752067565918
sentence-transformers/LaBSE,hidden,mean,3,abtt,10,0.001,clean,943,335,0.8955223880597015,0.9402985074626866,0.9522388059701492,0.8955223880597015,0.9402985074626866,0.9522388059701492,0.5593563914299011,-0.0013985999394208193,0.5607549913693219,-0.00020493811462074518
sentence-transformers/LaBSE,hidden,mean,4,baseline,0,0.001,clean,943,335,0.5850746268656717,0.6477611940298508,0.6805970149253732,0.5850746268656717,0.6477611940298508,0.6805970149253732,0.9476365447044373,0.8732114434242249,0.0744251012802124,0.8733699321746826
sentence-transformers/LaBSE,hidden,mean,4,abtt,10,0.001,clean,943,335,0.8656716417910447,0.9343283582089552,0.9492537313432836,0.8656716417910447,0.9343283582089552,0.9492537313432836,0.5327652096748352,-0.0012434888631105423,0.5340086985379457,-0.00010676123201847076
sentence-transformers/LaBSE,hidden,mean,5,baseline,0,0.001,clean,943,335,0.5791044776119403,0.6567164179104478,0.6805970149253732,0.5791044776119403,0.6567164179104478,0.6805970149253732,0.9487482905387878,0.8817263245582581,0.06702196598052979,0.881868839263916
sentence-transformers/LaBSE,hidden,mean,5,abtt,10,0.001,clean,943,335,0.8537313432835821,0.9134328358208955,0.9343283582089552,0.8537313432835821,0.9134328358208955,0.9343283582089552,0.5173720717430115,-0.0011977681424468756,0.5185698398854584,-9.390497143613175e-05
sentence-transformers/LaBSE,hidden,mean,6,baseline,0,0.001,clean,943,335,0.6388059701492538,0.7164179104477612,0.755223880597015,0.6388059701492538,0.7164179104477612,0.755223880597015,0.9447258114814758,0.8659034371376038,0.07882237434387207,0.8660714030265808
sentence-transformers/LaBSE,hidden,mean,6,abtt,10,0.001,clean,943,335,0.8597014925373134,0.9164179104477612,0.9313432835820895,0.8597014925373134,0.9164179104477612,0.9313432835820895,0.5422453284263611,-0.0012837725225836039,0.5435291009489447,-0.00012677886115852743
sentence-transformers/LaBSE,hidden,mean,7,baseline,0,0.001,clean,943,335,0.5940298507462687,0.7104477611940299,0.7611940298507462,0.5940298507462687,0.7104477611940299,0.7611940298507462,0.9505295753479004,0.8630236983299255,0.08750587701797485,0.8632099032402039
sentence-transformers/LaBSE,hidden,mean,7,abtt,10,0.001,clean,943,335,0.8417910447761194,0.9044776119402985,0.9223880597014925,0.8417910447761194,0.9044776119402985,0.9223880597014925,0.5351239442825317,-0.001142880180850625,0.5362668244633824,-1.3462770311889471e-06
sentence-transformers/LaBSE,hidden,mean,8,baseline,0,0.001,clean,943,335,0.5671641791044776,0.6686567164179105,0.7194029850746269,0.5671641791044776,0.6686567164179105,0.7194029850746269,0.9580801129341125,0.8796799778938293,0.0784001350402832,0.8798468708992004
sentence-transformers/LaBSE,hidden,mean,8,abtt,10,0.001,clean,943,335,0.8417910447761194,0.9104477611940298,0.9283582089552239,0.8417910447761194,0.9104477611940298,0.9283582089552239,0.5330472588539124,-0.0011704762000590563,0.5342177350539714,-3.330291292513721e-05
sentence-transformers/LaBSE,hidden,mean,9,baseline,0,0.001,clean,943,335,0.7522388059701492,0.8149253731343283,0.8328358208955224,0.7522388059701492,0.8149253731343283,0.8328358208955224,0.9545514583587646,0.8654162883758545,0.08913516998291016,0.8656057119369507
sentence-transformers/LaBSE,hidden,mean,9,abtt,10,0.001,clean,943,335,0.8716417910447761,0.9253731343283582,0.9373134328358209,0.8716417910447761,0.9253731343283582,0.9373134328358209,0.5781220197677612,-0.0013428537640720606,0.5794648735318333,-0.00010936460603261366
sentence-transformers/LaBSE,hidden,mean,10,baseline,0,0.001,clean,943,335,0.7791044776119403,0.8507462686567164,0.8686567164179104,0.7791044776119403,0.8507462686567164,0.8686567164179104,0.9524559378623962,0.8503077626228333,0.10214817523956299,0.8505250811576843
sentence-transformers/LaBSE,hidden,mean,10,abtt,10,0.001,clean,943,335,0.8835820895522388,0.9253731343283582,0.9402985074626866,0.8835820895522388,0.9253731343283582,0.9402985074626866,0.605556309223175,-0.0013712417567148805,0.6069275509798899,-7.929410639917478e-05
sentence-transformers/LaBSE,hidden,mean,11,baseline,0,0.001,clean,943,335,0.844776119402985,0.9044776119402985,0.9164179104477612,0.844776119402985,0.9044776119402985,0.9164179104477612,0.9738831520080566,0.9137133955955505,0.060169756412506104,0.9138413667678833
sentence-transformers/LaBSE,hidden,mean,11,abtt,10,0.001,clean,943,335,0.9134328358208955,0.9492537313432836,0.9611940298507463,0.9134328358208955,0.9492537313432836,0.9611940298507463,0.6274401545524597,-0.0010987897403538227,0.6285389442928135,0.00023916091595310718
sentence-transformers/LaBSE,hidden,mean,12,baseline,0,0.001,clean,943,335,0.8805970149253731,0.9134328358208955,0.9164179104477612,0.8805970149253731,0.9134328358208955,0.9164179104477612,0.9144369959831238,0.727622389793396,0.18681460618972778,0.7280202507972717
sentence-transformers/LaBSE,hidden,mean,12,abtt,10,0.001,clean,943,335,0.8925373134328358,0.9373134328358209,0.9432835820895522,0.8925373134328358,0.9373134328358209,0.9432835820895522,0.6107534766197205,-0.0013334642862901092,0.6120869409060106,-3.053437831113115e-05
sentence-transformers/LaBSE,hidden,sif,0,baseline,0,0.001,clean,943,335,0.6895522388059702,0.7343283582089553,0.746268656716418,0.6895522388059702,0.7343283582089553,0.746268656716418,0.7993552088737488,0.5684186220169067,0.23093658685684204,0.5689103603363037
sentence-transformers/LaBSE,hidden,sif,0,abtt,10,0.001,clean,943,335,0.9164179104477612,0.9582089552238806,0.9671641791044776,0.9164179104477612,0.9582089552238806,0.9671641791044776,0.5172023773193359,-0.0014382009394466877,0.5186405782587826,-0.00033418714883737266
sentence-transformers/LaBSE,hidden,sif,1,baseline,0,0.001,clean,943,335,0.6029850746268657,0.6567164179104478,0.6597014925373135,0.6029850746268657,0.6567164179104478,0.6597014925373135,0.9359503388404846,0.8608190417289734,0.07513129711151123,0.8609791994094849
sentence-transformers/LaBSE,hidden,sif,1,abtt,10,0.001,clean,943,335,0.9014925373134328,0.9582089552238806,0.9611940298507463,0.9014925373134328,0.9582089552238806,0.9611940298507463,0.5098966360092163,-0.0013980226358398795,0.5112946586450562,-0.0003096455184277147
sentence-transformers/LaBSE,hidden,sif,2,baseline,0,0.001,clean,943,335,0.5492537313432836,0.6238805970149254,0.6388059701492538,0.5492537313432836,0.6238805970149254,0.6388059701492538,0.9670389294624329,0.9242200255393982,0.04281890392303467,0.924311637878418
sentence-transformers/LaBSE,hidden,sif,2,abtt,10,0.001,clean,943,335,0.8955223880597015,0.9432835820895522,0.9611940298507463,0.8955223880597015,0.9432835820895522,0.9611940298507463,0.5297859907150269,-0.0013418241869658232,0.5311278149019927,-0.00021122925681993365
sentence-transformers/LaBSE,hidden,sif,3,baseline,0,0.001,clean,943,335,0.6149253731343284,0.6925373134328359,0.7074626865671642,0.6149253731343284,0.6925373134328359,0.7074626865671642,0.9486647844314575,0.8787901997566223,0.0698745846748352,0.8789394497871399
sentence-transformers/LaBSE,hidden,sif,3,abtt,10,0.001,clean,943,335,0.8865671641791045,0.9402985074626866,0.9462686567164179,0.8865671641791045,0.9402985074626866,0.9462686567164179,0.5365904569625854,-0.0013673853827640414,0.5379578423453495,-0.00022225099382922053
sentence-transformers/LaBSE,hidden,sif,4,baseline,0,0.001,clean,943,335,0.591044776119403,0.6716417910447762,0.7044776119402985,0.591044776119403,0.6716417910447762,0.7044776119402985,0.9411024451255798,0.8601542711257935,0.08094817399978638,0.8603267073631287
sentence-transformers/LaBSE,hidden,sif,4,abtt,10,0.001,clean,943,335,0.8955223880597015,0.9432835820895522,0.9552238805970149,0.8955223880597015,0.9432835820895522,0.9552238805970149,0.5284290909767151,-0.0013107463018968701,0.529739837278612,-0.00018310580344405025
sentence-transformers/LaBSE,hidden,sif,5,baseline,0,0.001,clean,943,335,0.591044776119403,0.6746268656716418,0.6925373134328359,0.591044776119403,0.6746268656716418,0.6925373134328359,0.9435544610023499,0.8705264925956726,0.07302796840667725,0.8706820011138916
sentence-transformers/LaBSE,hidden,sif,5,abtt,10,0.001,clean,943,335,0.8716417910447761,0.9343283582089552,0.9522388059701492,0.8716417910447761,0.9343283582089552,0.9522388059701492,0.5178686380386353,-0.0012711071176454425,0.5191397451562807,-0.00016603061521891505
sentence-transformers/LaBSE,hidden,sif,6,baseline,0,0.001,clean,943,335,0.6537313432835821,0.7223880597014926,0.7492537313432835,0.6537313432835821,0.7223880597014926,0.7492537313432835,0.9399075508117676,0.8556639552116394,0.08424359560012817,0.8558434844017029
sentence-transformers/LaBSE,hidden,sif,6,abtt,10,0.001,clean,943,335,0.8865671641791045,0.9343283582089552,0.9432835820895522,0.8865671641791045,0.9343283582089552,0.9432835820895522,0.5414511561393738,-0.001340285292826593,0.5427914414322004,-0.0001848629181040451
sentence-transformers/LaBSE,hidden,sif,7,baseline,0,0.001,clean,943,335,0.608955223880597,0.7044776119402985,0.7373134328358208,0.608955223880597,0.7044776119402985,0.7373134328358208,0.9476929903030396,0.8606103658676147,0.0870826244354248,0.8607955574989319
sentence-transformers/LaBSE,hidden,sif,7,abtt,10,0.001,clean,943,335,0.8626865671641791,0.9253731343283582,0.9373134328358209,0.8626865671641791,0.9253731343283582,0.9373134328358209,0.5304400324821472,-0.0012366935843601823,0.5316767260665074,-0.0001049301354214549
sentence-transformers/LaBSE,hidden,sif,8,baseline,0,0.001,clean,943,335,0.5701492537313433,0.6477611940298508,0.7074626865671642,0.5701492537313433,0.6477611940298508,0.7074626865671642,0.9566788673400879,0.8803379535675049,0.07634091377258301,0.8805004358291626
sentence-transformers/LaBSE,hidden,sif,8,abtt,10,0.001,clean,943,335,0.8805970149253731,0.9402985074626866,0.9432835820895522,0.8805970149253731,0.9402985074626866,0.9432835820895522,0.5310922861099243,-0.0011657800059765577,0.5322580661159009,-3.277859650552273e-05
sentence-transformers/LaBSE,hidden,sif,9,baseline,0,0.001,clean,943,335,0.6895522388059702,0.7701492537313432,0.7970149253731343,0.6895522388059702,0.7701492537313432,0.7970149253731343,0.9536709785461426,0.8691636919975281,0.0845072865486145,0.8693436980247498
sentence-transformers/LaBSE,hidden,sif,9,abtt,10,0.001,clean,943,335,0.8925373134328358,0.9313432835820895,0.9462686567164179,0.8925373134328358,0.9313432835820895,0.9462686567164179,0.5699008703231812,-0.001314886729232967,0.5712157570524141,-9.895810217130929e-05
sentence-transformers/LaBSE,hidden,sif,10,baseline,0,0.001,clean,943,335,0.6985074626865672,0.7820895522388059,0.8119402985074626,0.6985074626865672,0.7820895522388059,0.8119402985074626,0.950833797454834,0.8517300486564636,0.09910374879837036,0.8519411087036133
sentence-transformers/LaBSE,hidden,sif,10,abtt,10,0.001,clean,943,335,0.8955223880597015,0.9462686567164179,0.9522388059701492,0.8955223880597015,0.9462686567164179,0.9522388059701492,0.5941239595413208,-0.0013285535387694836,0.5954525130800903,-6.1032198573229834e-05
sentence-transformers/LaBSE,hidden,sif,11,baseline,0,0.001,clean,943,335,0.7671641791044777,0.844776119402985,0.8626865671641791,0.7671641791044777,0.844776119402985,0.8626865671641791,0.9720542430877686,0.9143289923667908,0.05772525072097778,0.9144516587257385
sentence-transformers/LaBSE,hidden,sif,11,abtt,10,0.001,clean,943,335,0.9223880597014925,0.9582089552238806,0.9582089552238806,0.9223880597014925,0.9582089552238806,0.9582089552238806,0.6275449991226196,-0.0012406508903950453,0.6287856500130147,9.782526467461139e-05
sentence-transformers/LaBSE,hidden,sif,12,baseline,0,0.001,clean,943,335,0.8776119402985074,0.9104477611940298,0.9194029850746268,0.8776119402985074,0.9104477611940298,0.9194029850746268,0.9136473536491394,0.7267848253250122,0.1868625283241272,0.7271826863288879
sentence-transformers/LaBSE,hidden,sif,12,abtt,10,0.001,clean,943,335,0.8985074626865671,0.9402985074626866,0.9462686567164179,0.8985074626865671,0.9402985074626866,0.9462686567164179,0.6115623116493225,-0.0013266722671687603,0.6128889839164913,-2.2034164430806413e-05
