threshold,precision,recall,f1,tp,fp,fn,total_pos,total_neg,layer
-0.70391446352005,0.0021286686446005715,1.0,0.0042482940788025544,1737,814266,0,1737,814266,8
-0.6996479034423828,0.0021286712532567324,1.0,0.004248299273973725,1737,814265,0,1737,814266,8
-0.6953813433647156,0.002128673861919287,1.0,0.004248304469157603,1737,814264,0,1737,814266,8
-0.6911147832870483,0.0021286764705882354,1.0,0.004248309664354187,1737,814263,0,1737,814266,8
-0.6868482232093811,0.0021286790792635775,1.0,0.004248314859563477,1737,814262,0,1737,814266,8
-0.6825816631317139,0.0021286973401700017,1.0,0.0042483512263842916,1737,814255,0,1737,814266,8
-0.6783151030540466,0.0021287129926248734,1.0,0.004248382398440548,1737,814249,0,1737,814266,8
-0.6740485429763794,0.002128799085241429,1.0,0.004248553852927148,1737,814216,0,1737,814266,8
-0.6697820425033569,0.0021289347604672624,1.0,0.00424882405171971,1737,814164,0,1737,814266,8
-0.6655154824256897,0.002129033918684877,1.0,0.0042490215264187866,1737,814126,0,1737,814266,8
-0.6612489223480225,0.002129161794232509,1.0,0.004249276191943989,1737,814077,0,1737,814266,8
-0.6569823622703552,0.0021293027360988525,1.0,0.004249556879107812,1737,814023,0,1737,814266,8
-0.652715802192688,0.002129480244994434,1.0,0.0042499103897708545,1737,813955,0,1737,814266,8
-0.6484492421150208,0.002129788345386194,1.0,0.004250523974350033,1737,813837,0,1737,814266,8
-0.6441826820373535,0.002130080862137046,1.0,0.004251106523625213,1737,813725,0,1737,814266,8
-0.6399161219596863,0.002130386523496189,1.0,0.0042517152501217745,1737,813608,0,1737,814266,8
-0.635649561882019,0.0021307628425382206,1.0,0.004252464691322964,1737,813464,0,1737,814266,8
-0.6313830018043518,0.002131230813401356,1.0,0.00425339665678615,1737,813285,0,1737,814266,8
-0.6271164417266846,0.002131743464248809,1.0,0.004254417601581262,1737,813089,0,1737,814266,8
-0.6228498816490173,0.0021322694491330368,1.0,0.004255465100041403,1737,812888,0,1737,814266,8
-0.6185833215713501,0.0021327564126963467,1.0,0.004256434886593088,1737,812702,0,1737,814266,8
-0.6143167614936829,0.002133259318118458,1.0,0.004257436420321967,1737,812510,0,1737,814266,8
-0.6100502014160156,0.002133793915063455,1.0,0.004258501066463998,1737,812306,0,1737,814266,8
-0.6057837009429932,0.002134365496267625,1.0,0.004259639365247523,1737,812088,0,1737,814266,8
-0.6015170812606812,0.0021351315804030075,1.0,0.00426116501281784,1737,811796,0,1737,814266,8
-0.5972505807876587,0.002136029542874921,1.0,0.004262953291579133,1737,811454,0,1737,814266,8
-0.5929840207099915,0.0021371543734151283,1.0,0.004265193370165745,1737,811026,0,1737,814266,8
-0.5887174606323242,0.00213595245012828,0.9988485895221646,0.004262789289219811,1735,810549,2,1737,814266,8
-0.584450900554657,0.0021360046119961174,0.998272884283247,0.004262887922186316,1734,810062,3,1737,814266,8
-0.5801843404769897,0.0021361331921570755,0.9976971790443293,0.004263138732817066,1733,809546,4,1737,814266,8
-0.5759177803993225,0.0021376271721647144,0.9976971790443293,0.004266113934536199,1733,808979,4,1737,814266,8
-0.5716512203216553,0.0021368154413616367,0.9965457685664939,0.00426448687580144,1731,808353,6,1737,814266,8
-0.567384660243988,0.0021358045584418633,0.9953943580886586,0.004262463205747053,1729,807802,8,1737,814266,8
-0.5631181001663208,0.0021372671905381733,0.9953943580886586,0.004265375952555402,1729,807248,8,1737,814266,8
-0.5588515400886536,0.002137955011388817,0.9948186528497409,0.004266740412797259,1728,806521,9,1737,814266,8
-0.5545849800109863,0.0021388268280962833,0.9942429476108232,0.004268471271853671,1727,805725,10,1737,814266,8
-0.5503184199333191,0.002139936471410895,0.9936672423719056,0.00427067572432615,1726,804840,11,1737,814266,8
-0.5460518598556519,0.002142507801657899,0.9936672423719056,0.004275796292740932,1726,803872,11,1737,814266,8
-0.5417853593826294,0.0021429299470731105,0.9925158318940702,0.004276626277685511,1724,802782,13,1737,814266,8
-0.5375187397003174,0.002143518656827891,0.9913644214162349,0.004277787921583825,1722,801630,15,1737,814266,8
-0.5332522392272949,0.0021455936786646205,0.9907887161773172,0.004281914695103291,1721,800388,16,1737,814266,8
-0.5289856195449829,0.002149194832441478,0.9907887161773172,0.004289085883898109,1721,799044,16,1737,814266,8
-0.5247191190719604,0.0021517482954900857,0.9902130109383995,0.004294165302894692,1720,797630,17,1737,814266,8
-0.5204525589942932,0.0021532707656519473,0.9890616004605642,0.004297186193475931,1718,796138,19,1737,814266,8
-0.516185998916626,0.0021512938531770202,0.9861830742659758,0.004293222322751071,1713,794552,24,1737,814266,8
-0.5119194388389587,0.0021521155547612725,0.9844559585492227,0.004294842170829231,1710,792857,27,1737,814266,8
-0.5076528787612915,0.00215495760108303,0.9833045480713875,0.00430049047748537,1708,790883,29,1737,814266,8
-0.5033863186836243,0.0021573949298055815,0.9815774323546345,0.004305327242747228,1705,788600,32,1737,814266,8
-0.49911975860595703,0.0021638291526800387,0.9815774323546345,0.004318139223899951,1705,786250,32,1737,814266,8
-0.4948531985282898,0.0021610999464179576,0.9775474956822107,0.00431266572522884,1698,784013,39,1737,814266,8
-0.49058663845062256,0.0021621925193754912,0.97524467472654,0.0043148187534147306,1694,781770,43,1737,814266,8
-0.4863200783729553,0.0021651700830088564,0.973517559009787,0.00432073056373908,1691,779310,46,1737,814266,8
-0.4820535182952881,0.002169478811295162,0.9723661485319517,0.004329298379396743,1689,776839,48,1737,814266,8
-0.47778695821762085,0.0021753642575280748,0.971790443293034,0.004341011110982526,1688,774274,49,1737,814266,8
-0.473520427942276,0.002173143003410322,0.9677605066206102,0.004336548123172414,1681,771853,56,1737,814266,8
-0.46925386786460876,0.002174569851410877,0.9654576856649395,0.004339365836744622,1677,769510,60,1737,814266,8
-0.46498730778694153,0.002173050272932512,0.9614277489925158,0.004336299500676412,1670,766835,67,1737,814266,8
-0.4607207477092743,0.0021746569527635777,0.9585492227979274,0.004339468968887442,1665,763973,72,1737,814266,8
-0.45645418763160706,0.002177381191149424,0.9562464018422567,0.0043448690784482985,1661,761182,76,1737,814266,8
-0.4521876275539398,0.002180641900961746,0.953943580886586,0.004351336979142731,1657,758211,80,1737,814266,8
-0.44792109727859497,0.002179081085866895,0.9493379389752447,0.0043481814897729405,1649,755092,88,1737,814266,8
-0.44365453720092773,0.002176209255789513,0.9441565918249856,0.004342409587193069,1640,751964,97,1737,814266,8
-0.4393879771232605,0.0021739709604369256,0.9395509499136442,0.004337904701656086,1632,749068,105,1737,814266,8
-0.43512141704559326,0.0021723001650948127,0.9355210132412205,0.0043345354444966075,1625,746430,112,1737,814266,8
-0.430854856967926,0.00216879298689872,0.9309153713298791,0.004327504004346238,1617,743959,120,1737,814266,8
-0.4265882968902588,0.002166310772754,0.9268854346574554,0.004322518981496397,1610,741589,127,1737,814266,8
-0.42232173681259155,0.002160080895029519,0.9211283822682786,0.004310054549127888,1600,739113,137,1737,814266,8
-0.4180551767349243,0.0021635169003590055,0.9194012665515257,0.00431687541475928,1597,736553,140,1737,814266,8
-0.4137886166572571,0.0021633102045422715,0.9159470351180196,0.004316425749880626,1591,733856,146,1737,814266,8
-0.40952208638191223,0.0021620382123874963,0.9119170984455959,0.004313848843716937,1584,731058,153,1737,814266,8
-0.405255526304245,0.0021569887669396935,0.9061600460564191,0.004303733091988877,1574,728147,163,1737,814266,8
-0.40098896622657776,0.0021552287694139183,0.9015544041450777,0.0043001776637898136,1566,725039,171,1737,814266,8
-0.3967224061489105,0.0021570217899273578,0.8986758779504893,0.004303713710677952,1561,722122,176,1737,814266,8
-0.3924558460712433,0.0021518384969595396,0.8929188255613126,0.00429333052832048,1551,719228,186,1737,814266,8
-0.38818928599357605,0.002153281316593637,0.8900402993667242,0.0042961688788972245,1546,716428,191,1737,814266,8
-0.3839227259159088,0.0021539252877258407,0.8871617731721358,0.004297416948443546,1541,713897,196,1737,814266,8
-0.37965619564056396,0.002151545073045937,0.8831318364997122,0.004292632147449396,1534,711442,203,1737,814266,8
-0.37538963556289673,0.002145638936100762,0.8779504893494531,0.004280815909476885,1525,709219,212,1737,814266,8
-0.3711230754852295,0.002145271581502678,0.8750719631548647,0.00428005045954226,1520,707015,217,1737,814266,8
-0.36685651540756226,0.002140581864514759,0.8704663212435233,0.004270661655982951,1512,704838,225,1737,814266,8
-0.362589955329895,0.0021458678906587287,0.8698906160046056,0.004281174872251838,1511,702633,226,1737,814266,8
-0.3583233952522278,0.002141257458072384,0.8652849740932642,0.004271943450041994,1503,700421,234,1737,814266,8
-0.35405683517456055,0.002139491409877676,0.8618307426597582,0.004268386566985441,1497,698202,240,1737,814266,8
-0.3497902750968933,0.0021322848285138247,0.8560736902705814,0.004253973975520339,1487,695887,250,1737,814266,8
-0.3455237150192261,0.0021351442733099774,0.8543465745538285,0.004259643039616977,1484,693551,253,1737,814266,8
-0.3412571847438812,0.0021356290503309577,0.8514680483592401,0.004260571849978323,1479,691057,258,1737,814266,8
-0.336990624666214,0.002137547949910368,0.8491652274035694,0.004264361502211686,1475,688568,262,1737,814266,8
-0.33272406458854675,0.0021427355736290785,0.8480138169257341,0.004274670040744309,1473,685966,264,1737,814266,8
-0.3284575045108795,0.002134456137072379,0.8416810592976396,0.004258113935129294,1462,683490,275,1737,814266,8
-0.3241909444332123,0.0021378573657904725,0.8399539435808866,0.004264859777022959,1459,681000,278,1737,814266,8
-0.31992438435554504,0.0021353380804898926,0.8359240069084629,0.00425979466733556,1452,678534,285,1737,814266,8
-0.3156578242778778,0.0021311828655259032,0.8313183649971215,0.004251466594042352,1444,676114,293,1737,814266,8
-0.31139129400253296,0.002128463196249639,0.8272884283246977,0.004246002198347694,1437,673698,300,1737,814266,8
-0.3071247339248657,0.002129623162215462,0.824985607369027,0.004248279787615657,1433,671456,304,1737,814266,8
-0.3028581738471985,0.0021267710663683817,0.8209556706966034,0.004242551362094023,1426,669074,311,1737,814266,8
-0.29859161376953125,0.0021281658712235156,0.8186528497409327,0.004245295692905699,1422,666759,315,1737,814266,8
-0.294325053691864,0.002128007857259781,0.8157743235463443,0.004244942467099449,1417,664464,320,1737,814266,8
-0.2900584936141968,0.0021294584122649573,0.8134715025906736,0.0042477971879763,1413,662136,324,1737,814266,8
-0.28579193353652954,0.0021324509120386683,0.8117443868739206,0.00425372729082824,1410,659801,327,1737,814266,8
-0.2815253734588623,0.0021291997820719255,0.8077144502014968,0.004247203596349161,1403,657530,334,1737,814266,8
-0.27725881338119507,0.0021315663663188152,0.8059873344847438,0.004251887914160457,1400,655394,337,1737,814266,8
-0.2729922831058502,0.0021309617282328753,0.8031088082901554,0.0042506448334859405,1395,653239,342,1737,814266,8
-0.268725723028183,0.002126639220559147,0.7990788716177317,0.00424198896716126,1388,651285,349,1737,814266,8
-0.26445916295051575,0.002120502958716266,0.7944732297063903,0.004229716517042999,1380,649409,357,1737,814266,8
-0.2601926028728485,0.00211430174106276,0.789867587795049,0.00421731465870336,1372,647542,365,1737,814266,8
-0.2559260427951813,0.0021177107083510454,0.7887161773172136,0.004224079721025742,1370,645555,367,1737,814266,8
-0.25165948271751404,0.002119593447401676,0.7869890616004606,0.004227800183091273,1367,643568,370,1737,814266,8
-0.2473929226398468,0.0021106398333885492,0.7812320092112838,0.004209905843299673,1357,641576,380,1737,814266,8
-0.24312639236450195,0.0021125782660319573,0.7795048934945308,0.004213736657019264,1354,639569,383,1737,814266,8
-0.23885983228683472,0.0021115340788139094,0.7766263672999424,0.004211617382834146,1349,637523,388,1737,814266,8
-0.23459327220916748,0.0021099629814530486,0.7737478411053541,0.0042084497780700315,1344,635634,393,1737,814266,8
-0.23032671213150024,0.0021050510203278337,0.7697179044329303,0.004198619511490463,1337,633802,400,1737,814266,8
-0.226060152053833,0.002106117371047675,0.7679907887161773,0.004200714814289987,1334,632059,403,1737,814266,8
-0.22179359197616577,0.0020990777355288696,0.7633851468048359,0.004186643470683235,1326,630380,411,1737,814266,8
-0.21752703189849854,0.002095015292024499,0.7599309153713298,0.004178511057226609,1320,628747,417,1737,814266,8
-0.2132604718208313,0.002092919248331633,0.7570523891767416,0.004174298384562397,1315,626994,422,1737,814266,8
-0.20899391174316406,0.0020922338386506287,0.7547495682210709,0.004172900022280931,1311,625292,426,1737,814266,8
-0.2047273814678192,0.0020911631955277585,0.7524467472654001,0.004170735287547786,1307,623704,430,1737,814266,8
-0.2004607915878296,0.0020853150510019938,0.7484168105929764,0.004159041756779238,1300,622107,437,1737,814266,8
-0.19619423151016235,0.0020905228558471926,0.7484168105929764,0.004169399494219769,1300,620554,437,1737,814266,8
-0.1919277310371399,0.002092508882684086,0.7472654001151411,0.004173331511385832,1298,619010,439,1737,814266,8
-0.18766117095947266,0.0020864275544192346,0.7432354634427173,0.0041611737668775725,1291,617470,446,1737,814266,8
-0.18339461088180542,0.00207880670338199,0.7386298215313759,0.00414594502018038,1283,615898,454,1737,814266,8
-0.17912805080413818,0.0020761582948859575,0.7357512953367875,0.004140632467029648,1278,614282,459,1737,814266,8
-0.17486149072647095,0.0020787345133464205,0.7345998848589522,0.004145737622893829,1276,612559,461,1737,814266,8
-0.1705949306488037,0.0020697981007519557,0.7294185377086931,0.004127882920599341,1267,610870,470,1737,814266,8
-0.16632837057113647,0.0020658110724852312,0.7259643062751872,0.004119898521769955,1261,609153,476,1737,814266,8
-0.16206181049346924,0.0020665603269699267,0.724237190558434,0.004121360638712616,1258,607483,479,1737,814266,8
-0.157795250415802,0.0020674839955322575,0.7225100748416811,0.004123169419553022,1255,605763,482,1737,814266,8
-0.15352869033813477,0.0020733109536899977,0.7225100748416811,0.004134756831820825,1255,604057,482,1737,814266,8
-0.14926213026046753,0.002071045132215521,0.7196315486470927,0.004130203850341237,1250,602310,487,1737,814266,8
-0.1449955701828003,0.0020700425305688465,0.717328727691422,0.004128172124236115,1246,600674,491,1737,814266,8
-0.14072901010513306,0.0020705658158412443,0.715601611974669,0.004129183996173113,1243,599076,494,1737,814266,8
-0.13646245002746582,0.002072803679936396,0.7144502014968336,0.00413361468116041,1241,597465,496,1737,814266,8
-0.13219588994979858,0.0020678973586169365,0.7109959700633276,0.0041238008421235406,1235,595990,502,1737,814266,8
-0.12792932987213135,0.0020691391173015606,0.7098445595854922,0.004126250550083077,1233,594667,504,1737,814266,8
-0.12366276979446411,0.0020686175580221997,0.7081174438687392,0.0041251842498453055,1230,593370,507,1737,814266,8
-0.11939626932144165,0.0020697478042638827,0.7069660333909038,0.004127411998400124,1228,592081,509,1737,814266,8
-0.11512970924377441,0.002065519005983756,0.7040875071963155,0.004118954600565809,1223,590880,514,1737,814266,8
-0.11086314916610718,0.0020628500837662667,0.7017846862406448,0.004113608485034598,1219,589711,518,1737,814266,8
-0.10659658908843994,0.0020603382346208047,0.6994818652849741,0.004108574578237067,1215,588494,522,1737,814266,8
-0.1023300290107727,0.002052470525469834,0.6954519286125503,0.004092861886240124,1208,587351,529,1737,814266,8
-0.09806346893310547,0.002053139891009937,0.694300518134715,0.004094172763227131,1206,586187,531,1737,814266,8
-0.09379690885543823,0.0020521095959578728,0.6925734024179621,0.00409209423041926,1203,585023,534,1737,814266,8
-0.089530348777771,0.002051033122475734,0.690846286701209,0.004089923791086692,1200,583871,537,1737,814266,8
-0.08526378870010376,0.0020480223570065997,0.6885434657455383,0.004083897458661635,1196,582782,541,1737,814266,8
-0.08099722862243652,0.002045154681980163,0.6862406447898676,0.004078155524155887,1192,581649,545,1737,814266,8
-0.07673066854476929,0.0020423565493801585,0.6839378238341969,0.0040725517553452245,1188,580493,549,1737,814266,8
-0.07246410846710205,0.002039796709449565,0.6816350028785262,0.004067421636003552,1184,579266,553,1737,814266,8
-0.06819754838943481,0.0020393115726183137,0.6799078871617732,0.004066426330885214,1181,577936,556,1737,814266,8
-0.06393098831176758,0.0020443455065078044,0.6799078871617732,0.004076434000428009,1181,576510,556,1737,814266,8
-0.05966442823410034,0.0020429594272076373,0.6776050662061025,0.0040736369583049235,1177,574948,560,1737,814266,8
-0.05539792776107788,0.0020424260469392337,0.6753022452504318,0.004072534866522929,1173,573144,564,1737,814266,8
-0.051131367683410645,0.0020481096053194927,0.6747265400115141,0.004083822904253169,1172,571063,565,1737,814266,8
-0.04686480760574341,0.002052375932120736,0.6735751295336787,0.004092282724271084,1170,568901,567,1737,814266,8
-0.04259824752807617,0.0020537352971223047,0.671272308578008,0.004094942254641491,1166,566580,571,1737,814266,8
-0.038331687450408936,0.0020607396374867112,0.6706966033390904,0.004108854669986668,1165,564166,572,1737,814266,8
-0.0340651273727417,0.0020671173834982235,0.6701208981001727,0.0041215211387295525,1164,561939,573,1737,814266,8
-0.029798567295074463,0.0020719327994807688,0.6689694876223373,0.004131070843243282,1162,559667,575,1737,814266,8
-0.025532007217407227,0.002078544267084882,0.6683937823834197,0.004144201063357017,1161,557403,576,1737,814266,8
-0.02126544713973999,0.002081270185894452,0.6666666666666666,0.0041495857581056676,1158,555233,579,1737,814266,8
-0.016998887062072754,0.0020816347145959755,0.6643638457109959,0.004150265505503417,1154,553218,583,1737,814266,8
-0.012732326984405518,0.0020871573749244245,0.6637881404720783,0.004161230540472749,1153,551273,584,1737,814266,8
-0.008465766906738281,0.0020849641033837078,0.66090961427749,0.00415681475017471,1148,549461,589,1737,814266,8
-0.004199206829071045,0.00208197859004694,0.6580310880829016,0.004150824172831167,1143,547854,594,1737,814266,8
6.73532485961914e-05,0.002073873758644947,0.6534254461715602,0.004134624841991759,1135,546150,602,1737,814266,8
0.004333913326263428,0.002076236166824568,0.6522740356937248,0.004139296648375335,1133,544566,604,1737,814266,8
0.008600473403930664,0.0020729121107317307,0.6493955094991365,0.004132632593208634,1128,543034,609,1737,814266,8
0.0128670334815979,0.0020733734615568915,0.6476683937823834,0.004133514350643267,1125,541469,612,1737,814266,8
0.01713353395462036,0.002067845283039788,0.6442141623488774,0.004122458001768346,1119,540024,618,1737,814266,8
0.021400094032287598,0.00206793040191228,0.6424870466321243,0.004122591691647873,1116,538554,621,1737,814266,8
0.025666654109954834,0.002065946805585488,0.6401842256764536,0.0041186024159751405,1112,537140,625,1737,814266,8
0.02993321418762207,0.002067485713859977,0.6390328151986183,0.00412163654963323,1110,535774,627,1737,814266,8
0.03419977426528931,0.002069241141294807,0.6378814047207829,0.004125100754096712,1108,534354,629,1737,814266,8
0.03846633434295654,0.0020672608793348814,0.6355785837651122,0.004121117554504953,1104,532936,633,1737,814266,8
0.04273289442062378,0.0020650257846628658,0.6332757628094415,0.004116627808195083,1100,531581,637,1737,814266,8
0.046999454498291016,0.002064774051229736,0.6315486470926885,0.004116091026771477,1097,530196,640,1737,814266,8
0.05126601457595825,0.0020664393268880555,0.6303972366148531,0.004119375359739971,1095,528802,642,1737,814266,8
0.05553257465362549,0.0020663893819376374,0.6286701208981001,0.004119239147860693,1092,527366,645,1737,814266,8
0.059799134731292725,0.002070063392133759,0.6280944156591824,0.004126526644653482,1091,525946,646,1737,814266,8
0.06406569480895996,0.002068014268727705,0.6257915947035118,0.00412240548238212,1087,524538,650,1737,814266,8
0.0683322548866272,0.002069974683351108,0.6246401842256765,0.004126275437442242,1085,523076,652,1737,814266,8
0.07259881496429443,0.002072663803596445,0.6234887737478411,0.004131592952257784,1083,521433,654,1737,814266,8
0.07686537504196167,0.002073477913620446,0.6217616580310881,0.004133172343719205,1080,519784,657,1737,814266,8
0.08113187551498413,0.0020729820694757243,0.6194588370754174,0.0041321361915222085,1076,517983,661,1737,814266,8
0.08539843559265137,0.0020725428670305217,0.6171560161197467,0.004131212233321002,1072,516167,665,1737,814266,8
0.0896649956703186,0.0020734212226008733,0.6154289004029937,0.004132918366163423,1069,514504,668,1737,814266,8
0.09393155574798584,0.0020679646403336757,0.6119746689694876,0.00412200035287115,1063,512969,674,1737,814266,8
0.09819811582565308,0.0020702842982302096,0.6108232584916523,0.004126582229248951,1061,511429,676,1737,814266,8
0.10246467590332031,0.002071729982569297,0.6096718480138169,0.004129427729165691,1059,510108,678,1737,814266,8
0.10673123598098755,0.002065171558292556,0.6062176165803109,0.004116320252061091,1053,508832,684,1737,814266,8
0.11099779605865479,0.002064961729375949,0.6044905008635578,0.004115863517965744,1050,507434,687,1737,814266,8
0.11526435613632202,0.0020642256098041844,0.6027633851468048,0.004114361163888719,1047,506165,690,1737,814266,8
0.11953091621398926,0.002049313963989779,0.597006332757628,0.004084606900898063,1037,504986,700,1737,814266,8
0.1237974762916565,0.002044098655490148,0.5941278065630398,0.004074180081128295,1032,503836,705,1737,814266,8
0.12806403636932373,0.002044656894662453,0.5929763960852044,0.0040752617762206495,1030,502722,707,1737,814266,8
0.13233059644699097,0.0020445830482585243,0.5918249856073691,0.004075087854216506,1028,501764,709,1737,814266,8
0.1365971565246582,0.0020443011618245686,0.5906735751295337,0.004074500615543465,1026,500857,711,1737,814266,8
0.14086371660232544,0.0020480922400060685,0.5906735751295337,0.004082030511785571,1026,499928,711,1737,814266,8
0.14513027667999268,0.0020441757991187244,0.588370754173863,0.004074196621845189,1022,498935,715,1737,814266,8
0.1493968367576599,0.0020402845976550755,0.5860679332181923,0.004066412748883034,1018,497932,719,1737,814266,8
0.15366333723068237,0.0020383122373037244,0.5843408175014393,0.004062453722048116,1015,496946,722,1737,814266,8
0.1579298973083496,0.002038553411910545,0.5831894070236039,0.004062904836581385,1013,495908,724,1737,814266,8
0.16219645738601685,0.0020368693519730407,0.5814622913068509,0.004059518163329287,1010,494849,727,1737,814266,8
0.16646301746368408,0.0020375120522476303,0.5803108808290155,0.00406076646967115,1008,493713,729,1737,814266,8
0.17072957754135132,0.0020383063821682638,0.5791594703511802,0.004062315762269728,1006,492541,731,1737,814266,8
0.17499613761901855,0.002041044283552839,0.5785837651122625,0.00406773898472473,1005,491390,732,1737,814266,8
0.1792626976966858,0.002044173697755481,0.5780080598733448,0.0040739395685438305,1004,490148,733,1737,814266,8
0.18352925777435303,0.002041066253010573,0.5757052389176741,0.00406771111929173,1000,488940,737,1737,814266,8
0.18779581785202026,0.0020423407107263815,0.5745538284398388,0.004070213217181357,998,487657,739,1737,814266,8
0.1920623779296875,0.0020451701573365607,0.5739781232009211,0.004075817565261116,997,486493,740,1737,814266,8
0.19632893800735474,0.0020476973684210526,0.5734024179620034,0.004080821572632273,996,485404,741,1737,814266,8
0.20059549808502197,0.0020499613700746843,0.5728267127230858,0.00408530276404605,995,484380,742,1737,814266,8
0.2048620581626892,0.002045475185971054,0.5705238917674151,0.0040763356580649545,991,483493,746,1737,814266,8
0.20912861824035645,0.0020428206639167158,0.568796776050662,0.004071020350981289,988,482657,749,1737,814266,8
0.21339517831802368,0.002038246114075498,0.5664939550949913,0.004061877586402617,984,481784,753,1737,814266,8
0.21766167879104614,0.002042048772591721,0.5664939550949913,0.004069428419002245,984,480885,753,1737,814266,8
0.22192823886871338,0.0020418347403002453,0.565342544617156,0.004068973661475479,982,479958,755,1737,814266,8
0.22619479894638062,0.002040135870131494,0.563615428900403,0.004065555525563374,979,478891,758,1737,814266,8
0.23046135902404785,0.002042725973950022,0.5630397236614854,0.004070683379499656,978,477794,759,1737,814266,8
0.2347279191017151,0.0020412393148972786,0.5613126079447323,0.004067686300032541,975,476676,762,1737,814266,8
0.23899447917938232,0.0020395316630995846,0.5595854922279793,0.004064250277535609,972,475608,765,1737,814266,8
0.24326103925704956,0.002039773480000757,0.558434081750144,0.004064699966476701,970,474573,767,1737,814266,8
0.2475275993347168,0.002033256919394532,0.5555555555555556,0.004051685228143468,965,473643,772,1737,814266,8
0.25179415941238403,0.002029159936232435,0.5532527345998849,0.00404348960305639,961,472634,776,1737,814266,8
0.25606071949005127,0.0020269684127229297,0.5515256188831318,0.004039092342589235,958,471669,779,1737,814266,8
0.2603272795677185,0.0020269740203842346,0.5503742084052965,0.0040390725343067676,956,470683,781,1737,814266,8
0.26459383964538574,0.0020315657719418667,0.5503742084052965,0.00404818868963181,956,469617,781,1737,814266,8
0.268860399723053,0.0020364125908237884,0.5503742084052965,0.004057811074089009,956,468497,781,1737,814266,8
0.2731269598007202,0.002036912092510825,0.5492227979274611,0.004058771349498929,954,467402,783,1737,814266,8
0.27739351987838745,0.002042105037834598,0.5492227979274611,0.004069080532819225,954,466211,783,1737,814266,8
0.2816600799560547,0.0020389372629735433,0.5469199769717904,0.004062728528479727,950,464979,787,1737,814266,8
0.2859266400337219,0.002039797569456398,0.5457685664939551,0.004064404519720722,948,463804,789,1737,814266,8
0.2901931405067444,0.002044870674872034,0.5457685664939551,0.004074475217907061,948,462651,789,1737,814266,8
0.2944597005844116,0.0020435702144775596,0.5440414507772021,0.004071845450843777,945,461481,792,1737,814266,8
0.29872626066207886,0.0020487449540170575,0.5440414507772021,0.0040821175174677905,945,460313,792,1737,814266,8
0.30299288034439087,0.002049786109275554,0.5428900402993667,0.004084151715625237,943,459105,794,1737,814266,8
0.30725938081741333,0.002048684591930362,0.5411629245826137,0.004081916242552674,940,457891,797,1737,814266,8
0.31152600049972534,0.002053935471465592,0.5411629245826137,0.004092338836948595,940,456718,797,1737,814266,8
0.3157925009727478,0.002048758255290617,0.5382843983880253,0.004081980131452858,935,455439,802,1737,814266,8
0.32005900144577026,0.002052111323743631,0.5377086931491076,0.004088618843542478,934,454207,803,1737,814266,8
0.3243256211280823,0.0020487966073690586,0.5354058721934369,0.004081973041421053,930,452995,807,1737,814266,8
0.32859212160110474,0.0020474423535648024,0.533678756476684,0.00407923484643463,927,451833,810,1737,814266,8
0.33285874128341675,0.002050210224039711,0.5331030512377662,0.004084711445573204,926,450735,811,1737,814266,8
0.3371252417564392,0.0020507402861714855,0.531951640759931,0.0040857295724575846,924,449645,813,1737,814266,8
0.3413918614387512,0.002049166649979642,0.5302245250431779,0.004082555387111359,921,448530,816,1737,814266,8
0.3456583619117737,0.002052329952194097,0.5296488198042603,0.004088816198823132,920,447351,817,1737,814266,8
0.3499249815940857,0.0020485020887564967,0.5273459988485896,0.004081150741936274,916,446240,821,1737,814266,8
0.35419148206710815,0.0020444763271162125,0.5250431778929189,0.004073092356922582,912,445168,825,1737,814266,8
0.35845810174942017,0.002047145007977349,0.5244674726540012,0.004078370979547709,911,444099,826,1737,814266,8
0.3627246022224426,0.002049554165662535,0.5238917674150835,0.0040831344114004705,910,443089,827,1737,814266,8
0.36699122190475464,0.002042575857430462,0.5210132412204951,0.004069198862422859,905,442163,832,1737,814266,8
0.3712577223777771,0.0020398194465802493,0.5192861255037421,0.004063676275474002,902,441294,835,1737,814266,8
0.3755243420600891,0.0020368490692573996,0.5175590097869891,0.004057728980715632,899,440469,838,1737,814266,8
0.3797908425331116,0.0020311088719743285,0.5152561888313184,0.004046267600698941,895,439751,842,1737,814266,8
0.3840574622154236,0.0020300298934973118,0.514104778353483,0.004044091007897979,893,439002,844,1737,814266,8
0.38832396268844604,0.002021949997723029,0.5112262521588946,0.004027968982824432,888,438292,849,1737,814266,8
0.3925904631614685,0.0020251686500244023,0.5112262521588946,0.004034355627539929,888,437594,849,1737,814266,8
0.3968570828437805,0.002023824480052994,0.5100748416810593,0.004031652568017073,886,436899,851,1737,814266,8
0.401123583316803,0.0020225593154414626,0.5089234312032239,0.004029106190192955,884,436186,853,1737,814266,8
0.405390202999115,0.0020212205238673603,0.5077720207253886,0.004026413638677309,882,435488,855,1737,814266,8
0.40965670347213745,0.002024867763737878,0.5077720207253886,0.004033650339224505,882,434702,855,1737,814266,8
0.41392332315444946,0.0020265685203289434,0.5071963154864709,0.0040370066580824905,881,433844,856,1737,814266,8
0.4181898236274719,0.0020284536728841845,0.5066206102475532,0.004040728708688715,880,432948,857,1737,814266,8
0.42245644330978394,0.002030187197579481,0.5060449050086355,0.004044149785370208,879,432086,858,1737,814266,8
0.4267229437828064,0.0020225348331871585,0.5031663788140472,0.004028875141748181,874,431257,863,1737,814266,8
0.4309895634651184,0.0020264505119453923,0.5031663788140472,0.004036643858551196,874,430422,863,1737,814266,8
0.43525606393814087,0.0020279075385662483,0.5025906735751295,0.004039515998426763,873,429620,864,1737,814266,8
0.4395226836204529,0.002026835205033812,0.5014392630972941,0.004037351293597948,871,428863,866,1737,814266,8
0.44378918409347534,0.002023668528690397,0.49971214738054115,0.00403101279196398,868,428056,869,1737,814266,8
0.44805580377578735,0.002023123412864355,0.4985607369027058,0.0040298938081100456,866,427185,871,1737,814266,8
0.4523223042488098,0.002026783499267456,0.4985607369027058,0.004037154878034567,866,426412,871,1737,814266,8
0.4565889239311218,0.002023551038975047,0.4968336211859528,0.004030685520124237,863,425615,874,1737,814266,8
0.4608554244041443,0.0020225178350367743,0.49568221070811747,0.004028597898204209,861,424846,876,1737,814266,8
0.46512192487716675,0.0020214570963969117,0.4945308002302821,0.004026455547274526,859,424082,878,1737,814266,8
0.46938854455947876,0.0020228120387964974,0.4939550949913644,0.004029124275943358,858,423304,879,1737,814266,8
0.4736550450325012,0.002017467393332908,0.4916522740356937,0.004018445322793149,854,422449,883,1737,814266,8
0.47792166471481323,0.002014744806882804,0.4899251583189407,0.00401298679864096,851,421535,886,1737,814266,8
0.4821881651878357,0.002017109837563331,0.48934945308002303,0.004017658792055434,850,420545,887,1737,814266,8
0.4864547848701477,0.0020197694750740463,0.48877374784110533,0.004022914978606053,849,419496,888,1737,814266,8
0.49072128534317017,0.002022881461054761,0.4881980426021877,0.0040290682067083035,848,418356,889,1737,814266,8
0.4949879050254822,0.002026117055504125,0.48762233736327,0.004035466365555127,847,417194,890,1737,814266,8
0.49925440549850464,0.0020249860242374513,0.485895221646517,0.004033163691969513,844,415949,893,1737,814266,8
0.5035210251808167,0.002023804367182123,0.48416810592976395,0.004030760308753364,841,414713,896,1737,814266,8
0.5077875256538391,0.0020277218544964733,0.4835924006908463,0.004038510078246133,840,413418,897,1737,814266,8
0.5120541453361511,0.002027292148057723,0.48186528497409326,0.004037597412464454,837,412029,900,1737,814266,8
0.5163206458091736,0.002027283245986757,0.48013816925734026,0.0040375189107413004,834,410554,903,1737,814266,8
0.5205872654914856,0.0020298574464295734,0.4789867587795049,0.004042583171775772,832,409049,905,1737,814266,8
0.5248537659645081,0.0020320873944477498,0.47783534830166957,0.004046964289197043,830,407617,907,1737,814266,8
0.5291202664375305,0.0020270818130219736,0.4749568221070812,0.004036934278709942,825,406164,912,1737,814266,8
0.5333868861198425,0.002031693431268847,0.4743811168681635,0.004046058284844467,824,404749,913,1737,814266,8
0.537653386592865,0.002028829167635721,0.4720782959124928,0.004040294547326876,820,403354,917,1737,814266,8
0.541920006275177,0.002030597983799899,0.47092688543465744,0.004043759608872543,818,402019,919,1737,814266,8
0.5461865067481995,0.0020197844235022213,0.46689694876223375,0.00402216904516881,811,400717,926,1737,814266,8
0.5504531264305115,0.002018990504747626,0.4651698330454807,0.004020530580663139,808,399392,929,1737,814266,8
0.5547196269035339,0.0020105995196622595,0.46171560161197467,0.004003764137356068,802,398084,935,1737,814266,8
0.558986246585846,0.002009794920425704,0.4599884858952216,0.004002103734128077,799,396754,938,1737,814266,8
0.5632527470588684,0.002016531011420279,0.4599884858952216,0.0040154587623944,799,395426,938,1737,814266,8
0.5675193667411804,0.002010599964042167,0.4571099597006333,0.004003590121116164,794,394113,943,1737,814266,8
0.5717858672142029,0.0020045426136796694,0.4542314335060449,0.00399147069759677,789,392817,948,1737,814266,8
0.5760524868965149,0.002005918351221775,0.45308002302820954,0.003994153412032197,787,391552,950,1737,814266,8
0.5803189873695374,0.0020064923446565957,0.4519286125503742,0.003995246420182865,785,390445,952,1737,814266,8
0.5845856070518494,0.002004454913862267,0.4502014968336212,0.003991139873630917,782,389349,955,1737,814266,8
0.5888521075248718,0.0019999640109303945,0.4478986758779505,0.00398214687877485,778,388229,959,1737,814266,8
0.5931186079978943,0.0019953339090756756,0.44559585492227977,0.003972877667191934,774,387131,963,1737,814266,8
0.5973852276802063,0.001993288486496828,0.4438687392055268,0.003968754423668395,771,386027,966,1737,814266,8
0.6016517281532288,0.001996722263712555,0.4432930339666091,0.0039755375365607476,770,384862,967,1737,814266,8
0.6059183478355408,0.002000171666228831,0.44271732872769143,0.003982351296206149,769,383698,968,1737,814266,8
0.6101848483085632,0.0019927696890340283,0.43983880253310303,0.003967563609548118,764,382622,973,1737,814266,8
0.6144514679908752,0.0019933137664212954,0.4386873920552677,0.00396859497675872,762,381516,975,1737,814266,8
0.6187179684638977,0.001988890550670791,0.436384571099597,0.003959733997816399,758,380359,979,1737,814266,8
0.6229845881462097,0.001989473684210526,0.43523316062176165,0.003960842150485805,756,379244,981,1737,814266,8
0.6272510886192322,0.001990238855058348,0.4340817501439263,0.003962310752366089,754,378095,983,1737,814266,8
0.6315177083015442,0.0019909507054372546,0.43293033966609096,0.003963673355365454,752,376957,985,1737,814266,8
0.6357842087745667,0.0019892754416111803,0.43120322394933797,0.003960280867983588,749,375770,988,1737,814266,8
0.6400508284568787,0.0019855177137496436,0.4289004029936672,0.003952736938724619,745,374472,992,1737,814266,8
0.6443173289299011,0.0019817868175071207,0.4265975820379965,0.003945245739294328,741,373164,996,1737,814266,8
0.6485839486122131,0.0019805647024724853,0.42487046632124353,0.003942749987979421,738,371883,999,1737,814266,8
0.6528504490852356,0.001982267325986016,0.4237190558434082,0.003946073897739853,736,370556,1001,1737,814266,8
0.6571170687675476,0.0019839607316328215,0.42256764536557284,0.003949379075823775,734,369233,1003,1737,814266,8
0.6613835692405701,0.0019802678515721426,0.42026482440990215,0.003941961368778586,730,367907,1007,1737,814266,8
0.6656500697135925,0.0019737719735269535,0.41738629821531376,0.003928964325003929,725,366592,1012,1737,814266,8
0.6699166893959045,0.0019728123505703943,0.41565918249856076,0.003926986337133409,722,365253,1015,1737,814266,8
0.674183189868927,0.0019750648068139736,0.41450777202072536,0.0039313971202516096,720,363825,1017,1737,814266,8
0.678449809551239,0.0019801380313186783,0.4139320667818077,0.003941421378510756,719,362387,1018,1737,814266,8
0.6827163100242615,0.001983380543507126,0.41278065630397237,0.003947792237109798,717,360787,1020,1737,814266,8
0.6869829297065735,0.001986845140010059,0.411629245826137,0.00395460227209876,715,359152,1022,1737,814266,8
0.691249430179596,0.001987733007255784,0.409902130109384,0.003956280873715737,712,357485,1025,1737,814266,8
0.695516049861908,0.0019883782237528464,0.408175014392631,0.003957478042694992,709,355863,1028,1737,814266,8
0.6997825503349304,0.001982796982994136,0.4052964881980426,0.003946287882822156,704,354350,1033,1737,814266,8
0.7040491700172424,0.0019771230737899667,0.40241796200345425,0.003934913491011341,699,352845,1038,1737,814266,8
0.7083156704902649,0.001985079246976233,0.40241796200345425,0.003950670314018945,699,351428,1038,1737,814266,8
0.7125822901725769,0.0019763522184767543,0.39896373056994816,0.003933220388043691,693,349953,1044,1737,814266,8
0.7168487906455994,0.001976239302530732,0.39723661485319517,0.003932912492697038,690,348458,1047,1737,814266,8
0.7211154103279114,0.0019732376054215134,0.3949337938975245,0.003926855167163248,686,346966,1051,1737,814266,8
0.7253819108009338,0.001973013337339061,0.39320667818077143,0.003926325350379986,683,345488,1054,1737,814266,8
0.7296485304832458,0.001970463363601276,0.39090385722510074,0.003921160987046887,679,343910,1058,1737,814266,8
0.7339150309562683,0.0019711040807102974,0.38917674150834775,0.00392234226497859,676,342279,1061,1737,814266,8
0.7381815314292908,0.0019686365726974716,0.38687392055267705,0.003917339473607509,672,340681,1065,1737,814266,8
0.7424481511116028,0.001960905549716022,0.38341968911917096,0.003901856017997751,666,338973,1071,1737,814266,8
0.7467146515846252,0.001959675676635752,0.38111686816350027,0.003899301424246351,662,337149,1075,1737,814266,8
0.7509812712669373,0.0019563527866860815,0.37823834196891193,0.0038925721192300173,657,335172,1080,1737,814266,8
0.7552477717399597,0.0019514271497173279,0.3747841105354059,0.00388263816615425,651,332951,1086,1737,814266,8
0.7595143914222717,0.00194977665097187,0.3719055843408175,0.0038792158699561935,646,330674,1091,1737,814266,8
0.7637808918952942,0.0019478842209222822,0.3690270581462291,0.003875312866522375,641,328434,1096,1737,814266,8
0.7680475115776062,0.001945650278540028,0.36614853195164077,0.003870732152638305,636,326247,1101,1737,814266,8
0.7723140120506287,0.0019526437687872665,0.3649971214738054,0.0038845063950371443,634,324054,1103,1737,814266,8
0.7765806317329407,0.001956789376897481,0.36327000575705237,0.003892610825282847,631,321836,1106,1737,814266,8
0.7808471322059631,0.0019584814428417036,0.3609671848013817,0.0038958255018127705,627,319519,1110,1737,814266,8
0.7851137518882751,0.001960401772228376,0.358664363845711,0.0038994895611978884,623,317169,1114,1737,814266,8
0.7893802523612976,0.001975839573244024,0.358664363845711,0.003930029080953552,623,314686,1114,1737,814266,8
0.7936468720436096,0.001980394415223762,0.3563615428900403,0.003938899335350508,619,311945,1118,1737,814266,8
0.7979133725166321,0.00199128610618041,0.35521013241220495,0.003960370618799886,617,309233,1120,1737,814266,8
0.8021798729896545,0.0019927583422334524,0.35233160621761656,0.003963101709897069,612,306500,1125,1737,814266,8
0.8064464926719666,0.0019880585047828414,0.34830166954519287,0.003953550680598848,605,303712,1132,1737,814266,8
0.810712993144989,0.0019895878237225187,0.3454231433506045,0.0039563874226443835,600,300970,1137,1737,814266,8
0.814979612827301,0.0020014793543053563,0.34427173287276913,0.003979821373903553,598,298181,1139,1737,814266,8
0.8192461133003235,0.0020012710775762985,0.3408175014392631,0.003979176538990216,592,295220,1145,1737,814266,8
0.8235127329826355,0.0020095899821255857,0.3385146804835924,0.003995460938933321,588,292009,1149,1737,814266,8
0.827779233455658,0.0020156550360259443,0.335636154289004,0.004007244658439099,583,288653,1154,1737,814266,8
0.83204585313797,0.002023575707288724,0.33275762809441567,0.004022688520026447,578,285055,1159,1737,814266,8
0.8363123536109924,0.0020373972427697243,0.330454807138745,0.004049825554117028,574,281158,1163,1737,814266,8
0.8405789732933044,0.0020532327609496743,0.3281519861830743,0.004080931311482453,570,277041,1167,1737,814266,8
0.8448454737663269,0.002067968449755687,0.3252734599884859,0.004109808257441299,565,272650,1172,1737,814266,8
0.8491120934486389,0.0020849932610039245,0.3223949337938975,0.00414319166330649,560,268026,1177,1737,814266,8
0.8533785939216614,0.0020891945794690183,0.31721358664363847,0.004151050004708541,551,263187,1186,1737,814266,8
0.8576452136039734,0.0021096720348675467,0.3143350604490501,0.00419121456946017,546,258262,1191,1737,814266,8
0.8619117140769958,0.0021250256264685936,0.3103051237766264,0.004221144094509771,539,253105,1198,1737,814266,8
0.8661782145500183,0.002141681058602352,0.30627518710420265,0.004253617973934597,532,247871,1205,1737,814266,8
0.8704448342323303,0.002171409771343971,0.30397236614853196,0.004312016888732814,528,242632,1209,1737,814266,8
0.8747113347053528,0.0021951865698317443,0.3005181347150259,0.004358535465286185,522,237271,1215,1737,814266,8
0.8789779543876648,0.0022072015867757215,0.29533678756476683,0.004381656830003673,513,231908,1224,1737,814266,8
0.8832444548606873,0.002233814756395231,0.2918825561312608,0.0044336978526735545,507,226459,1230,1737,814266,8
0.8875110745429993,0.002266856926105883,0.2890040299366724,0.004498429582103061,502,220950,1235,1737,814266,8
0.8917775750160217,0.0022896765252536488,0.284398388025331,0.004542779371735452,494,215257,1243,1737,814266,8
0.8960441946983337,0.0023271340009537434,0.280944156591825,0.004616032198716403,488,209212,1249,1737,814266,8
0.9003106951713562,0.002353369799077361,0.27518710420264825,0.004666829387356602,478,202635,1259,1737,814266,8
0.9045773148536682,0.0023810373573034623,0.2688543465745538,0.004720270884924446,467,195666,1270,1737,814266,8
0.9088438153266907,0.0024230624758619593,0.2636729994242948,0.004801996288413349,458,188559,1279,1737,814266,8
0.9131104350090027,0.002458047481744164,0.256188831318365,0.004869374914512378,445,180593,1292,1737,814266,8
0.9173769354820251,0.0025198693143638345,0.2504317789291883,0.004989533449946951,435,172193,1302,1737,814266,8
0.9216435551643372,0.0025817029450990467,0.2429476108232585,0.005109113471957384,422,163036,1315,1737,814266,8
0.9259100556373596,0.0026623030869728963,0.2360391479562464,0.005265219373438894,410,153592,1327,1737,814266,8
0.9301766753196716,0.0027285603199289046,0.22625215889464595,0.005392092969012616,393,143639,1344,1737,814266,8
0.9344431757926941,0.002859431257625774,0.21991940126655152,0.005645459247764723,382,133211,1355,1737,814266,8
0.9387096762657166,0.003075840743437252,0.21646516983304548,0.006065494434586223,376,121867,1361,1737,814266,8
0.9429762959480286,0.0032677372051342396,0.20782959124928038,0.006434306797016335,361,110113,1376,1737,814266,8
0.947242796421051,0.003392102697432564,0.19228554979850315,0.0066666001337312,334,98130,1403,1737,814266,8
0.951509416103363,0.0036196382667235357,0.1807714450201497,0.007097167913568248,314,86435,1423,1737,814266,8
0.9557759165763855,0.0038019770280545884,0.16407599309153714,0.00743174528670891,285,74676,1452,1737,814266,8
0.9600425362586975,0.0042095268238645355,0.15313759355210133,0.008193817672154883,266,62924,1471,1737,814266,8
0.96430903673172,0.004620678988477302,0.13759355210132412,0.008941097248461496,239,51485,1498,1737,814266,8
0.968575656414032,0.005061319836480436,0.11974668969487623,0.009712137837648543,208,40888,1529,1737,814266,8
0.9728421568870544,0.005675011034743679,0.10362694300518134,0.010760723359736962,180,31538,1557,1737,814266,8
0.9771087765693665,0.006389776357827476,0.08520437535981577,0.011888027631631791,148,23014,1589,1737,814266,8
0.9813752770423889,0.007602862254025045,0.06850892343120323,0.013686813502789122,119,15533,1618,1737,814266,8
0.9856418967247009,0.00922940064494607,0.04778353483016695,0.015470643056849954,83,8910,1654,1737,814266,8
0.9899083971977234,0.014084507042253521,0.028785261945883708,0.0189143181388311,50,3500,1687,1737,814266,8
0.9941750168800354,0.05787037037037037,0.014392630972941854,0.023052097740894423,25,407,1712,1737,814266,8
0.9984415173530579,1.0,0.0005757052389176742,0.0011507479861910242,1,0,1736,1737,814266,8
