query_file_id,query_path,query_folder_id,pos_partner_file_id,pos_partner_path,neg_partner_file_id,neg_partner_path,neg_partner_folder_id
56,/u/irowerojas/localLatin/canon/CANC.314.1/BAV1341.11r.9.txt,CANC.314.1,59,/u/irowerojas/localLatin/canon/CANC.314.1/KoeD213.20r.1.txt,219,/u/irowerojas/localLatin/canon/CANT.328.16/Hat42.171r.2.txt,CANT.328.16
59,/u/irowerojas/localLatin/canon/CANC.314.1/KoeD213.20r.1.txt,CANC.314.1,56,/u/irowerojas/localLatin/canon/CANC.314.1/BAV1341.11r.9.txt,880,/u/irowerojas/localLatin/canon/CORL.538.31/BN2123.90v.2.txt,CORL.538.31
60,/u/irowerojas/localLatin/canon/CANC.314.10/BAV1341.11v.6.txt,CANC.314.10,61,/u/irowerojas/localLatin/canon/CANC.314.10/Brn425.23v.4.txt,558,/u/irowerojas/localLatin/canon/CLAO.300.26/Brn425.52r.6.txt,CLAO.300.26
61,/u/irowerojas/localLatin/canon/CANC.314.10/Brn425.23v.4.txt,CANC.314.10,60,/u/irowerojas/localLatin/canon/CANC.314.10/BAV1341.11v.6.txt,150,/u/irowerojas/localLatin/canon/CANC.314.25/BN2123.99v.1.txt,CANC.314.25
65,/u/irowerojas/localLatin/canon/CANC.314.10/KoeD213.22v.1.txt,CANC.314.10,60,/u/irowerojas/localLatin/canon/CANC.314.10/BAV1341.11v.6.txt,41,/u/irowerojas/localLatin/canon/CAGD.506.51/Brn425.42v.3.txt,CAGD.506.51
67,/u/irowerojas/localLatin/canon/CANC.314.11/C1525.20r.3.txt,CANC.314.11,68,/u/irowerojas/localLatin/canon/CANC.314.11/Hat42.158r.2.txt,1249,/u/irowerojas/localLatin/canon/RPCO.757.3/BAVPal582.6r.7.txt,RPCO.757.3
68,/u/irowerojas/localLatin/canon/CANC.314.11/Hat42.158r.2.txt,CANC.314.11,67,/u/irowerojas/localLatin/canon/CANC.314.11/C1525.20r.3.txt,265,/u/irowerojas/localLatin/canon/CANT.328.25/Hat42.173r.1.txt,CANT.328.25
70,/u/irowerojas/localLatin/canon/CANC.314.12/BAV1341.11v.8.txt,CANC.314.12,71,/u/irowerojas/localLatin/canon/CANC.314.12/C1525.20r.4.txt,923,/u/irowerojas/localLatin/canon/CTOL.397.6/WlfH1062.9r.4.txt,CTOL.397.6
71,/u/irowerojas/localLatin/canon/CANC.314.12/C1525.20r.4.txt,CANC.314.12,70,/u/irowerojas/localLatin/canon/CANC.314.12/BAV1341.11v.8.txt,431,/u/irowerojas/localLatin/canon/CCHA.451.5/Brn425.51v.6.txt,CCHA.451.5
75,/u/irowerojas/localLatin/canon/CANC.314.13/BN2123.101v.8.txt,CANC.314.13,76,/u/irowerojas/localLatin/canon/CANC.314.13/C1525.20r.5.txt,670,/u/irowerojas/localLatin/canon/CNEO.315.8/BAV1341.13r.1.txt,CNEO.315.8
76,/u/irowerojas/localLatin/canon/CANC.314.13/C1525.20r.5.txt,CANC.314.13,75,/u/irowerojas/localLatin/canon/CANC.314.13/BN2123.101v.8.txt,909,/u/irowerojas/localLatin/canon/CTOL.397.13/BAVPal575.4r.7.txt,CTOL.397.13
80,/u/irowerojas/localLatin/canon/CANC.314.14/C1525.20v.1.txt,CANC.314.14,81,/u/irowerojas/localLatin/canon/CANC.314.14/Hat42.158v.1.txt,179,/u/irowerojas/localLatin/canon/CANC.314.9/Brn425.55r.5.txt,CANC.314.9
81,/u/irowerojas/localLatin/canon/CANC.314.14/Hat42.158v.1.txt,CANC.314.14,80,/u/irowerojas/localLatin/canon/CANC.314.14/C1525.20v.1.txt,760,/u/irowerojas/localLatin/canon/CNIC.325.6/Hat42.152r.1.txt,CNIC.325.6
86,/u/irowerojas/localLatin/canon/CANC.314.15/D1723.525.2.txt,CANC.314.15,88,/u/irowerojas/localLatin/canon/CANC.314.15/KoeD213.23r.2.txt,289,/u/irowerojas/localLatin/canon/CANT.328.8/Brn425.64r.1.txt,CANT.328.8
87,/u/irowerojas/localLatin/canon/CANC.314.15/Hat42.158v.2.txt,CANC.314.15,88,/u/irowerojas/localLatin/canon/CANC.314.15/KoeD213.23r.2.txt,628,/u/irowerojas/localLatin/canon/CNEO.315.13/Brn425.56v.2.txt,CNEO.315.13
88,/u/irowerojas/localLatin/canon/CANC.314.15/KoeD213.23r.2.txt,CANC.314.15,87,/u/irowerojas/localLatin/canon/CANC.314.15/Hat42.158v.2.txt,700,/u/irowerojas/localLatin/canon/CNIC.325.13/C1525.12v.3.txt,CNIC.325.13
89,/u/irowerojas/localLatin/canon/CANC.314.16/BAV1341.12r.3.txt,CANC.314.16,94,/u/irowerojas/localLatin/canon/CANC.314.16/Hat42.159r.1.txt,841,/u/irowerojas/localLatin/canon/CORL.511.20/BAV1341.55r.8.txt,CORL.511.20
93,/u/irowerojas/localLatin/canon/CANC.314.16/D1723.525.3.txt,CANC.314.16,94,/u/irowerojas/localLatin/canon/CANC.314.16/Hat42.159r.1.txt,793,/u/irowerojas/localLatin/canon/CORA.441.2/Brn425.55v.11.txt,CORA.441.2
94,/u/irowerojas/localLatin/canon/CANC.314.16/Hat42.159r.1.txt,CANC.314.16,93,/u/irowerojas/localLatin/canon/CANC.314.16/D1723.525.3.txt,568,/u/irowerojas/localLatin/canon/CLAO.300.46/BN2123.88v.4.txt,CLAO.300.46
96,/u/irowerojas/localLatin/canon/CANC.314.17/BAV1341.12r.4.txt,CANC.314.17,98,/u/irowerojas/localLatin/canon/CANC.314.17/Hat42.159r.2.txt,337,/u/irowerojas/localLatin/canon/CARL.501?.2/BAV1341.46r.2.txt,CARL.501?.2
98,/u/irowerojas/localLatin/canon/CANC.314.17/Hat42.159r.2.txt,CANC.314.17,96,/u/irowerojas/localLatin/canon/CANC.314.17/BAV1341.12r.4.txt,911,/u/irowerojas/localLatin/canon/CTOL.397.15/BAVPal575.4r.9.txt,CTOL.397.15
103,/u/irowerojas/localLatin/canon/CANC.314.18/D1723.547.5.txt,CANC.314.18,105,/u/irowerojas/localLatin/canon/CANC.314.18/KoeD213.24r.2.txt,43,/u/irowerojas/localLatin/canon/CAGD.506.52/D1723.563.8.txt,CAGD.506.52
104,/u/irowerojas/localLatin/canon/CANC.314.18/Hat42.159r.3.txt,CANC.314.18,103,/u/irowerojas/localLatin/canon/CANC.314.18/D1723.547.5.txt,1131,/u/irowerojas/localLatin/canon/Can.apost.35/C1525.6v.3.txt,Can.apost.35
105,/u/irowerojas/localLatin/canon/CANC.314.18/KoeD213.24r.2.txt,CANC.314.18,103,/u/irowerojas/localLatin/canon/CANC.314.18/D1723.547.5.txt,121,/u/irowerojas/localLatin/canon/CANC.314.20/D1723.530.5.txt,CANC.314.20
106,/u/irowerojas/localLatin/canon/CANC.314.19/BAV1341.12r.6.txt,CANC.314.19,109,/u/irowerojas/localLatin/canon/CANC.314.19/D1723.525.4.txt,939,/u/irowerojas/localLatin/canon/CTOL.633.50/WlfH1062.11r.1.txt,CTOL.633.50
109,/u/irowerojas/localLatin/canon/CANC.314.19/D1723.525.4.txt,CANC.314.19,110,/u/irowerojas/localLatin/canon/CANC.314.19/Hat42.159v.1.txt,390,/u/irowerojas/localLatin/canon/CAUX.561.42/Kob58.41v.3.txt,CAUX.561.42
110,/u/irowerojas/localLatin/canon/CANC.314.19/Hat42.159v.1.txt,CANC.314.19,109,/u/irowerojas/localLatin/canon/CANC.314.19/D1723.525.4.txt,1136,/u/irowerojas/localLatin/canon/Can.apost.36/C1525.6v.4.txt,Can.apost.36
114,/u/irowerojas/localLatin/canon/CANC.314.2/Hat42.156r.2.txt,CANC.314.2,115,/u/irowerojas/localLatin/canon/CANC.314.2/KoeD213.20r.2.txt,1143,/u/irowerojas/localLatin/canon/Can.apost.37/Hat42.147v.2.txt,Can.apost.37
115,/u/irowerojas/localLatin/canon/CANC.314.2/KoeD213.20r.2.txt,CANC.314.2,114,/u/irowerojas/localLatin/canon/CANC.314.2/Hat42.156r.2.txt,489,/u/irowerojas/localLatin/canon/CGAN.355.15/KoeD213.30r.6.txt,CGAN.355.15
116,/u/irowerojas/localLatin/canon/CANC.314.20/BAV1341.12r.7.txt,CANC.314.20,117,/u/irowerojas/localLatin/canon/CANC.314.20/Brn425.21v.3.txt,290,/u/irowerojas/localLatin/canon/CANT.328.8/C1525.28r.5.txt,CANT.328.8
117,/u/irowerojas/localLatin/canon/CANC.314.20/Brn425.21v.3.txt,CANC.314.20,116,/u/irowerojas/localLatin/canon/CANC.314.20/BAV1341.12r.7.txt,41,/u/irowerojas/localLatin/canon/CAGD.506.51/Brn425.42v.3.txt,CAGD.506.51
119,/u/irowerojas/localLatin/canon/CANC.314.20/C1525.21r.3.txt,CANC.314.20,116,/u/irowerojas/localLatin/canon/CANC.314.20/BAV1341.12r.7.txt,353,/u/irowerojas/localLatin/canon/CARL.501?.4/BAV1341.46r.4.txt,CARL.501?.4
121,/u/irowerojas/localLatin/canon/CANC.314.20/D1723.530.5.txt,CANC.314.20,117,/u/irowerojas/localLatin/canon/CANC.314.20/Brn425.21v.3.txt,800,/u/irowerojas/localLatin/canon/CORA.441.24/BN2123.78r.2.txt,CORA.441.24
124,/u/irowerojas/localLatin/canon/CANC.314.21/BAV1341.12r.8.txt,CANC.314.21,127,/u/irowerojas/localLatin/canon/CANC.314.21/C1525.21r.4.txt,640,/u/irowerojas/localLatin/canon/CNEO.315.2/BN2123.98r.9.txt,CNEO.315.2
127,/u/irowerojas/localLatin/canon/CANC.314.21/C1525.21r.4.txt,CANC.314.21,128,/u/irowerojas/localLatin/canon/CANC.314.21/D1723.530.6.txt,485,/u/irowerojas/localLatin/canon/CGAN.355.14/Hat42.165v.2.txt,CGAN.355.14
128,/u/irowerojas/localLatin/canon/CANC.314.21/D1723.530.6.txt,CANC.314.21,127,/u/irowerojas/localLatin/canon/CANC.314.21/C1525.21r.4.txt,704,/u/irowerojas/localLatin/canon/CNIC.325.14/C1525.12v.4.txt,CNIC.325.14
131,/u/irowerojas/localLatin/canon/CANC.314.22/BAV1341.12r.9.txt,CANC.314.22,133,/u/irowerojas/localLatin/canon/CANC.314.22/Brn425.27r.5.txt,693,/u/irowerojas/localLatin/canon/CNIC.325.12/Brn425.17v.2.txt,CNIC.325.12
133,/u/irowerojas/localLatin/canon/CANC.314.22/Brn425.27r.5.txt,CANC.314.22,135,/u/irowerojas/localLatin/canon/CANC.314.22/D1723.530.7.txt,751,/u/irowerojas/localLatin/canon/CNIC.325.4/D1723.557.9.txt,CNIC.325.4
135,/u/irowerojas/localLatin/canon/CANC.314.22/D1723.530.7.txt,CANC.314.22,133,/u/irowerojas/localLatin/canon/CANC.314.22/Brn425.27r.5.txt,906,/u/irowerojas/localLatin/canon/CTOL.397.10/BAVPal575.4r.4.txt,CTOL.397.10
140,/u/irowerojas/localLatin/canon/CANC.314.23/C1525.21r.6.txt,CANC.314.23,142,/u/irowerojas/localLatin/canon/CANC.314.23/Hat42.159v.5.txt,1003,/u/irowerojas/localLatin/canon/Can.apost.11/Vat5845.7v.3.txt,Can.apost.11
141,/u/irowerojas/localLatin/canon/CANC.314.23/D1723.529.4.txt,CANC.314.23,142,/u/irowerojas/localLatin/canon/CANC.314.23/Hat42.159v.5.txt,67,/u/irowerojas/localLatin/canon/CANC.314.11/C1525.20r.3.txt,CANC.314.11
142,/u/irowerojas/localLatin/canon/CANC.314.23/Hat42.159v.5.txt,CANC.314.23,141,/u/irowerojas/localLatin/canon/CANC.314.23/D1723.529.4.txt,168,/u/irowerojas/localLatin/canon/CANC.314.6/Hat42.157v.1.txt,CANC.314.6
144,/u/irowerojas/localLatin/canon/CANC.314.24/BAV1341.12v.1.txt,CANC.314.24,146,/u/irowerojas/localLatin/canon/CANC.314.24/C1525.21v.1.txt,1133,/u/irowerojas/localLatin/canon/Can.apost.35/KoeD213.8r.1.txt,Can.apost.35
145,/u/irowerojas/localLatin/canon/CANC.314.24/Brn425.21v.4.txt,CANC.314.24,146,/u/irowerojas/localLatin/canon/CANC.314.24/C1525.21v.1.txt,797,/u/irowerojas/localLatin/canon/CORA.441.23/BAV1341.50r.8.txt,CORA.441.23
146,/u/irowerojas/localLatin/canon/CANC.314.24/C1525.21v.1.txt,CANC.314.24,145,/u/irowerojas/localLatin/canon/CANC.314.24/Brn425.21v.4.txt,801,/u/irowerojas/localLatin/canon/CORA.441.25/BAV1341.50r.10.txt,CORA.441.25
151,/u/irowerojas/localLatin/canon/CANC.314.3/BAV1341.11r.11.txt,CANC.314.3,154,/u/irowerojas/localLatin/canon/CANC.314.3/KoeD213.20v.1.txt,1141,/u/irowerojas/localLatin/canon/Can.apost.37/BN2123.84v.8.txt,Can.apost.37
154,/u/irowerojas/localLatin/canon/CANC.314.3/KoeD213.20v.1.txt,CANC.314.3,151,/u/irowerojas/localLatin/canon/CANC.314.3/BAV1341.11r.11.txt,225,/u/irowerojas/localLatin/canon/CANT.328.18/BAV1341.17v.8.txt,CANT.328.18
155,/u/irowerojas/localLatin/canon/CANC.314.4/BAV1341.11r.12.txt,CANC.314.4,161,/u/irowerojas/localLatin/canon/CANC.314.4/KoeD213.21r.1.txt,940,/u/irowerojas/localLatin/canon/CTOL.633.51/WlfH1062.11r.2.txt,CTOL.633.51
156,/u/irowerojas/localLatin/canon/CANC.314.4/BAV1341.11r.13.txt,CANC.314.4,155,/u/irowerojas/localLatin/canon/CANC.314.4/BAV1341.11r.12.txt,817,/u/irowerojas/localLatin/canon/CORL.511.12/BAV1341.54v.23.txt,CORL.511.12
161,/u/irowerojas/localLatin/canon/CANC.314.4/KoeD213.21r.1.txt,CANC.314.4,156,/u/irowerojas/localLatin/canon/CANC.314.4/BAV1341.11r.13.txt,1119,/u/irowerojas/localLatin/canon/Can.apost.32/Vat5845.9r.1.txt,Can.apost.32
162,/u/irowerojas/localLatin/canon/CANC.314.5/BAV1341.11v.1.txt,CANC.314.5,163,/u/irowerojas/localLatin/canon/CANC.314.5/C1525.19v.1.txt,339,/u/irowerojas/localLatin/canon/CARL.501?.21/BAV1341.46v.7.txt,CARL.501?.21
163,/u/irowerojas/localLatin/canon/CANC.314.5/C1525.19v.1.txt,CANC.314.5,162,/u/irowerojas/localLatin/canon/CANC.314.5/BAV1341.11v.1.txt,404,/u/irowerojas/localLatin/canon/CCHA.451.12/BN2123.84v.1.txt,CCHA.451.12
166,/u/irowerojas/localLatin/canon/CANC.314.6/BAV1341.11v.2.txt,CANC.314.6,168,/u/irowerojas/localLatin/canon/CANC.314.6/Hat42.157v.1.txt,554,/u/irowerojas/localLatin/canon/CLAO.300.23/Brn425.55r.4.txt,CLAO.300.23
168,/u/irowerojas/localLatin/canon/CANC.314.6/Hat42.157v.1.txt,CANC.314.6,166,/u/irowerojas/localLatin/canon/CANC.314.6/BAV1341.11v.2.txt,556,/u/irowerojas/localLatin/canon/CLAO.300.24/Brn425.53r.4.txt,CLAO.300.24
170,/u/irowerojas/localLatin/canon/CANC.314.7/BAV1341.11v.3.txt,CANC.314.7,173,/u/irowerojas/localLatin/canon/CANC.314.7/KoeD213.22r.1.txt,906,/u/irowerojas/localLatin/canon/CTOL.397.10/BAVPal575.4r.4.txt,CTOL.397.10
173,/u/irowerojas/localLatin/canon/CANC.314.7/KoeD213.22r.1.txt,CANC.314.7,170,/u/irowerojas/localLatin/canon/CANC.314.7/BAV1341.11v.3.txt,913,/u/irowerojas/localLatin/canon/CTOL.397.17/BAVPal575.4v.1.txt,CTOL.397.17
174,/u/irowerojas/localLatin/canon/CANC.314.8/BAV1341.11v.4.txt,CANC.314.8,176,/u/irowerojas/localLatin/canon/CANC.314.8/Hat42.157v.3.txt,511,/u/irowerojas/localLatin/canon/CGAN.355.3/Hat42.164v.2.txt,CGAN.355.3
176,/u/irowerojas/localLatin/canon/CANC.314.8/Hat42.157v.3.txt,CANC.314.8,174,/u/irowerojas/localLatin/canon/CANC.314.8/BAV1341.11v.4.txt,597,/u/irowerojas/localLatin/canon/CMEA.845.10/WlfH1062.17v.2.txt,CMEA.845.10
178,/u/irowerojas/localLatin/canon/CANC.314.9/BAV1341.11v.5.txt,CANC.314.9,179,/u/irowerojas/localLatin/canon/CANC.314.9/Brn425.55r.5.txt,687,/u/irowerojas/localLatin/canon/CNIC.325.11/Brn425.17v.1.txt,CNIC.325.11
179,/u/irowerojas/localLatin/canon/CANC.314.9/Brn425.55r.5.txt,CANC.314.9,178,/u/irowerojas/localLatin/canon/CANC.314.9/BAV1341.11v.5.txt,105,/u/irowerojas/localLatin/canon/CANC.314.18/KoeD213.24r.2.txt,CANC.314.18
180,/u/irowerojas/localLatin/canon/CANC.314.9/C1525.20r.1.txt,CANC.314.9,179,/u/irowerojas/localLatin/canon/CANC.314.9/Brn425.55r.5.txt,439,/u/irowerojas/localLatin/canon/CCHA.451.8/D1723.524.11.txt,CCHA.451.8
187,/u/irowerojas/localLatin/canon/CANT.328.10/BAV1341.17r.8.txt,CANT.328.10,190,/u/irowerojas/localLatin/canon/CANT.328.10/D1723.557.5.txt,386,/u/irowerojas/localLatin/canon/CAUX.561.38/Kob58.41r.4.txt,CAUX.561.38
190,/u/irowerojas/localLatin/canon/CANT.328.10/D1723.557.5.txt,CANT.328.10,187,/u/irowerojas/localLatin/canon/CANT.328.10/BAV1341.17r.8.txt,777,/u/irowerojas/localLatin/canon/CORA.441.10/BAV1341.49v.21.txt,CORA.441.10
192,/u/irowerojas/localLatin/canon/CANT.328.11/BAV1341.17v.1.txt,CANT.328.11,196,/u/irowerojas/localLatin/canon/CANT.328.11/Hat42.170r.1.txt,964,/u/irowerojas/localLatin/canon/CVAI.442.2/Brn425.16r.4.txt,CVAI.442.2
196,/u/irowerojas/localLatin/canon/CANT.328.11/Hat42.170r.1.txt,CANT.328.11,192,/u/irowerojas/localLatin/canon/CANT.328.11/BAV1341.17v.1.txt,80,/u/irowerojas/localLatin/canon/CANC.314.14/C1525.20v.1.txt,CANC.314.14
197,/u/irowerojas/localLatin/canon/CANT.328.12/BAV1341.17v.2.txt,CANT.328.12,200,/u/irowerojas/localLatin/canon/CANT.328.12/D1723.537.7.txt,331,/u/irowerojas/localLatin/canon/CARL.501?.16/BAV1341.46v.2.txt,CARL.501?.16
200,/u/irowerojas/localLatin/canon/CANT.328.12/D1723.537.7.txt,CANT.328.12,197,/u/irowerojas/localLatin/canon/CANT.328.12/BAV1341.17v.2.txt,30,/u/irowerojas/localLatin/canon/CAGD.506.41/Brn425.53v.3.txt,CAGD.506.41
203,/u/irowerojas/localLatin/canon/CANT.328.13/Brn425.58v.1.txt,CANT.328.13,206,/u/irowerojas/localLatin/canon/CANT.328.13/Hat42.170v.1.txt,128,/u/irowerojas/localLatin/canon/CANC.314.21/D1723.530.6.txt,CANC.314.21
206,/u/irowerojas/localLatin/canon/CANT.328.13/Hat42.170v.1.txt,CANT.328.13,203,/u/irowerojas/localLatin/canon/CANT.328.13/Brn425.58v.1.txt,1029,/u/irowerojas/localLatin/canon/Can.apost.17/BAV1341.7r.11.txt,Can.apost.17
211,/u/irowerojas/localLatin/canon/CANT.328.15/Brn425.35r.3.txt,CANT.328.15,213,/u/irowerojas/localLatin/canon/CANT.328.15/D1723.537.8.txt,699,/u/irowerojas/localLatin/canon/CNIC.325.13/Brn425.15v.4.txt,CNIC.325.13
213,/u/irowerojas/localLatin/canon/CANT.328.15/D1723.537.8.txt,CANT.328.15,211,/u/irowerojas/localLatin/canon/CANT.328.15/Brn425.35r.3.txt,284,/u/irowerojas/localLatin/canon/CANT.328.7/C1525.28r.4.txt,CANT.328.7
216,/u/irowerojas/localLatin/canon/CANT.328.16/Brn425.64r.3.txt,CANT.328.16,219,/u/irowerojas/localLatin/canon/CANT.328.16/Hat42.171r.2.txt,932,/u/irowerojas/localLatin/canon/CTOL.589.0 Conc. Toletana III; anno 589; PL 84 col. 384-386; combined canons?/WlfH1062.7r.1.txt,CTOL.589.0 Conc. Toletana III; anno 589; PL 84 col. 384-386; combined canons?
219,/u/irowerojas/localLatin/canon/CANT.328.16/Hat42.171r.2.txt,CANT.328.16,216,/u/irowerojas/localLatin/canon/CANT.328.16/Brn425.64r.3.txt,124,/u/irowerojas/localLatin/canon/CANC.314.21/BAV1341.12r.8.txt,CANC.314.21
222,/u/irowerojas/localLatin/canon/CANT.328.17/C1525.29v.1.txt,CANT.328.17,224,/u/irowerojas/localLatin/canon/CANT.328.17/Hat42.171r.3.txt,304,/u/irowerojas/localLatin/canon/CARL.314.14/BAV1341.45v.2.txt,CARL.314.14
224,/u/irowerojas/localLatin/canon/CANT.328.17/Hat42.171r.3.txt,CANT.328.17,222,/u/irowerojas/localLatin/canon/CANT.328.17/C1525.29v.1.txt,981,/u/irowerojas/localLatin/canon/CVAN.461.8/BN2123.85v.1.txt,CVAN.461.8
230,/u/irowerojas/localLatin/canon/CANT.328.19/C1525.29v.3.txt,CANT.328.19,232,/u/irowerojas/localLatin/canon/CANT.328.19/Hat42.171v.2.txt,1203,/u/irowerojas/localLatin/canon/Can.apost.48/BAV1341.7v.18.txt,Can.apost.48
232,/u/irowerojas/localLatin/canon/CANT.328.19/Hat42.171v.2.txt,CANT.328.19,230,/u/irowerojas/localLatin/canon/CANT.328.19/C1525.29v.3.txt,802,/u/irowerojas/localLatin/canon/CORA.441.26/BAV1341.50r.11.txt,CORA.441.26
234,/u/irowerojas/localLatin/canon/CANT.328.2/BN2123.92r.7.txt,CANT.328.2,235,/u/irowerojas/localLatin/canon/CANT.328.2/C1525.27v.1.txt,848,/u/irowerojas/localLatin/canon/CORL.511.25/BAV1341.55r.12.txt,CORL.511.25
235,/u/irowerojas/localLatin/canon/CANT.328.2/C1525.27v.1.txt,CANT.328.2,234,/u/irowerojas/localLatin/canon/CANT.328.2/BN2123.92r.7.txt,586,/u/irowerojas/localLatin/canon/CMAC.581.18/BN2123.95r.6.txt,CMAC.581.18
237,/u/irowerojas/localLatin/canon/CANT.328.20/BAV1341.18r.1.txt,CANT.328.20,238,/u/irowerojas/localLatin/canon/CANT.328.20/BN2123.76v.2.txt,960,/u/irowerojas/localLatin/canon/CTUR.439.7/BAV1341.48r.5.txt,CTUR.439.7
238,/u/irowerojas/localLatin/canon/CANT.328.20/BN2123.76v.2.txt,CANT.328.20,237,/u/irowerojas/localLatin/canon/CANT.328.20/BAV1341.18r.1.txt,80,/u/irowerojas/localLatin/canon/CANC.314.14/C1525.20v.1.txt,CANC.314.14
242,/u/irowerojas/localLatin/canon/CANT.328.20/Hat42.172r.1.txt,CANT.328.20,238,/u/irowerojas/localLatin/canon/CANT.328.20/BN2123.76v.2.txt,299,/u/irowerojas/localLatin/canon/CARL.314.10/BAV1341.45r.32.txt,CARL.314.10
244,/u/irowerojas/localLatin/canon/CANT.328.21/Brn425.59r.1.txt,CANT.328.21,245,/u/irowerojas/localLatin/canon/CANT.328.21/C1525.30r.1.txt,402,/u/irowerojas/localLatin/canon/CCHA.451.11/Brn425.64v.4.txt,CCHA.451.11
245,/u/irowerojas/localLatin/canon/CANT.328.21/C1525.30r.1.txt,CANT.328.21,244,/u/irowerojas/localLatin/canon/CANT.328.21/Brn425.59r.1.txt,61,/u/irowerojas/localLatin/canon/CANC.314.10/Brn425.23v.4.txt,CANC.314.10
251,/u/irowerojas/localLatin/canon/CANT.328.22/D1723.558.6.txt,CANT.328.22,252,/u/irowerojas/localLatin/canon/CANT.328.22/Hat42.172v.1.txt,94,/u/irowerojas/localLatin/canon/CANC.314.16/Hat42.159r.1.txt,CANC.314.16
252,/u/irowerojas/localLatin/canon/CANT.328.22/Hat42.172v.1.txt,CANT.328.22,251,/u/irowerojas/localLatin/canon/CANT.328.22/D1723.558.6.txt,987,/u/irowerojas/localLatin/canon/CZAR.380.6/WlfH1062.9r.2.txt,CZAR.380.6
256,/u/irowerojas/localLatin/canon/CANT.328.24/BAV1341.18r.5.txt,CANT.328.24,258,/u/irowerojas/localLatin/canon/CANT.328.24/C1525.30r.4.txt,827,/u/irowerojas/localLatin/canon/CORL.511.16/Brn425.61v.2.txt,CORL.511.16
258,/u/irowerojas/localLatin/canon/CANT.328.24/C1525.30r.4.txt,CANT.328.24,256,/u/irowerojas/localLatin/canon/CANT.328.24/BAV1341.18r.5.txt,1159,/u/irowerojas/localLatin/canon/Can.apost.4/KoeD213.4v.7.txt,Can.apost.4
261,/u/irowerojas/localLatin/canon/CANT.328.25/BAV1341.18r.6.txt,CANT.328.25,265,/u/irowerojas/localLatin/canon/CANT.328.25/Hat42.173r.1.txt,203,/u/irowerojas/localLatin/canon/CANT.328.13/Brn425.58v.1.txt,CANT.328.13
265,/u/irowerojas/localLatin/canon/CANT.328.25/Hat42.173r.1.txt,CANT.328.25,261,/u/irowerojas/localLatin/canon/CANT.328.25/BAV1341.18r.6.txt,1092,/u/irowerojas/localLatin/canon/Can.apost.28/Hat42.146v.3.txt,Can.apost.28
269,/u/irowerojas/localLatin/canon/CANT.328.4/BAV1341.17r.2.txt,CANT.328.4,270,/u/irowerojas/localLatin/canon/CANT.328.4/Brn425.34v.4.txt,1247,/u/irowerojas/localLatin/canon/RPCO.757.1/BAVPal582.6r.5.txt,RPCO.757.1
270,/u/irowerojas/localLatin/canon/CANT.328.4/Brn425.34v.4.txt,CANT.328.4,269,/u/irowerojas/localLatin/canon/CANT.328.4/BAV1341.17r.2.txt,913,/u/irowerojas/localLatin/canon/CTOL.397.17/BAVPal575.4v.1.txt,CTOL.397.17
277,/u/irowerojas/localLatin/canon/CANT.328.6/BAV1341.17r.4.txt,CANT.328.6,281,/u/irowerojas/localLatin/canon/CANT.328.6/Hat42.169r.2.txt,8,/u/irowerojas/localLatin/canon/CAGD.506.21/BN2123.92r.1.txt,CAGD.506.21
281,/u/irowerojas/localLatin/canon/CANT.328.6/Hat42.169r.2.txt,CANT.328.6,277,/u/irowerojas/localLatin/canon/CANT.328.6/BAV1341.17r.4.txt,439,/u/irowerojas/localLatin/canon/CCHA.451.8/D1723.524.11.txt,CCHA.451.8
284,/u/irowerojas/localLatin/canon/CANT.328.7/C1525.28r.4.txt,CANT.328.7,285,/u/irowerojas/localLatin/canon/CANT.328.7/Hat42.169r.3.txt,987,/u/irowerojas/localLatin/canon/CZAR.380.6/WlfH1062.9r.2.txt,CZAR.380.6
285,/u/irowerojas/localLatin/canon/CANT.328.7/Hat42.169r.3.txt,CANT.328.7,284,/u/irowerojas/localLatin/canon/CANT.328.7/C1525.28r.4.txt,811,/u/irowerojas/localLatin/canon/CORA.441.7/BAV1341.49v.18.txt,CORA.441.7
288,/u/irowerojas/localLatin/canon/CANT.328.8/BN2123.86v.4.txt,CANT.328.8,289,/u/irowerojas/localLatin/canon/CANT.328.8/Brn425.64r.1.txt,805,/u/irowerojas/localLatin/canon/CORA.441.28/BN2123.76v.4.txt,CORA.441.28
289,/u/irowerojas/localLatin/canon/CANT.328.8/Brn425.64r.1.txt,CANT.328.8,288,/u/irowerojas/localLatin/canon/CANT.328.8/BN2123.86v.4.txt,30,/u/irowerojas/localLatin/canon/CAGD.506.41/Brn425.53v.3.txt,CAGD.506.41
290,/u/irowerojas/localLatin/canon/CANT.328.8/C1525.28r.5.txt,CANT.328.8,289,/u/irowerojas/localLatin/canon/CANT.328.8/Brn425.64r.1.txt,1114,/u/irowerojas/localLatin/canon/Can.apost.31/Vat5845.8v.8.txt,Can.apost.31
293,/u/irowerojas/localLatin/canon/CANT.328.9/BAV1341.17r.7.txt,CANT.328.9,296,/u/irowerojas/localLatin/canon/CANT.328.9/D1723.563.1.txt,912,/u/irowerojas/localLatin/canon/CTOL.397.16/BAVPal575.4r.10.txt,CTOL.397.16
296,/u/irowerojas/localLatin/canon/CANT.328.9/D1723.563.1.txt,CANT.328.9,293,/u/irowerojas/localLatin/canon/CANT.328.9/BAV1341.17r.7.txt,1162,/u/irowerojas/localLatin/canon/Can.apost.40/C1525.7r.2.txt,Can.apost.40
346,/u/irowerojas/localLatin/canon/CARL.501?.25/Brn425.14r.1.txt,CARL.501?.25,347,/u/irowerojas/localLatin/canon/CARL.501?.25/Brn425.31v.4.txt,480,/u/irowerojas/localLatin/canon/CGAN.355.13/C1525.25v.3.txt,CGAN.355.13
347,/u/irowerojas/localLatin/canon/CARL.501?.25/Brn425.31v.4.txt,CARL.501?.25,346,/u/irowerojas/localLatin/canon/CARL.501?.25/Brn425.14r.1.txt,1136,/u/irowerojas/localLatin/canon/Can.apost.36/C1525.6v.4.txt,Can.apost.36
399,/u/irowerojas/localLatin/canon/CCHA.451.10/BN2123.85r.5.txt,CCHA.451.10,400,/u/irowerojas/localLatin/canon/CCHA.451.10/Brn425.57r.7.txt,196,/u/irowerojas/localLatin/canon/CANT.328.11/Hat42.170r.1.txt,CANT.328.11
400,/u/irowerojas/localLatin/canon/CCHA.451.10/Brn425.57r.7.txt,CCHA.451.10,399,/u/irowerojas/localLatin/canon/CCHA.451.10/BN2123.85r.5.txt,953,/u/irowerojas/localLatin/canon/CTOU.567.18 (17)/WlfH1062.5v.2.txt,CTOU.567.18 (17)
474,/u/irowerojas/localLatin/canon/CGAN.355.11/D1723.538.10.txt,CGAN.355.11,475,/u/irowerojas/localLatin/canon/CGAN.355.11/Hat42.165r.4.txt,827,/u/irowerojas/localLatin/canon/CORL.511.16/Brn425.61v.2.txt,CORL.511.16
475,/u/irowerojas/localLatin/canon/CGAN.355.11/Hat42.165r.4.txt,CGAN.355.11,474,/u/irowerojas/localLatin/canon/CGAN.355.11/D1723.538.10.txt,458,/u/irowerojas/localLatin/canon/CEPA.517.37/BN2123.77r.3.txt,CEPA.517.37
483,/u/irowerojas/localLatin/canon/CGAN.355.14/BN2123.98r.8.txt,CGAN.355.14,485,/u/irowerojas/localLatin/canon/CGAN.355.14/Hat42.165v.2.txt,353,/u/irowerojas/localLatin/canon/CARL.501?.4/BAV1341.46r.4.txt,CARL.501?.4
485,/u/irowerojas/localLatin/canon/CGAN.355.14/Hat42.165v.2.txt,CGAN.355.14,483,/u/irowerojas/localLatin/canon/CGAN.355.14/BN2123.98r.8.txt,1078,/u/irowerojas/localLatin/canon/Can.apost.25/KoeD213.6v.8.txt,Can.apost.25
495,/u/irowerojas/localLatin/canon/CGAN.355.17/D1723.531.5.txt,CGAN.355.17,497,/u/irowerojas/localLatin/canon/CGAN.355.17/KoeD213.30v.2.txt,68,/u/irowerojas/localLatin/canon/CANC.314.11/Hat42.158r.2.txt,CANC.314.11
497,/u/irowerojas/localLatin/canon/CGAN.355.17/KoeD213.30v.2.txt,CGAN.355.17,495,/u/irowerojas/localLatin/canon/CGAN.355.17/D1723.531.5.txt,1040,/u/irowerojas/localLatin/canon/Can.apost.19/C1525.5v.3.txt,Can.apost.19
513,/u/irowerojas/localLatin/canon/CGAN.355.4/Brn425.57r.6.txt,CGAN.355.4,515,/u/irowerojas/localLatin/canon/CGAN.355.4/D1723.557.3.txt,332,/u/irowerojas/localLatin/canon/CARL.501?.17/BAV1341.46v.3.txt,CARL.501?.17
515,/u/irowerojas/localLatin/canon/CGAN.355.4/D1723.557.3.txt,CGAN.355.4,513,/u/irowerojas/localLatin/canon/CGAN.355.4/Brn425.57r.6.txt,480,/u/irowerojas/localLatin/canon/CGAN.355.13/C1525.25v.3.txt,CGAN.355.13
521,/u/irowerojas/localLatin/canon/CGAN.355.6/Brn425.36r.4.txt,CGAN.355.6,525,/u/irowerojas/localLatin/canon/CGAN.355.6/KoeD213.29v.4.txt,173,/u/irowerojas/localLatin/canon/CANC.314.7/KoeD213.22r.1.txt,CANC.314.7
525,/u/irowerojas/localLatin/canon/CGAN.355.6/KoeD213.29v.4.txt,CGAN.355.6,521,/u/irowerojas/localLatin/canon/CGAN.355.6/Brn425.36r.4.txt,1170,/u/irowerojas/localLatin/canon/Can.apost.41/KoeD213.9v.1.txt,Can.apost.41
528,/u/irowerojas/localLatin/canon/CGAN.355.7/C1525.25r.4.txt,CGAN.355.7,531,/u/irowerojas/localLatin/canon/CGAN.355.7/KoeD213.29v.5.txt,1120,/u/irowerojas/localLatin/canon/Can.apost.33/BAV1341.7v.3.txt,Can.apost.33
529,/u/irowerojas/localLatin/canon/CGAN.355.7/D1723.538.8.txt,CGAN.355.7,531,/u/irowerojas/localLatin/canon/CGAN.355.7/KoeD213.29v.5.txt,53,/u/irowerojas/localLatin/canon/CAGD.506.63/D1723.531.11.txt,CAGD.506.63
531,/u/irowerojas/localLatin/canon/CGAN.355.7/KoeD213.29v.5.txt,CGAN.355.7,529,/u/irowerojas/localLatin/canon/CGAN.355.7/D1723.538.8.txt,1119,/u/irowerojas/localLatin/canon/Can.apost.32/Vat5845.9r.1.txt,Can.apost.32
532,/u/irowerojas/localLatin/canon/CGAN.355.8/Brn425.36r.6.txt,CGAN.355.8,535,/u/irowerojas/localLatin/canon/CGAN.355.8/Hat42.165r.1.txt,691,/u/irowerojas/localLatin/canon/CNIC.325.11/KoeD213.13v.3.txt,CNIC.325.11
535,/u/irowerojas/localLatin/canon/CGAN.355.8/Hat42.165r.1.txt,CGAN.355.8,532,/u/irowerojas/localLatin/canon/CGAN.355.8/Brn425.36r.6.txt,670,/u/irowerojas/localLatin/canon/CNEO.315.8/BAV1341.13r.1.txt,CNEO.315.8
601,/u/irowerojas/localLatin/canon/CNEO.315.1/BAV1341.12v.16.txt,CNEO.315.1,607,/u/irowerojas/localLatin/canon/CNEO.315.1/KoeD213.25v.1.txt,997,/u/irowerojas/localLatin/canon/Can.apost.10/KoeD213.5v.1.txt,Can.apost.10
604,/u/irowerojas/localLatin/canon/CNEO.315.1/C1525.22v.1.txt,CNEO.315.1,601,/u/irowerojas/localLatin/canon/CNEO.315.1/BAV1341.12v.16.txt,710,/u/irowerojas/localLatin/canon/CNIC.325.16/BN2123.85v.7.txt,CNIC.325.16
607,/u/irowerojas/localLatin/canon/CNEO.315.1/KoeD213.25v.1.txt,CNEO.315.1,601,/u/irowerojas/localLatin/canon/CNEO.315.1/BAV1341.12v.16.txt,458,/u/irowerojas/localLatin/canon/CEPA.517.37/BN2123.77r.3.txt,CEPA.517.37
608,/u/irowerojas/localLatin/canon/CNEO.315.10/BAV1341.13r.3.txt,CNEO.315.10,612,/u/irowerojas/localLatin/canon/CNEO.315.10/Hat42.161v.1.txt,448,/u/irowerojas/localLatin/canon/CEPA.517.10/BN2123.85v.3.txt,CEPA.517.10
610,/u/irowerojas/localLatin/canon/CNEO.315.10/C1525.23r.3.txt,CNEO.315.10,608,/u/irowerojas/localLatin/canon/CNEO.315.10/BAV1341.13r.3.txt,772,/u/irowerojas/localLatin/canon/CNIC.325.9/Hat42.152v.1.txt,CNIC.325.9
612,/u/irowerojas/localLatin/canon/CNEO.315.10/Hat42.161v.1.txt,CNEO.315.10,608,/u/irowerojas/localLatin/canon/CNEO.315.10/BAV1341.13r.3.txt,1273,/u/irowerojas/localLatin/canon/RPWO.758.5/BAVPal582.5r.6.txt,RPWO.758.5
614,/u/irowerojas/localLatin/canon/CNEO.315.11/BAV1341.13r.4.txt,CNEO.315.11,617,/u/irowerojas/localLatin/canon/CNEO.315.11/KoeD213.26v.2.txt,1265,/u/irowerojas/localLatin/canon/RPWO.758.17/BAVPal582.5v.11.txt,RPWO.758.17
617,/u/irowerojas/localLatin/canon/CNEO.315.11/KoeD213.26v.2.txt,CNEO.315.11,614,/u/irowerojas/localLatin/canon/CNEO.315.11/BAV1341.13r.4.txt,525,/u/irowerojas/localLatin/canon/CGAN.355.6/KoeD213.29v.4.txt,CGAN.355.6
618,/u/irowerojas/localLatin/canon/CNEO.315.12/BAV1341.13r.5.txt,CNEO.315.12,622,/u/irowerojas/localLatin/canon/CNEO.315.12/D1723.555.10.txt,907,/u/irowerojas/localLatin/canon/CTOL.397.11/BAVPal575.4r.5.txt,CTOL.397.11
622,/u/irowerojas/localLatin/canon/CNEO.315.12/D1723.555.10.txt,CNEO.315.12,618,/u/irowerojas/localLatin/canon/CNEO.315.12/BAV1341.13r.5.txt,646,/u/irowerojas/localLatin/canon/CNEO.315.3/BAV1341.12v.18.txt,CNEO.315.3
623,/u/irowerojas/localLatin/canon/CNEO.315.12/Hat42.161v.3.txt,CNEO.315.12,618,/u/irowerojas/localLatin/canon/CNEO.315.12/BAV1341.13r.5.txt,448,/u/irowerojas/localLatin/canon/CEPA.517.10/BN2123.85v.3.txt,CEPA.517.10
627,/u/irowerojas/localLatin/canon/CNEO.315.13/BN2123.84v.4.txt,CNEO.315.13,631,/u/irowerojas/localLatin/canon/CNEO.315.13/Hat42.161v.4.txt,462,/u/irowerojas/localLatin/canon/CEPA.517.6/BN2123.86v.8.txt,CEPA.517.6
628,/u/irowerojas/localLatin/canon/CNEO.315.13/Brn425.56v.2.txt,CNEO.315.13,631,/u/irowerojas/localLatin/canon/CNEO.315.13/Hat42.161v.4.txt,767,/u/irowerojas/localLatin/canon/CNIC.325.8/Hat42.152r.3.txt,CNIC.325.8
630,/u/irowerojas/localLatin/canon/CNEO.315.13/D1723.556.3.txt,CNEO.315.13,627,/u/irowerojas/localLatin/canon/CNEO.315.13/BN2123.84v.4.txt,237,/u/irowerojas/localLatin/canon/CANT.328.20/BAV1341.18r.1.txt,CANT.328.20
631,/u/irowerojas/localLatin/canon/CNEO.315.13/Hat42.161v.4.txt,CNEO.315.13,628,/u/irowerojas/localLatin/canon/CNEO.315.13/Brn425.56v.2.txt,981,/u/irowerojas/localLatin/canon/CVAN.461.8/BN2123.85v.1.txt,CVAN.461.8
633,/u/irowerojas/localLatin/canon/CNEO.315.14/BAV1341.13r.7.txt,CNEO.315.14,636,/u/irowerojas/localLatin/canon/CNEO.315.14/D1723.556.8.txt,1138,/u/irowerojas/localLatin/canon/Can.apost.36/KoeD213.8r.2.txt,Can.apost.36
635,/u/irowerojas/localLatin/canon/CNEO.315.14/C1525.23v.1.txt,CNEO.315.14,636,/u/irowerojas/localLatin/canon/CNEO.315.14/D1723.556.8.txt,1005,/u/irowerojas/localLatin/canon/Can.apost.12/C1525.5r.3.txt,Can.apost.12
636,/u/irowerojas/localLatin/canon/CNEO.315.14/D1723.556.8.txt,CNEO.315.14,633,/u/irowerojas/localLatin/canon/CNEO.315.14/BAV1341.13r.7.txt,793,/u/irowerojas/localLatin/canon/CORA.441.2/Brn425.55v.11.txt,CORA.441.2
639,/u/irowerojas/localLatin/canon/CNEO.315.2/BAV1341.12v.17.txt,CNEO.315.2,640,/u/irowerojas/localLatin/canon/CNEO.315.2/BN2123.98r.9.txt,237,/u/irowerojas/localLatin/canon/CANT.328.20/BAV1341.18r.1.txt,CANT.328.20
640,/u/irowerojas/localLatin/canon/CNEO.315.2/BN2123.98r.9.txt,CNEO.315.2,639,/u/irowerojas/localLatin/canon/CNEO.315.2/BAV1341.12v.17.txt,1263,/u/irowerojas/localLatin/canon/RPWO.758.15/BAVPal582.5v.9.txt,RPWO.758.15
645,/u/irowerojas/localLatin/canon/CNEO.315.2/KoeD213.25v.2.txt,CNEO.315.2,640,/u/irowerojas/localLatin/canon/CNEO.315.2/BN2123.98r.9.txt,162,/u/irowerojas/localLatin/canon/CANC.314.5/BAV1341.11v.1.txt,CANC.314.5
646,/u/irowerojas/localLatin/canon/CNEO.315.3/BAV1341.12v.18.txt,CNEO.315.3,647,/u/irowerojas/localLatin/canon/CNEO.315.3/Brn425.24v.2.txt,237,/u/irowerojas/localLatin/canon/CANT.328.20/BAV1341.18r.1.txt,CANT.328.20
647,/u/irowerojas/localLatin/canon/CNEO.315.3/Brn425.24v.2.txt,CNEO.315.3,651,/u/irowerojas/localLatin/canon/CNEO.315.3/KoeD213.25v.3.txt,439,/u/irowerojas/localLatin/canon/CCHA.451.8/D1723.524.11.txt,CCHA.451.8
651,/u/irowerojas/localLatin/canon/CNEO.315.3/KoeD213.25v.3.txt,CNEO.315.3,647,/u/irowerojas/localLatin/canon/CNEO.315.3/Brn425.24v.2.txt,448,/u/irowerojas/localLatin/canon/CEPA.517.10/BN2123.85v.3.txt,CEPA.517.10
652,/u/irowerojas/localLatin/canon/CNEO.315.4/BAV1341.12v.19.txt,CNEO.315.4,655,/u/irowerojas/localLatin/canon/CNEO.315.4/KoeD213.25v.4.txt,789,/u/irowerojas/localLatin/canon/CORA.441.18/BAV1341.50r.3.txt,CORA.441.18
655,/u/irowerojas/localLatin/canon/CNEO.315.4/KoeD213.25v.4.txt,CNEO.315.4,652,/u/irowerojas/localLatin/canon/CNEO.315.4/BAV1341.12v.19.txt,817,/u/irowerojas/localLatin/canon/CORL.511.12/BAV1341.54v.23.txt,CORL.511.12
656,/u/irowerojas/localLatin/canon/CNEO.315.5/BAV1341.12v.20.txt,CNEO.315.5,658,/u/irowerojas/localLatin/canon/CNEO.315.5/Hat42.161r.2.txt,281,/u/irowerojas/localLatin/canon/CANT.328.6/Hat42.169r.2.txt,CANT.328.6
658,/u/irowerojas/localLatin/canon/CNEO.315.5/Hat42.161r.2.txt,CNEO.315.5,656,/u/irowerojas/localLatin/canon/CNEO.315.5/BAV1341.12v.20.txt,105,/u/irowerojas/localLatin/canon/CANC.314.18/KoeD213.24r.2.txt,CANC.314.18
660,/u/irowerojas/localLatin/canon/CNEO.315.6/BAV1341.12v.21.txt,CNEO.315.6,665,/u/irowerojas/localLatin/canon/CNEO.315.6/KoeD213.26r.2.txt,845,/u/irowerojas/localLatin/canon/CORL.511.22/WlfH1062.4v.3.txt,CORL.511.22
664,/u/irowerojas/localLatin/canon/CNEO.315.6/Hat42.161r.3.txt,CNEO.315.6,660,/u/irowerojas/localLatin/canon/CNEO.315.6/BAV1341.12v.21.txt,886,/u/irowerojas/localLatin/canon/CORL.538.8/BN2123.87r.3.txt,CORL.538.8
665,/u/irowerojas/localLatin/canon/CNEO.315.6/KoeD213.26r.2.txt,CNEO.315.6,660,/u/irowerojas/localLatin/canon/CNEO.315.6/BAV1341.12v.21.txt,376,/u/irowerojas/localLatin/canon/CAUX.561.26/Kob58.40r.2.txt,CAUX.561.26
666,/u/irowerojas/localLatin/canon/CNEO.315.7/BAV1341.12v.22.txt,CNEO.315.7,668,/u/irowerojas/localLatin/canon/CNEO.315.7/Hat42.161r.4.txt,261,/u/irowerojas/localLatin/canon/CANT.328.25/BAV1341.18r.6.txt,CANT.328.25
668,/u/irowerojas/localLatin/canon/CNEO.315.7/Hat42.161r.4.txt,CNEO.315.7,666,/u/irowerojas/localLatin/canon/CNEO.315.7/BAV1341.12v.22.txt,815,/u/irowerojas/localLatin/canon/CORL.511.1/CamCC279.68.1.txt,CORL.511.1
670,/u/irowerojas/localLatin/canon/CNEO.315.8/BAV1341.13r.1.txt,CNEO.315.8,674,/u/irowerojas/localLatin/canon/CNEO.315.8/KoeD213.26r.4.txt,591,/u/irowerojas/localLatin/canon/CMAC.585.2/BN2123.90r.8.txt,CMAC.585.2
674,/u/irowerojas/localLatin/canon/CNEO.315.8/KoeD213.26r.4.txt,CNEO.315.8,670,/u/irowerojas/localLatin/canon/CNEO.315.8/BAV1341.13r.1.txt,568,/u/irowerojas/localLatin/canon/CLAO.300.46/BN2123.88v.4.txt,CLAO.300.46
675,/u/irowerojas/localLatin/canon/CNEO.315.9/BAV1341.13r.2.txt,CNEO.315.9,676,/u/irowerojas/localLatin/canon/CNEO.315.9/C1525.23r.2.txt,1241,/u/irowerojas/localLatin/canon/Can.apost.8/Vat5845.7r.11.txt,Can.apost.8
676,/u/irowerojas/localLatin/canon/CNEO.315.9/C1525.23r.2.txt,CNEO.315.9,675,/u/irowerojas/localLatin/canon/CNEO.315.9/BAV1341.13r.2.txt,395,/u/irowerojas/localLatin/canon/CAUX.561.8/Kob58.36v.2.txt,CAUX.561.8
679,/u/irowerojas/localLatin/canon/CNIC.325.1/BN2123.76v.6.txt,CNIC.325.1,680,/u/irowerojas/localLatin/canon/CNIC.325.1/C1525.11r.1.txt,1005,/u/irowerojas/localLatin/canon/Can.apost.12/C1525.5r.3.txt,Can.apost.12
680,/u/irowerojas/localLatin/canon/CNIC.325.1/C1525.11r.1.txt,CNIC.325.1,679,/u/irowerojas/localLatin/canon/CNIC.325.1/BN2123.76v.6.txt,310,/u/irowerojas/localLatin/canon/CARL.314.18/BAV1341.45v.8.txt,CARL.314.18
686,/u/irowerojas/localLatin/canon/CNIC.325.11/BN2123.86v.10.txt,CNIC.325.11,687,/u/irowerojas/localLatin/canon/CNIC.325.11/Brn425.17v.1.txt,399,/u/irowerojas/localLatin/canon/CCHA.451.10/BN2123.85r.5.txt,CCHA.451.10
687,/u/irowerojas/localLatin/canon/CNIC.325.11/Brn425.17v.1.txt,CNIC.325.11,691,/u/irowerojas/localLatin/canon/CNIC.325.11/KoeD213.13v.3.txt,381,/u/irowerojas/localLatin/canon/CAUX.561.32/Kob58.40v.3.txt,CAUX.561.32
691,/u/irowerojas/localLatin/canon/CNIC.325.11/KoeD213.13v.3.txt,CNIC.325.11,687,/u/irowerojas/localLatin/canon/CNIC.325.11/Brn425.17v.1.txt,919,/u/irowerojas/localLatin/canon/CTOL.397.4/BAVPal575.3v.4.txt,CTOL.397.4
693,/u/irowerojas/localLatin/canon/CNIC.325.12/Brn425.17v.2.txt,CNIC.325.12,695,/u/irowerojas/localLatin/canon/CNIC.325.12/D1723.522.3.txt,820,/u/irowerojas/localLatin/canon/CORL.511.14/BN2123.93v.6.txt,CORL.511.14
695,/u/irowerojas/localLatin/canon/CNIC.325.12/D1723.522.3.txt,CNIC.325.12,696,/u/irowerojas/localLatin/canon/CNIC.325.12/Hat42.153r.2.txt,1006,/u/irowerojas/localLatin/canon/Can.apost.12/Hat42.145r.2.txt,Can.apost.12
696,/u/irowerojas/localLatin/canon/CNIC.325.12/Hat42.153r.2.txt,CNIC.325.12,693,/u/irowerojas/localLatin/canon/CNIC.325.12/Brn425.17v.2.txt,315,/u/irowerojas/localLatin/canon/CARL.314.22/BAV1341.45v.12.txt,CARL.314.22
699,/u/irowerojas/localLatin/canon/CNIC.325.13/Brn425.15v.4.txt,CNIC.325.13,703,/u/irowerojas/localLatin/canon/CNIC.325.13/KoeD213.14v.1.txt,959,/u/irowerojas/localLatin/canon/CTUR.439.6/BAV1341.48r.4.txt,CTUR.439.6
700,/u/irowerojas/localLatin/canon/CNIC.325.13/C1525.12v.3.txt,CNIC.325.13,699,/u/irowerojas/localLatin/canon/CNIC.325.13/Brn425.15v.4.txt,1105,/u/irowerojas/localLatin/canon/Can.apost.30/BAV1341.7r.24.txt,Can.apost.30
703,/u/irowerojas/localLatin/canon/CNIC.325.13/KoeD213.14v.1.txt,CNIC.325.13,700,/u/irowerojas/localLatin/canon/CNIC.325.13/C1525.12v.3.txt,934,/u/irowerojas/localLatin/canon/CTOL.598.12/WlfH1062.10r.1.txt,CTOL.598.12
710,/u/irowerojas/localLatin/canon/CNIC.325.16/BN2123.85v.7.txt,CNIC.325.16,713,/u/irowerojas/localLatin/canon/CNIC.325.16/D1723.556.6.txt,318,/u/irowerojas/localLatin/canon/CARL.314.5/BAV1341.45r.28.txt,CARL.314.5
712,/u/irowerojas/localLatin/canon/CNIC.325.16/C1525.13r.2.txt,CNIC.325.16,710,/u/irowerojas/localLatin/canon/CNIC.325.16/BN2123.85v.7.txt,597,/u/irowerojas/localLatin/canon/CMEA.845.10/WlfH1062.17v.2.txt,CMEA.845.10
713,/u/irowerojas/localLatin/canon/CNIC.325.16/D1723.556.6.txt,CNIC.325.16,710,/u/irowerojas/localLatin/canon/CNIC.325.16/BN2123.85v.7.txt,532,/u/irowerojas/localLatin/canon/CGAN.355.8/Brn425.36r.6.txt,CGAN.355.8
716,/u/irowerojas/localLatin/canon/CNIC.325.17/BN2123.86r.1.txt,CNIC.325.17,717,/u/irowerojas/localLatin/canon/CNIC.325.17/C1525.13r.3.txt,310,/u/irowerojas/localLatin/canon/CARL.314.18/BAV1341.45v.8.txt,CARL.314.18
717,/u/irowerojas/localLatin/canon/CNIC.325.17/C1525.13r.3.txt,CNIC.325.17,716,/u/irowerojas/localLatin/canon/CNIC.325.17/BN2123.86r.1.txt,699,/u/irowerojas/localLatin/canon/CNIC.325.13/Brn425.15v.4.txt,CNIC.325.13
720,/u/irowerojas/localLatin/canon/CNIC.325.18/BN2123.86r.2.txt,CNIC.325.18,724,/u/irowerojas/localLatin/canon/CNIC.325.18/KoeD213.14v.2.txt,1261,/u/irowerojas/localLatin/canon/RPWO.758.13/BAVPal582.5v.7.txt,RPWO.758.13
724,/u/irowerojas/localLatin/canon/CNIC.325.18/KoeD213.14v.2.txt,CNIC.325.18,720,/u/irowerojas/localLatin/canon/CNIC.325.18/BN2123.86r.2.txt,1155,/u/irowerojas/localLatin/canon/Can.apost.39/Vat5845.9v.2.txt,Can.apost.39
725,/u/irowerojas/localLatin/canon/CNIC.325.19/BN2123.96r.5.txt,CNIC.325.19,727,/u/irowerojas/localLatin/canon/CNIC.325.19/Hat42.154v.2.txt,2,/u/irowerojas/localLatin/canon/CAGD.506.15/Brn425.14v.1.txt,CAGD.506.15
727,/u/irowerojas/localLatin/canon/CNIC.325.19/Hat42.154v.2.txt,CNIC.325.19,725,/u/irowerojas/localLatin/canon/CNIC.325.19/BN2123.96r.5.txt,610,/u/irowerojas/localLatin/canon/CNEO.315.10/C1525.23r.3.txt,CNEO.315.10
732,/u/irowerojas/localLatin/canon/CNIC.325.2/Hat42.150v.2.txt,CNIC.325.2,733,/u/irowerojas/localLatin/canon/CNIC.325.2/KoeD213.11v.1.txt,511,/u/irowerojas/localLatin/canon/CGAN.355.3/Hat42.164v.2.txt,CGAN.355.3
733,/u/irowerojas/localLatin/canon/CNIC.325.2/KoeD213.11v.1.txt,CNIC.325.2,732,/u/irowerojas/localLatin/canon/CNIC.325.2/Hat42.150v.2.txt,902,/u/irowerojas/localLatin/canon/CSEV.619.10/WlfH1062.15r.1.txt,CSEV.619.10
734,/u/irowerojas/localLatin/canon/CNIC.325.20/BN2123.97r.10.txt,CNIC.325.20,737,/u/irowerojas/localLatin/canon/CNIC.325.20/KoeD213.16r.2.txt,70,/u/irowerojas/localLatin/canon/CANC.314.12/BAV1341.11v.8.txt,CANC.314.12
737,/u/irowerojas/localLatin/canon/CNIC.325.20/KoeD213.16r.2.txt,CNIC.325.20,734,/u/irowerojas/localLatin/canon/CNIC.325.20/BN2123.97r.10.txt,332,/u/irowerojas/localLatin/canon/CARL.501?.17/BAV1341.46v.3.txt,CARL.501?.17
742,/u/irowerojas/localLatin/canon/CNIC.325.3/BN2123.96v.8.txt,CNIC.325.3,744,/u/irowerojas/localLatin/canon/CNIC.325.3/C1525.11r.3.txt,17,/u/irowerojas/localLatin/canon/CAGD.506.32/BN2123.95r.3.txt,CAGD.506.32
744,/u/irowerojas/localLatin/canon/CNIC.325.3/C1525.11r.3.txt,CNIC.325.3,742,/u/irowerojas/localLatin/canon/CNIC.325.3/BN2123.96v.8.txt,203,/u/irowerojas/localLatin/canon/CANT.328.13/Brn425.58v.1.txt,CANT.328.13
745,/u/irowerojas/localLatin/canon/CNIC.325.3/D1723.524.9.txt,CNIC.325.3,742,/u/irowerojas/localLatin/canon/CNIC.325.3/BN2123.96v.8.txt,412,/u/irowerojas/localLatin/canon/CCHA.451.18/Brn425.29v.1.txt,CCHA.451.18
748,/u/irowerojas/localLatin/canon/CNIC.325.4/BN2123.81v.6.txt,CNIC.325.4,751,/u/irowerojas/localLatin/canon/CNIC.325.4/D1723.557.9.txt,822,/u/irowerojas/localLatin/canon/CORL.511.15/BN2123.93v.7.txt,CORL.511.15
751,/u/irowerojas/localLatin/canon/CNIC.325.4/D1723.557.9.txt,CNIC.325.4,753,/u/irowerojas/localLatin/canon/CNIC.325.4/KoeD213.12r.2.txt,106,/u/irowerojas/localLatin/canon/CANC.314.19/BAV1341.12r.6.txt,CANC.314.19
753,/u/irowerojas/localLatin/canon/CNIC.325.4/KoeD213.12r.2.txt,CNIC.325.4,751,/u/irowerojas/localLatin/canon/CNIC.325.4/D1723.557.9.txt,1266,/u/irowerojas/localLatin/canon/RPWO.758.18/BAVPal582.6r.1.txt,RPWO.758.18
754,/u/irowerojas/localLatin/canon/CNIC.325.5/BN2123.76r.3.txt,CNIC.325.5,755,/u/irowerojas/localLatin/canon/CNIC.325.5/C1525.11v.2.txt,1189,/u/irowerojas/localLatin/canon/Can.apost.45/C1525.7v.2.txt,Can.apost.45
755,/u/irowerojas/localLatin/canon/CNIC.325.5/C1525.11v.2.txt,CNIC.325.5,754,/u/irowerojas/localLatin/canon/CNIC.325.5/BN2123.76r.3.txt,1262,/u/irowerojas/localLatin/canon/RPWO.758.14/BAVPal582.5v.8.txt,RPWO.758.14
758,/u/irowerojas/localLatin/canon/CNIC.325.6/BN2123.81r.6.txt,CNIC.325.6,760,/u/irowerojas/localLatin/canon/CNIC.325.6/Hat42.152r.1.txt,849,/u/irowerojas/localLatin/canon/CORL.511.25/BN2123.90r.7.txt,CORL.511.25
760,/u/irowerojas/localLatin/canon/CNIC.325.6/Hat42.152r.1.txt,CNIC.325.6,758,/u/irowerojas/localLatin/canon/CNIC.325.6/BN2123.81r.6.txt,855,/u/irowerojas/localLatin/canon/CORL.511.26/D1723.544.5.txt,CORL.511.26
762,/u/irowerojas/localLatin/canon/CNIC.325.7/BN2123.82r.1.txt,CNIC.325.7,764,/u/irowerojas/localLatin/canon/CNIC.325.7/Hat42.152r.2.txt,216,/u/irowerojas/localLatin/canon/CANT.328.16/Brn425.64r.3.txt,CANT.328.16
764,/u/irowerojas/localLatin/canon/CNIC.325.7/Hat42.152r.2.txt,CNIC.325.7,762,/u/irowerojas/localLatin/canon/CNIC.325.7/BN2123.82r.1.txt,511,/u/irowerojas/localLatin/canon/CGAN.355.3/Hat42.164v.2.txt,CGAN.355.3
769,/u/irowerojas/localLatin/canon/CNIC.325.9/Brn425.20r.2.txt,CNIC.325.9,772,/u/irowerojas/localLatin/canon/CNIC.325.9/Hat42.152v.1.txt,452,/u/irowerojas/localLatin/canon/CEPA.517.22/BN2123.87r.2.txt,CEPA.517.22
772,/u/irowerojas/localLatin/canon/CNIC.325.9/Hat42.152v.1.txt,CNIC.325.9,769,/u/irowerojas/localLatin/canon/CNIC.325.9/Brn425.20r.2.txt,235,/u/irowerojas/localLatin/canon/CANT.328.2/C1525.27v.1.txt,CANT.328.2
791,/u/irowerojas/localLatin/canon/CORA.441.2/BAV1341.49v.11.txt,CORA.441.2,793,/u/irowerojas/localLatin/canon/CORA.441.2/Brn425.55v.11.txt,1003,/u/irowerojas/localLatin/canon/Can.apost.11/Vat5845.7v.3.txt,Can.apost.11
793,/u/irowerojas/localLatin/canon/CORA.441.2/Brn425.55v.11.txt,CORA.441.2,791,/u/irowerojas/localLatin/canon/CORA.441.2/BAV1341.49v.11.txt,933,/u/irowerojas/localLatin/canon/CTOL.589.3/WlfH1062.7r.2.txt,CTOL.589.3
822,/u/irowerojas/localLatin/canon/CORL.511.15/BN2123.93v.7.txt,CORL.511.15,823,/u/irowerojas/localLatin/canon/CORL.511.15/Brn425.39r.3.txt,203,/u/irowerojas/localLatin/canon/CANT.328.13/Brn425.58v.1.txt,CANT.328.13
823,/u/irowerojas/localLatin/canon/CORL.511.15/Brn425.39r.3.txt,CORL.511.15,822,/u/irowerojas/localLatin/canon/CORL.511.15/BN2123.93v.7.txt,321,/u/irowerojas/localLatin/canon/CARL.314.7/Brn425.64v.2.txt,CARL.314.7
827,/u/irowerojas/localLatin/canon/CORL.511.16/Brn425.61v.2.txt,CORL.511.16,828,/u/irowerojas/localLatin/canon/CORL.511.16/D1723.560.4.txt,680,/u/irowerojas/localLatin/canon/CNIC.325.1/C1525.11r.1.txt,CNIC.325.1
828,/u/irowerojas/localLatin/canon/CORL.511.16/D1723.560.4.txt,CORL.511.16,827,/u/irowerojas/localLatin/canon/CORL.511.16/Brn425.61v.2.txt,337,/u/irowerojas/localLatin/canon/CARL.501?.2/BAV1341.46r.2.txt,CARL.501?.2
829,/u/irowerojas/localLatin/canon/CORL.511.17/BAV1341.55r.5.txt,CORL.511.17,832,/u/irowerojas/localLatin/canon/CORL.511.17/D1723.540.1.txt,334,/u/irowerojas/localLatin/canon/CARL.501?.18/Brn425.36r.2.txt,CARL.501?.18
832,/u/irowerojas/localLatin/canon/CORL.511.17/D1723.540.1.txt,CORL.511.17,829,/u/irowerojas/localLatin/canon/CORL.511.17/BAV1341.55r.5.txt,1174,/u/irowerojas/localLatin/canon/Can.apost.42/C1525.7r.4.txt,Can.apost.42
836,/u/irowerojas/localLatin/canon/CORL.511.2/BAV1341.54v.17.txt,CORL.511.2,837,/u/irowerojas/localLatin/canon/CORL.511.2/BN2123.98r.3.txt,809,/u/irowerojas/localLatin/canon/CORA.441.5/BAV1341.49v.16.txt,CORA.441.5
837,/u/irowerojas/localLatin/canon/CORL.511.2/BN2123.98r.3.txt,CORL.511.2,836,/u/irowerojas/localLatin/canon/CORL.511.2/BAV1341.54v.17.txt,564,/u/irowerojas/localLatin/canon/CLAO.300.41/BN2123.86v.5.txt,CLAO.300.41
848,/u/irowerojas/localLatin/canon/CORL.511.25/BAV1341.55r.12.txt,CORL.511.25,849,/u/irowerojas/localLatin/canon/CORL.511.25/BN2123.90r.7.txt,990,/u/irowerojas/localLatin/canon/Can.apost.1/Hat42.144r.1.txt,Can.apost.1
849,/u/irowerojas/localLatin/canon/CORL.511.25/BN2123.90r.7.txt,CORL.511.25,848,/u/irowerojas/localLatin/canon/CORL.511.25/BAV1341.55r.12.txt,800,/u/irowerojas/localLatin/canon/CORA.441.24/BN2123.78r.2.txt,CORA.441.24
854,/u/irowerojas/localLatin/canon/CORL.511.26/Brn425.43v.2.txt,CORL.511.26,855,/u/irowerojas/localLatin/canon/CORL.511.26/D1723.544.5.txt,290,/u/irowerojas/localLatin/canon/CANT.328.8/C1525.28r.5.txt,CANT.328.8
855,/u/irowerojas/localLatin/canon/CORL.511.26/D1723.544.5.txt,CORL.511.26,854,/u/irowerojas/localLatin/canon/CORL.511.26/Brn425.43v.2.txt,392,/u/irowerojas/localLatin/canon/CAUX.561.5/Kob58.36r.2.txt,CAUX.561.5
865,/u/irowerojas/localLatin/canon/CORL.511.31/BAV1341.55v.5.txt,CORL.511.31,867,/u/irowerojas/localLatin/canon/CORL.511.31/Brn425.61v.9.txt,812,/u/irowerojas/localLatin/canon/CORA.441.8/BAV1341.49v.19.txt,CORA.441.8
867,/u/irowerojas/localLatin/canon/CORL.511.31/Brn425.61v.9.txt,CORL.511.31,865,/u/irowerojas/localLatin/canon/CORL.511.31/BAV1341.55v.5.txt,61,/u/irowerojas/localLatin/canon/CANC.314.10/Brn425.23v.4.txt,CANC.314.10
990,/u/irowerojas/localLatin/canon/Can.apost.1/Hat42.144r.1.txt,Can.apost.1,992,/u/irowerojas/localLatin/canon/Can.apost.1/Vat5845.7r.4.txt,908,/u/irowerojas/localLatin/canon/CTOL.397.12/BAVPal575.4r.6.txt,CTOL.397.12
992,/u/irowerojas/localLatin/canon/Can.apost.1/Vat5845.7r.4.txt,Can.apost.1,990,/u/irowerojas/localLatin/canon/Can.apost.1/Hat42.144r.1.txt,925,/u/irowerojas/localLatin/canon/CTOL.397.8/BAVPal575.4r.2.txt,CTOL.397.8
994,/u/irowerojas/localLatin/canon/Can.apost.10/BN2123.88r.5.txt,Can.apost.10,997,/u/irowerojas/localLatin/canon/Can.apost.10/KoeD213.5v.1.txt,43,/u/irowerojas/localLatin/canon/CAGD.506.52/D1723.563.8.txt,CAGD.506.52
997,/u/irowerojas/localLatin/canon/Can.apost.10/KoeD213.5v.1.txt,Can.apost.10,998,/u/irowerojas/localLatin/canon/Can.apost.10/Vat5845.7v.2.txt,71,/u/irowerojas/localLatin/canon/CANC.314.12/C1525.20r.4.txt,CANC.314.12
998,/u/irowerojas/localLatin/canon/Can.apost.10/Vat5845.7v.2.txt,Can.apost.10,997,/u/irowerojas/localLatin/canon/Can.apost.10/KoeD213.5v.1.txt,741,/u/irowerojas/localLatin/canon/CNIC.325.22/BN2123.102r.3.txt,CNIC.325.22
999,/u/irowerojas/localLatin/canon/Can.apost.11/BAV1341.7r.5.txt,Can.apost.11,1003,/u/irowerojas/localLatin/canon/Can.apost.11/Vat5845.7v.3.txt,1133,/u/irowerojas/localLatin/canon/Can.apost.35/KoeD213.8r.1.txt,Can.apost.35
1003,/u/irowerojas/localLatin/canon/Can.apost.11/Vat5845.7v.3.txt,Can.apost.11,999,/u/irowerojas/localLatin/canon/Can.apost.11/BAV1341.7r.5.txt,880,/u/irowerojas/localLatin/canon/CORL.538.31/BN2123.90v.2.txt,CORL.538.31
1005,/u/irowerojas/localLatin/canon/Can.apost.12/C1525.5r.3.txt,Can.apost.12,1006,/u/irowerojas/localLatin/canon/Can.apost.12/Hat42.145r.2.txt,571,/u/irowerojas/localLatin/canon/CLAO.300.51/Brn425.43v.6.txt,CLAO.300.51
1006,/u/irowerojas/localLatin/canon/Can.apost.12/Hat42.145r.2.txt,Can.apost.12,1005,/u/irowerojas/localLatin/canon/Can.apost.12/C1525.5r.3.txt,50,/u/irowerojas/localLatin/canon/CAGD.506.62/Brn425.27v.3.txt,CAGD.506.62
1010,/u/irowerojas/localLatin/canon/Can.apost.13/C1525.5r.4.txt,Can.apost.13,1013,/u/irowerojas/localLatin/canon/Can.apost.13/Vat5845.7v.5.txt,450,/u/irowerojas/localLatin/canon/CEPA.517.19/BN2123.87r.1.txt,CEPA.517.19
1013,/u/irowerojas/localLatin/canon/Can.apost.13/Vat5845.7v.5.txt,Can.apost.13,1010,/u/irowerojas/localLatin/canon/Can.apost.13/C1525.5r.4.txt,564,/u/irowerojas/localLatin/canon/CLAO.300.41/BN2123.86v.5.txt,CLAO.300.41
1016,/u/irowerojas/localLatin/canon/Can.apost.14/Hat42.145r.4.txt,Can.apost.14,1017,/u/irowerojas/localLatin/canon/Can.apost.14/KoeD213.5v.5.txt,1238,/u/irowerojas/localLatin/canon/Can.apost.8/C1525.4v.6.txt,Can.apost.8
1017,/u/irowerojas/localLatin/canon/Can.apost.14/KoeD213.5v.5.txt,Can.apost.14,1016,/u/irowerojas/localLatin/canon/Can.apost.14/Hat42.145r.4.txt,574,/u/irowerojas/localLatin/canon/CLAO.300.52/D1723.525.7.txt,CLAO.300.52
1020,/u/irowerojas/localLatin/canon/Can.apost.15/C1525.5r.6.txt,Can.apost.15,1022,/u/irowerojas/localLatin/canon/Can.apost.15/KoeD213.6r.1.txt,942,/u/irowerojas/localLatin/canon/CTOL.633.53/WlfH1062.11v.1.txt,CTOL.633.53
1022,/u/irowerojas/localLatin/canon/Can.apost.15/KoeD213.6r.1.txt,Can.apost.15,1020,/u/irowerojas/localLatin/canon/Can.apost.15/C1525.5r.6.txt,899,/u/irowerojas/localLatin/canon/CRIZ.439.5/BAV1341.49r.2.txt,CRIZ.439.5
1027,/u/irowerojas/localLatin/canon/Can.apost.16/KoeD213.6r.2.txt,Can.apost.16,1028,/u/irowerojas/localLatin/canon/Can.apost.16/Vat5845.8r.1.txt,1013,/u/irowerojas/localLatin/canon/Can.apost.13/Vat5845.7v.5.txt,Can.apost.13
1028,/u/irowerojas/localLatin/canon/Can.apost.16/Vat5845.8r.1.txt,Can.apost.16,1027,/u/irowerojas/localLatin/canon/Can.apost.16/KoeD213.6r.2.txt,1092,/u/irowerojas/localLatin/canon/Can.apost.28/Hat42.146v.3.txt,Can.apost.28
1029,/u/irowerojas/localLatin/canon/Can.apost.17/BAV1341.7r.11.txt,Can.apost.17,1033,/u/irowerojas/localLatin/canon/Can.apost.17/Vat5845.8r.2.txt,389,/u/irowerojas/localLatin/canon/CAUX.561.41/Kob58.41v.2.txt,CAUX.561.41
1033,/u/irowerojas/localLatin/canon/Can.apost.17/Vat5845.8r.2.txt,Can.apost.17,1029,/u/irowerojas/localLatin/canon/Can.apost.17/BAV1341.7r.11.txt,96,/u/irowerojas/localLatin/canon/CANC.314.17/BAV1341.12r.4.txt,CANC.314.17
1036,/u/irowerojas/localLatin/canon/Can.apost.18/Hat42.145v.4.txt,Can.apost.18,1037,/u/irowerojas/localLatin/canon/Can.apost.18/KoeD213.6v.1.txt,1003,/u/irowerojas/localLatin/canon/Can.apost.11/Vat5845.7v.3.txt,Can.apost.11
1037,/u/irowerojas/localLatin/canon/Can.apost.18/KoeD213.6v.1.txt,Can.apost.18,1036,/u/irowerojas/localLatin/canon/Can.apost.18/Hat42.145v.4.txt,35,/u/irowerojas/localLatin/canon/CAGD.506.45/Brn425.42v.1.txt,CAGD.506.45
1040,/u/irowerojas/localLatin/canon/Can.apost.19/C1525.5v.3.txt,Can.apost.19,1041,/u/irowerojas/localLatin/canon/Can.apost.19/Hat42.146r.1.txt,355,/u/irowerojas/localLatin/canon/CARL.501?.55/BN2123.85v.6.txt,CARL.501?.55
1041,/u/irowerojas/localLatin/canon/Can.apost.19/Hat42.146r.1.txt,Can.apost.19,1040,/u/irowerojas/localLatin/canon/Can.apost.19/C1525.5v.3.txt,439,/u/irowerojas/localLatin/canon/CCHA.451.8/D1723.524.11.txt,CCHA.451.8
1045,/u/irowerojas/localLatin/canon/Can.apost.2/C1525.4r.24.txt,Can.apost.2,1048,/u/irowerojas/localLatin/canon/Can.apost.2/Vat5845.7r.5.txt,330,/u/irowerojas/localLatin/canon/CARL.501?.15/BAV1341.46v.1.txt,CARL.501?.15
1048,/u/irowerojas/localLatin/canon/Can.apost.2/Vat5845.7r.5.txt,Can.apost.2,1045,/u/irowerojas/localLatin/canon/Can.apost.2/C1525.4r.24.txt,936,/u/irowerojas/localLatin/canon/CTOL.633.32/WlfH1062.10r.2.txt,CTOL.633.32
1050,/u/irowerojas/localLatin/canon/Can.apost.20/C1525.5v.4.txt,Can.apost.20,1053,/u/irowerojas/localLatin/canon/Can.apost.20/Vat5845.8r.5.txt,89,/u/irowerojas/localLatin/canon/CANC.314.16/BAV1341.12r.3.txt,CANC.314.16
1053,/u/irowerojas/localLatin/canon/Can.apost.20/Vat5845.8r.5.txt,Can.apost.20,1050,/u/irowerojas/localLatin/canon/Can.apost.20/C1525.5v.4.txt,755,/u/irowerojas/localLatin/canon/CNIC.325.5/C1525.11v.2.txt,CNIC.325.5
1056,/u/irowerojas/localLatin/canon/Can.apost.21/C1525.5v.5.txt,Can.apost.21,1059,/u/irowerojas/localLatin/canon/Can.apost.21/Vat5845.8r.6.txt,203,/u/irowerojas/localLatin/canon/CANT.328.13/Brn425.58v.1.txt,CANT.328.13
1058,/u/irowerojas/localLatin/canon/Can.apost.21/KoeD213.6v.4.txt,Can.apost.21,1059,/u/irowerojas/localLatin/canon/Can.apost.21/Vat5845.8r.6.txt,70,/u/irowerojas/localLatin/canon/CANC.314.12/BAV1341.11v.8.txt,CANC.314.12
1059,/u/irowerojas/localLatin/canon/Can.apost.21/Vat5845.8r.6.txt,Can.apost.21,1058,/u/irowerojas/localLatin/canon/Can.apost.21/KoeD213.6v.4.txt,704,/u/irowerojas/localLatin/canon/CNIC.325.14/C1525.12v.4.txt,CNIC.325.14
1060,/u/irowerojas/localLatin/canon/Can.apost.22/BAV1341.7r.16.txt,Can.apost.22,1063,/u/irowerojas/localLatin/canon/Can.apost.22/KoeD213.6v.5.txt,969,/u/irowerojas/localLatin/canon/CVAI.442.4/BAV1341.50v.4.txt,CVAI.442.4
1063,/u/irowerojas/localLatin/canon/Can.apost.22/KoeD213.6v.5.txt,Can.apost.22,1060,/u/irowerojas/localLatin/canon/Can.apost.22/BAV1341.7r.16.txt,607,/u/irowerojas/localLatin/canon/CNEO.315.1/KoeD213.25v.1.txt,CNEO.315.1
1065,/u/irowerojas/localLatin/canon/Can.apost.23/BAV1341.7r.17.txt,Can.apost.23,1069,/u/irowerojas/localLatin/canon/Can.apost.23/Vat5845.8r.8.txt,373,/u/irowerojas/localLatin/canon/CAUX.561.23/Kob58.39v.2.txt,CAUX.561.23
1069,/u/irowerojas/localLatin/canon/Can.apost.23/Vat5845.8r.8.txt,Can.apost.23,1065,/u/irowerojas/localLatin/canon/Can.apost.23/BAV1341.7r.17.txt,1232,/u/irowerojas/localLatin/canon/Can.apost.7/BN2123.87v.4.txt,Can.apost.7
1072,/u/irowerojas/localLatin/canon/Can.apost.24/Hat42.146r.6.txt,Can.apost.24,1073,/u/irowerojas/localLatin/canon/Can.apost.24/KoeD213.6v.7.txt,203,/u/irowerojas/localLatin/canon/CANT.328.13/Brn425.58v.1.txt,CANT.328.13
1073,/u/irowerojas/localLatin/canon/Can.apost.24/KoeD213.6v.7.txt,Can.apost.24,1072,/u/irowerojas/localLatin/canon/Can.apost.24/Hat42.146r.6.txt,244,/u/irowerojas/localLatin/canon/CANT.328.21/Brn425.59r.1.txt,CANT.328.21
1075,/u/irowerojas/localLatin/canon/Can.apost.25/BAV1341.7r.19.txt,Can.apost.25,1078,/u/irowerojas/localLatin/canon/Can.apost.25/KoeD213.6v.8.txt,387,/u/irowerojas/localLatin/canon/CAUX.561.4/Kob58.36r.1.txt,CAUX.561.4
1078,/u/irowerojas/localLatin/canon/Can.apost.25/KoeD213.6v.8.txt,Can.apost.25,1075,/u/irowerojas/localLatin/canon/Can.apost.25/BAV1341.7r.19.txt,507,/u/irowerojas/localLatin/canon/CGAN.355.20/C1525.26r.3.txt,CGAN.355.20
1082,/u/irowerojas/localLatin/canon/Can.apost.26/Hat42.146v.1.txt,Can.apost.26,1083,/u/irowerojas/localLatin/canon/Can.apost.26/KoeD213.7r.1.txt,334,/u/irowerojas/localLatin/canon/CARL.501?.18/Brn425.36r.2.txt,CARL.501?.18
1083,/u/irowerojas/localLatin/canon/Can.apost.26/KoeD213.7r.1.txt,Can.apost.26,1082,/u/irowerojas/localLatin/canon/Can.apost.26/Hat42.146v.1.txt,515,/u/irowerojas/localLatin/canon/CGAN.355.4/D1723.557.3.txt,CGAN.355.4
1087,/u/irowerojas/localLatin/canon/Can.apost.27/Hat42.146v.2.txt,Can.apost.27,1088,/u/irowerojas/localLatin/canon/Can.apost.27/KoeD213.7r.2.txt,651,/u/irowerojas/localLatin/canon/CNEO.315.3/KoeD213.25v.3.txt,CNEO.315.3
1088,/u/irowerojas/localLatin/canon/Can.apost.27/KoeD213.7r.2.txt,Can.apost.27,1087,/u/irowerojas/localLatin/canon/Can.apost.27/Hat42.146v.2.txt,274,/u/irowerojas/localLatin/canon/CANT.328.5/BAV1341.17r.3.txt,CANT.328.5
1090,/u/irowerojas/localLatin/canon/Can.apost.28/BAV1341.7r.22.txt,Can.apost.28,1092,/u/irowerojas/localLatin/canon/Can.apost.28/Hat42.146v.3.txt,36,/u/irowerojas/localLatin/canon/CAGD.506.46/Brn425.42v.2.txt,CAGD.506.46
1092,/u/irowerojas/localLatin/canon/Can.apost.28/Hat42.146v.3.txt,Can.apost.28,1090,/u/irowerojas/localLatin/canon/Can.apost.28/BAV1341.7r.22.txt,1141,/u/irowerojas/localLatin/canon/Can.apost.37/BN2123.84v.8.txt,Can.apost.37
1096,/u/irowerojas/localLatin/canon/Can.apost.29/C1525.6r.4.txt,Can.apost.29,1098,/u/irowerojas/localLatin/canon/Can.apost.29/KoeD213.7r.4.txt,1148,/u/irowerojas/localLatin/canon/Can.apost.38/Hat42.147v.3.txt,Can.apost.38
1098,/u/irowerojas/localLatin/canon/Can.apost.29/KoeD213.7r.4.txt,Can.apost.29,1096,/u/irowerojas/localLatin/canon/Can.apost.29/C1525.6r.4.txt,651,/u/irowerojas/localLatin/canon/CNEO.315.3/KoeD213.25v.3.txt,CNEO.315.3
1101,/u/irowerojas/localLatin/canon/Can.apost.3/C1525.4v.1.txt,Can.apost.3,1104,/u/irowerojas/localLatin/canon/Can.apost.3/Vat5845.7r.6.txt,1263,/u/irowerojas/localLatin/canon/RPWO.758.15/BAVPal582.5v.9.txt,RPWO.758.15
1104,/u/irowerojas/localLatin/canon/Can.apost.3/Vat5845.7r.6.txt,Can.apost.3,1101,/u/irowerojas/localLatin/canon/Can.apost.3/C1525.4v.1.txt,580,/u/irowerojas/localLatin/canon/CLAO.300.6/Brn425.19r.2.txt,CLAO.300.6
1105,/u/irowerojas/localLatin/canon/Can.apost.30/BAV1341.7r.24.txt,Can.apost.30,1109,/u/irowerojas/localLatin/canon/Can.apost.30/Vat5845.8v.7.txt,325,/u/irowerojas/localLatin/canon/CARL.501?.10/BAV1341.46r.10.txt,CARL.501?.10
1109,/u/irowerojas/localLatin/canon/Can.apost.30/Vat5845.8v.7.txt,Can.apost.30,1105,/u/irowerojas/localLatin/canon/Can.apost.30/BAV1341.7r.24.txt,956,/u/irowerojas/localLatin/canon/CTUR.439.3/BAV1341.48r.1.txt,CTUR.439.3
1111,/u/irowerojas/localLatin/canon/Can.apost.31/C1525.6r.6.txt,Can.apost.31,1114,/u/irowerojas/localLatin/canon/Can.apost.31/Vat5845.8v.8.txt,787,/u/irowerojas/localLatin/canon/CORA.441.16/BAV1341.50r.1.txt,CORA.441.16
1114,/u/irowerojas/localLatin/canon/Can.apost.31/Vat5845.8v.8.txt,Can.apost.31,1111,/u/irowerojas/localLatin/canon/Can.apost.31/C1525.6r.6.txt,216,/u/irowerojas/localLatin/canon/CANT.328.16/Brn425.64r.3.txt,CANT.328.16
1116,/u/irowerojas/localLatin/canon/Can.apost.32/C1525.6r.7.txt,Can.apost.32,1119,/u/irowerojas/localLatin/canon/Can.apost.32/Vat5845.9r.1.txt,801,/u/irowerojas/localLatin/canon/CORA.441.25/BAV1341.50r.10.txt,CORA.441.25
1119,/u/irowerojas/localLatin/canon/Can.apost.32/Vat5845.9r.1.txt,Can.apost.32,1116,/u/irowerojas/localLatin/canon/Can.apost.32/C1525.6r.7.txt,489,/u/irowerojas/localLatin/canon/CGAN.355.15/KoeD213.30r.6.txt,CGAN.355.15
1120,/u/irowerojas/localLatin/canon/Can.apost.33/BAV1341.7v.3.txt,Can.apost.33,1123,/u/irowerojas/localLatin/canon/Can.apost.33/KoeD213.7v.3.txt,361,/u/irowerojas/localLatin/canon/CAUX.561.10/Kob58.37r.2.txt,CAUX.561.10
1123,/u/irowerojas/localLatin/canon/Can.apost.33/KoeD213.7v.3.txt,Can.apost.33,1120,/u/irowerojas/localLatin/canon/Can.apost.33/BAV1341.7v.3.txt,75,/u/irowerojas/localLatin/canon/CANC.314.13/BN2123.101v.8.txt,CANC.314.13
1126,/u/irowerojas/localLatin/canon/Can.apost.34/C1525.6v.2.txt,Can.apost.34,1128,/u/irowerojas/localLatin/canon/Can.apost.34/KoeD213.7v.4.txt,936,/u/irowerojas/localLatin/canon/CTOL.633.32/WlfH1062.10r.2.txt,CTOL.633.32
1128,/u/irowerojas/localLatin/canon/Can.apost.34/KoeD213.7v.4.txt,Can.apost.34,1126,/u/irowerojas/localLatin/canon/Can.apost.34/C1525.6v.2.txt,1065,/u/irowerojas/localLatin/canon/Can.apost.23/BAV1341.7r.17.txt,Can.apost.23
1131,/u/irowerojas/localLatin/canon/Can.apost.35/C1525.6v.3.txt,Can.apost.35,1133,/u/irowerojas/localLatin/canon/Can.apost.35/KoeD213.8r.1.txt,823,/u/irowerojas/localLatin/canon/CORL.511.15/Brn425.39r.3.txt,CORL.511.15
1133,/u/irowerojas/localLatin/canon/Can.apost.35/KoeD213.8r.1.txt,Can.apost.35,1131,/u/irowerojas/localLatin/canon/Can.apost.35/C1525.6v.3.txt,1036,/u/irowerojas/localLatin/canon/Can.apost.18/Hat42.145v.4.txt,Can.apost.18
1136,/u/irowerojas/localLatin/canon/Can.apost.36/C1525.6v.4.txt,Can.apost.36,1138,/u/irowerojas/localLatin/canon/Can.apost.36/KoeD213.8r.2.txt,990,/u/irowerojas/localLatin/canon/Can.apost.1/Hat42.144r.1.txt,Can.apost.1
1138,/u/irowerojas/localLatin/canon/Can.apost.36/KoeD213.8r.2.txt,Can.apost.36,1136,/u/irowerojas/localLatin/canon/Can.apost.36/C1525.6v.4.txt,68,/u/irowerojas/localLatin/canon/CANC.314.11/Hat42.158r.2.txt,CANC.314.11
1141,/u/irowerojas/localLatin/canon/Can.apost.37/BN2123.84v.8.txt,Can.apost.37,1143,/u/irowerojas/localLatin/canon/Can.apost.37/Hat42.147v.2.txt,39,/u/irowerojas/localLatin/canon/CAGD.506.50 (addit.)/WlfH1062.15v.1.txt,CAGD.506.50 (addit.)
1143,/u/irowerojas/localLatin/canon/Can.apost.37/Hat42.147v.2.txt,Can.apost.37,1141,/u/irowerojas/localLatin/canon/Can.apost.37/BN2123.84v.8.txt,1003,/u/irowerojas/localLatin/canon/Can.apost.11/Vat5845.7v.3.txt,Can.apost.11
1144,/u/irowerojas/localLatin/canon/Can.apost.37/KoeD213.8r.3.txt,Can.apost.37,1143,/u/irowerojas/localLatin/canon/Can.apost.37/Hat42.147v.2.txt,811,/u/irowerojas/localLatin/canon/CORA.441.7/BAV1341.49v.18.txt,CORA.441.7
1147,/u/irowerojas/localLatin/canon/Can.apost.38/C1525.6v.6.txt,Can.apost.38,1148,/u/irowerojas/localLatin/canon/Can.apost.38/Hat42.147v.3.txt,926,/u/irowerojas/localLatin/canon/CTOL.397.9/BAVPal575.4r.3.txt,CTOL.397.9
1148,/u/irowerojas/localLatin/canon/Can.apost.38/Hat42.147v.3.txt,Can.apost.38,1147,/u/irowerojas/localLatin/canon/Can.apost.38/C1525.6v.6.txt,307,/u/irowerojas/localLatin/canon/CARL.314.16/BAV1341.45v.4.txt,CARL.314.16
1154,/u/irowerojas/localLatin/canon/Can.apost.39/KoeD213.8v.2.txt,Can.apost.39,1155,/u/irowerojas/localLatin/canon/Can.apost.39/Vat5845.9v.2.txt,184,/u/irowerojas/localLatin/canon/CANT.328.1/BAV1341.16v.26.txt,CANT.328.1
1155,/u/irowerojas/localLatin/canon/Can.apost.39/Vat5845.9v.2.txt,Can.apost.39,1154,/u/irowerojas/localLatin/canon/Can.apost.39/KoeD213.8v.2.txt,716,/u/irowerojas/localLatin/canon/CNIC.325.17/BN2123.86r.1.txt,CNIC.325.17
1158,/u/irowerojas/localLatin/canon/Can.apost.4/Hat42.144r.4.txt,Can.apost.4,1159,/u/irowerojas/localLatin/canon/Can.apost.4/KoeD213.4v.7.txt,103,/u/irowerojas/localLatin/canon/CANC.314.18/D1723.547.5.txt,CANC.314.18
1159,/u/irowerojas/localLatin/canon/Can.apost.4/KoeD213.4v.7.txt,Can.apost.4,1158,/u/irowerojas/localLatin/canon/Can.apost.4/Hat42.144r.4.txt,1162,/u/irowerojas/localLatin/canon/Can.apost.40/C1525.7r.2.txt,Can.apost.40
1162,/u/irowerojas/localLatin/canon/Can.apost.40/C1525.7r.2.txt,Can.apost.40,1165,/u/irowerojas/localLatin/canon/Can.apost.40/Vat5845.9v.3.txt,386,/u/irowerojas/localLatin/canon/CAUX.561.38/Kob58.41r.4.txt,CAUX.561.38
1165,/u/irowerojas/localLatin/canon/Can.apost.40/Vat5845.9v.3.txt,Can.apost.40,1162,/u/irowerojas/localLatin/canon/Can.apost.40/C1525.7r.2.txt,268,/u/irowerojas/localLatin/canon/CANT.328.3/Hat42.168v.1.txt,CANT.328.3
1168,/u/irowerojas/localLatin/canon/Can.apost.41/Hat42.148r.3.txt,Can.apost.41,1171,/u/irowerojas/localLatin/canon/Can.apost.41/Vat5845.9v.4.txt,631,/u/irowerojas/localLatin/canon/CNEO.315.13/Hat42.161v.4.txt,CNEO.315.13
1170,/u/irowerojas/localLatin/canon/Can.apost.41/KoeD213.9v.1.txt,Can.apost.41,1171,/u/irowerojas/localLatin/canon/Can.apost.41/Vat5845.9v.4.txt,691,/u/irowerojas/localLatin/canon/CNIC.325.11/KoeD213.13v.3.txt,CNIC.325.11
1171,/u/irowerojas/localLatin/canon/Can.apost.41/Vat5845.9v.4.txt,Can.apost.41,1168,/u/irowerojas/localLatin/canon/Can.apost.41/Hat42.148r.3.txt,106,/u/irowerojas/localLatin/canon/CANC.314.19/BAV1341.12r.6.txt,CANC.314.19
1174,/u/irowerojas/localLatin/canon/Can.apost.42/C1525.7r.4.txt,Can.apost.42,1175,/u/irowerojas/localLatin/canon/Can.apost.42/Hat42.148v.1.txt,888,/u/irowerojas/localLatin/canon/CORL.541.19/BN2123.94v.3.txt,CORL.541.19
1175,/u/irowerojas/localLatin/canon/Can.apost.42/Hat42.148v.1.txt,Can.apost.42,1174,/u/irowerojas/localLatin/canon/Can.apost.42/C1525.7r.4.txt,535,/u/irowerojas/localLatin/canon/CGAN.355.8/Hat42.165r.1.txt,CGAN.355.8
1177,/u/irowerojas/localLatin/canon/Can.apost.42/Vat5845.10r.1.txt,Can.apost.42,1174,/u/irowerojas/localLatin/canon/Can.apost.42/C1525.7r.4.txt,1148,/u/irowerojas/localLatin/canon/Can.apost.38/Hat42.147v.3.txt,Can.apost.38
1178,/u/irowerojas/localLatin/canon/Can.apost.43/BAV1341.7v.13.txt,Can.apost.43,1181,/u/irowerojas/localLatin/canon/Can.apost.43/KoeD213.9v.3.txt,1256,/u/irowerojas/localLatin/canon/RPWO.758.1/BAVPal582.5r.1.txt,RPWO.758.1
1181,/u/irowerojas/localLatin/canon/Can.apost.43/KoeD213.9v.3.txt,Can.apost.43,1178,/u/irowerojas/localLatin/canon/Can.apost.43/BAV1341.7v.13.txt,8,/u/irowerojas/localLatin/canon/CAGD.506.21/BN2123.92r.1.txt,CAGD.506.21
1185,/u/irowerojas/localLatin/canon/Can.apost.44/Hat42.148v.3.txt,Can.apost.44,1186,/u/irowerojas/localLatin/canon/Can.apost.44/KoeD213.9v.4.txt,213,/u/irowerojas/localLatin/canon/CANT.328.15/D1723.537.8.txt,CANT.328.15
1186,/u/irowerojas/localLatin/canon/Can.apost.44/KoeD213.9v.4.txt,Can.apost.44,1185,/u/irowerojas/localLatin/canon/Can.apost.44/Hat42.148v.3.txt,393,/u/irowerojas/localLatin/canon/CAUX.561.6/Kob58.36r.3.txt,CAUX.561.6
1189,/u/irowerojas/localLatin/canon/Can.apost.45/C1525.7v.2.txt,Can.apost.45,1191,/u/irowerojas/localLatin/canon/Can.apost.45/KoeD213.9v.5.txt,707,/u/irowerojas/localLatin/canon/CNIC.325.15/C1525.13r.1.txt,CNIC.325.15
1191,/u/irowerojas/localLatin/canon/Can.apost.45/KoeD213.9v.5.txt,Can.apost.45,1189,/u/irowerojas/localLatin/canon/Can.apost.45/C1525.7v.2.txt,93,/u/irowerojas/localLatin/canon/CANC.314.16/D1723.525.3.txt,CANC.314.16
1195,/u/irowerojas/localLatin/canon/Can.apost.46/Hat42.148v.5.txt,Can.apost.46,1197,/u/irowerojas/localLatin/canon/Can.apost.46/Vat5845.10r.5.txt,548,/u/irowerojas/localLatin/canon/CLAO.300.13/D1723.557.6.txt,CLAO.300.13
1197,/u/irowerojas/localLatin/canon/Can.apost.46/Vat5845.10r.5.txt,Can.apost.46,1195,/u/irowerojas/localLatin/canon/Can.apost.46/Hat42.148v.5.txt,751,/u/irowerojas/localLatin/canon/CNIC.325.4/D1723.557.9.txt,CNIC.325.4
1198,/u/irowerojas/localLatin/canon/Can.apost.47/BAV1341.7v.17.txt,Can.apost.47,1202,/u/irowerojas/localLatin/canon/Can.apost.47/Vat5845.10r.6.txt,1275,/u/irowerojas/localLatin/canon/RPWO.758.7/BAVPal582.5v.1.txt,RPWO.758.7
1202,/u/irowerojas/localLatin/canon/Can.apost.47/Vat5845.10r.6.txt,Can.apost.47,1198,/u/irowerojas/localLatin/canon/Can.apost.47/BAV1341.7v.17.txt,222,/u/irowerojas/localLatin/canon/CANT.328.17/C1525.29v.1.txt,CANT.328.17
1203,/u/irowerojas/localLatin/canon/Can.apost.48/BAV1341.7v.18.txt,Can.apost.48,1208,/u/irowerojas/localLatin/canon/Can.apost.48/Vat5845.10r.7.txt,255,/u/irowerojas/localLatin/canon/CANT.328.23/Hat42.172v.2.txt,CANT.328.23
1204,/u/irowerojas/localLatin/canon/Can.apost.48/BN2123.89r.5.txt,Can.apost.48,1203,/u/irowerojas/localLatin/canon/Can.apost.48/BAV1341.7v.18.txt,1228,/u/irowerojas/localLatin/canon/Can.apost.6/Hat42.144v.1.txt,Can.apost.6
1208,/u/irowerojas/localLatin/canon/Can.apost.48/Vat5845.10r.7.txt,Can.apost.48,1204,/u/irowerojas/localLatin/canon/Can.apost.48/BN2123.89r.5.txt,699,/u/irowerojas/localLatin/canon/CNIC.325.13/Brn425.15v.4.txt,CNIC.325.13
1211,/u/irowerojas/localLatin/canon/Can.apost.49/C1525.7v.6.txt,Can.apost.49,1213,/u/irowerojas/localLatin/canon/Can.apost.49/KoeD213.10r.2.txt,932,/u/irowerojas/localLatin/canon/CTOL.589.0 Conc. Toletana III; anno 589; PL 84 col. 384-386; combined canons?/WlfH1062.7r.1.txt,CTOL.589.0 Conc. Toletana III; anno 589; PL 84 col. 384-386; combined canons?
1213,/u/irowerojas/localLatin/canon/Can.apost.49/KoeD213.10r.2.txt,Can.apost.49,1211,/u/irowerojas/localLatin/canon/Can.apost.49/C1525.7v.6.txt,270,/u/irowerojas/localLatin/canon/CANT.328.4/Brn425.34v.4.txt,CANT.328.4
1214,/u/irowerojas/localLatin/canon/Can.apost.49/Vat5845.10v.1.txt,Can.apost.49,1211,/u/irowerojas/localLatin/canon/Can.apost.49/C1525.7v.6.txt,115,/u/irowerojas/localLatin/canon/CANC.314.2/KoeD213.20r.2.txt,CANC.314.2
1217,/u/irowerojas/localLatin/canon/Can.apost.5/Hat42.144r.5.txt,Can.apost.5,1219,/u/irowerojas/localLatin/canon/Can.apost.5/Vat5845.7r.8.txt,1273,/u/irowerojas/localLatin/canon/RPWO.758.5/BAVPal582.5r.6.txt,RPWO.758.5
1219,/u/irowerojas/localLatin/canon/Can.apost.5/Vat5845.7r.8.txt,Can.apost.5,1217,/u/irowerojas/localLatin/canon/Can.apost.5/Hat42.144r.5.txt,1005,/u/irowerojas/localLatin/canon/Can.apost.12/C1525.5r.3.txt,Can.apost.12
1222,/u/irowerojas/localLatin/canon/Can.apost.50/Hat42.149r.4.txt,Can.apost.50,1223,/u/irowerojas/localLatin/canon/Can.apost.50/KoeD213.10r.3.txt,196,/u/irowerojas/localLatin/canon/CANT.328.11/Hat42.170r.1.txt,CANT.328.11
1223,/u/irowerojas/localLatin/canon/Can.apost.50/KoeD213.10r.3.txt,Can.apost.50,1222,/u/irowerojas/localLatin/canon/Can.apost.50/Hat42.149r.4.txt,251,/u/irowerojas/localLatin/canon/CANT.328.22/D1723.558.6.txt,CANT.328.22
1225,/u/irowerojas/localLatin/canon/Can.apost.6/BAV1341.6v.56.txt,Can.apost.6,1228,/u/irowerojas/localLatin/canon/Can.apost.6/Hat42.144v.1.txt,1217,/u/irowerojas/localLatin/canon/Can.apost.5/Hat42.144r.5.txt,Can.apost.5
1226,/u/irowerojas/localLatin/canon/Can.apost.6/BN2123.96v.14.txt,Can.apost.6,1228,/u/irowerojas/localLatin/canon/Can.apost.6/Hat42.144v.1.txt,465,/u/irowerojas/localLatin/canon/CEPA.517.9; anno 517/WlfH1062.4r.1.txt,CEPA.517.9; anno 517
1228,/u/irowerojas/localLatin/canon/Can.apost.6/Hat42.144v.1.txt,Can.apost.6,1225,/u/irowerojas/localLatin/canon/Can.apost.6/BAV1341.6v.56.txt,554,/u/irowerojas/localLatin/canon/CLAO.300.23/Brn425.55r.4.txt,CLAO.300.23
1231,/u/irowerojas/localLatin/canon/Can.apost.7/BAV1341.7r.1.txt,Can.apost.7,1232,/u/irowerojas/localLatin/canon/Can.apost.7/BN2123.87v.4.txt,892,/u/irowerojas/localLatin/canon/CORL.549.19/WlfH1062.5r.1.txt,CORL.549.19
1232,/u/irowerojas/localLatin/canon/Can.apost.7/BN2123.87v.4.txt,Can.apost.7,1231,/u/irowerojas/localLatin/canon/Can.apost.7/BAV1341.7r.1.txt,491,/u/irowerojas/localLatin/canon/CGAN.355.16/Hat42.165v.4.txt,CGAN.355.16
1234,/u/irowerojas/localLatin/canon/Can.apost.7/Hat42.144v.2.txt,Can.apost.7,1231,/u/irowerojas/localLatin/canon/Can.apost.7/BAV1341.7r.1.txt,151,/u/irowerojas/localLatin/canon/CANC.314.3/BAV1341.11r.11.txt,CANC.314.3
1238,/u/irowerojas/localLatin/canon/Can.apost.8/C1525.4v.6.txt,Can.apost.8,1241,/u/irowerojas/localLatin/canon/Can.apost.8/Vat5845.7r.11.txt,324,/u/irowerojas/localLatin/canon/CARL.501?.1/BAV1341.46r.1.txt,CARL.501?.1
1241,/u/irowerojas/localLatin/canon/Can.apost.8/Vat5845.7r.11.txt,Can.apost.8,1238,/u/irowerojas/localLatin/canon/Can.apost.8/C1525.4v.6.txt,877,/u/irowerojas/localLatin/canon/CORL.538.2/BN2123.87r.5.txt,CORL.538.2
1243,/u/irowerojas/localLatin/canon/Can.apost.9/C1525.4v.7.txt,Can.apost.9,1245,/u/irowerojas/localLatin/canon/Can.apost.9/KoeD213.5r.5.txt,173,/u/irowerojas/localLatin/canon/CANC.314.7/KoeD213.22r.1.txt,CANC.314.7
1245,/u/irowerojas/localLatin/canon/Can.apost.9/KoeD213.5r.5.txt,Can.apost.9,1243,/u/irowerojas/localLatin/canon/Can.apost.9/C1525.4v.7.txt,575,/u/irowerojas/localLatin/canon/CLAO.300.53/Brn425.21v.6.txt,CLAO.300.53
