model,layer,aucroc__abtt_optimal,aucroc__baseline,gap__abtt_optimal,gap__baseline,model_display
sentence-transformers/LaBSE,1,0.9767213156898094,0.805692182786087,0.5196645185351372,0.0599545836448669,LaBSE
sentence-transformers/LaBSE,2,0.9787282914364762,0.833455088252939,0.5313990900758654,0.0374430418014526,LaBSE
sentence-transformers/LaBSE,3,0.9776056259791628,0.853328462344226,0.542699150275439,0.0624010562896728,LaBSE
sentence-transformers/LaBSE,4,0.9766282070595512,0.8620640942275978,0.5248695991467685,0.0733954310417175,LaBSE
sentence-transformers/LaBSE,5,0.9677035878322064,0.8642593625118262,0.5006135256844573,0.0660414695739746,LaBSE
sentence-transformers/LaBSE,6,0.9758555091922614,0.8936213855050548,0.5320857402693946,0.0779857635498046,LaBSE
sentence-transformers/LaBSE,7,0.9749244731717234,0.8870614347646352,0.5235368218709482,0.0882545113563537,LaBSE
sentence-transformers/LaBSE,8,0.9745040924371912,0.8790038379460586,0.5224481092009228,0.0798449516296386,LaBSE
sentence-transformers/LaBSE,9,0.9787692393038164,0.9160517774674756,0.5649100666341837,0.0902996659278869,LaBSE
sentence-transformers/LaBSE,10,0.9818649606987324,0.9343121721873636,0.5856027237605304,0.1028808951377868,LaBSE
sentence-transformers/LaBSE,11,0.9866048454738656,0.95992566430761,0.6106886176276021,0.0607584118843078,LaBSE
sentence-transformers/LaBSE,12,0.981195229027666,0.956210413290418,0.5922473012469709,0.1832662224769592,LaBSE
Qwen/Qwen3-Embedding-0.6B,1,0.9779731442877232,0.8577684855851347,0.5642468319856562,0.032669186592102,Qwen3-0.6B
Qwen/Qwen3-Embedding-0.6B,2,0.9725992920873454,0.8633010919083888,0.5527527658268809,0.0239444971084594,Qwen3-0.6B
Qwen/Qwen3-Embedding-0.6B,3,0.9802378040767694,0.8624137761241953,0.5556243328028359,0.0369998812675476,Qwen3-0.6B
Qwen/Qwen3-Embedding-0.6B,4,0.9855854136218224,0.8601710621613492,0.5466596759506501,0.0360112190246582,Qwen3-0.6B
Qwen/Qwen3-Embedding-0.6B,5,0.9811533760835528,0.860876276955906,0.544950742070796,0.0300270915031433,Qwen3-0.6B
Qwen/Qwen3-Embedding-0.6B,6,0.9828674269323748,0.8667113206253119,0.5452347037498839,0.0345253944396972,Qwen3-0.6B
Qwen/Qwen3-Embedding-0.6B,7,0.9798114809189796,0.8756396492960979,0.5440239684539847,0.0325039029121398,Qwen3-0.6B
Qwen/Qwen3-Embedding-0.6B,8,0.9722427009809368,0.8823641114533114,0.5324328638380393,0.0371453166007995,Qwen3-0.6B
Qwen/Qwen3-Embedding-0.6B,9,0.9767460910236988,0.8805952051811788,0.5316172309248941,0.033703863620758,Qwen3-0.6B
Qwen/Qwen3-Embedding-0.6B,10,0.9764427463152268,0.8866936513325755,0.5292853071805439,0.0310989618301391,Qwen3-0.6B
Qwen/Qwen3-Embedding-0.6B,11,0.9765289320223896,0.8945772837102837,0.5300599948568561,0.0301707983016967,Qwen3-0.6B
Qwen/Qwen3-Embedding-0.6B,12,0.9732112405488728,0.901498243520249,0.5300871892031864,0.0267403721809387,Qwen3-0.6B
Qwen/Qwen3-Embedding-0.6B,13,0.9739644358401408,0.9069107328995388,0.5234589127358049,0.0258728861808776,Qwen3-0.6B
Qwen/Qwen3-Embedding-0.6B,14,0.9739937891254862,0.9050135914190528,0.5185860456258524,0.0240241289138793,Qwen3-0.6B
Qwen/Qwen3-Embedding-0.6B,15,0.9710858140223017,0.90066023613581,0.5141841875883983,0.0223162770271301,Qwen3-0.6B
Qwen/Qwen3-Embedding-0.6B,16,0.9754652679713828,0.9101471297373432,0.5089684339764062,0.0261671543121337,Qwen3-0.6B
Qwen/Qwen3-Embedding-0.6B,17,0.9788107745568402,0.9156464493481646,0.5210977550887037,0.0321201086044311,Qwen3-0.6B
Qwen/Qwen3-Embedding-0.6B,18,0.9827782631569412,0.933482829313144,0.5373030730115715,0.0324695706367492,Qwen3-0.6B
Qwen/Qwen3-Embedding-0.6B,19,0.9799282929613936,0.9358559543254744,0.5409493747283705,0.0348482728004455,Qwen3-0.6B
Qwen/Qwen3-Embedding-0.6B,20,0.9816489056168204,0.942896930515318,0.558841998281423,0.0406078696250915,Qwen3-0.6B
Qwen/Qwen3-Embedding-0.6B,21,0.9822836112738778,0.9529046363755328,0.5621348755958024,0.0467342734336853,Qwen3-0.6B
Qwen/Qwen3-Embedding-0.6B,22,0.9829249953004574,0.963465211582357,0.5827102218026994,0.0441540479660034,Qwen3-0.6B
Qwen/Qwen3-Embedding-0.6B,23,0.9835611728500444,0.9605027833122054,0.5776460611086804,0.0376011133193969,Qwen3-0.6B
Qwen/Qwen3-Embedding-0.6B,24,0.9838395342398132,0.9627164891073644,0.5762872736086138,0.0320197939872741,Qwen3-0.6B
Qwen/Qwen3-Embedding-0.6B,25,0.983105635825301,0.9612698815883488,0.5777173939859495,0.026712417602539,Qwen3-0.6B
Qwen/Qwen3-Embedding-0.6B,26,0.9853648148716656,0.966446052222418,0.567980336927576,0.0240765810012817,Qwen3-0.6B
Qwen/Qwen3-Embedding-0.6B,27,0.9824323455569224,0.9666312158455796,0.5594054066750687,0.0166172385215759,Qwen3-0.6B
Qwen/Qwen3-Embedding-0.6B,28,0.9747922451120504,0.9580425332327276,0.5560186908696778,0.0980913639068603,Qwen3-0.6B
KaLM-Embedding/KaLM-embedding-multilingual-mini-instruct-v2.5,1,0.9806189648178008,0.8872841636449749,0.5676946127205156,0.0634751915931701,KaLM-mini
KaLM-Embedding/KaLM-embedding-multilingual-mini-instruct-v2.5,2,0.9828783015669368,0.9064279430075166,0.565864081523614,0.0441954135894775,KaLM-mini
KaLM-Embedding/KaLM-embedding-multilingual-mini-instruct-v2.5,3,0.9806110499671312,0.8811417047071654,0.5511139400477987,0.0618524551391601,KaLM-mini
KaLM-Embedding/KaLM-embedding-multilingual-mini-instruct-v2.5,4,0.9831949047359156,0.871069811533578,0.5531258925038856,0.0604345202445983,KaLM-mini
KaLM-Embedding/KaLM-embedding-multilingual-mini-instruct-v2.5,5,0.9825218704488464,0.8613689038439671,0.5406602754810592,0.062031090259552,KaLM-mini
KaLM-Embedding/KaLM-embedding-multilingual-mini-instruct-v2.5,6,0.9828492842570598,0.8721658183659385,0.528698145004455,0.0625232458114624,KaLM-mini
KaLM-Embedding/KaLM-embedding-multilingual-mini-instruct-v2.5,7,0.9790755117985168,0.8882110171137585,0.5244108768820297,0.0719320178031921,KaLM-mini
KaLM-Embedding/KaLM-embedding-multilingual-mini-instruct-v2.5,8,0.9761156136293444,0.8898009261696329,0.5236603122903034,0.0717519521713256,KaLM-mini
KaLM-Embedding/KaLM-embedding-multilingual-mini-instruct-v2.5,9,0.9740671186284858,0.892197398048724,0.5072998437099159,0.0663318037986755,KaLM-mini
KaLM-Embedding/KaLM-embedding-multilingual-mini-instruct-v2.5,10,0.97116824000398,0.892529120113799,0.4943724093318451,0.066790223121643,KaLM-mini
KaLM-Embedding/KaLM-embedding-multilingual-mini-instruct-v2.5,11,0.9701559916274364,0.8941447438635475,0.4747416697937296,0.0611189603805542,KaLM-mini
KaLM-Embedding/KaLM-embedding-multilingual-mini-instruct-v2.5,12,0.970415015000596,0.9050501624631092,0.4754557658743579,0.0707105994224548,KaLM-mini
KaLM-Embedding/KaLM-embedding-multilingual-mini-instruct-v2.5,13,0.9677065476160982,0.9003273118727988,0.4671382041415199,0.0662407279014587,KaLM-mini
KaLM-Embedding/KaLM-embedding-multilingual-mini-instruct-v2.5,14,0.9713996288234444,0.903746387943734,0.4712413294764701,0.0633278489112854,KaLM-mini
KaLM-Embedding/KaLM-embedding-multilingual-mini-instruct-v2.5,15,0.973321198234614,0.9068218525319832,0.4684262299269903,0.066858172416687,KaLM-mini
KaLM-Embedding/KaLM-embedding-multilingual-mini-instruct-v2.5,16,0.9717617738100512,0.9165389098995708,0.4890426449856022,0.0710402727127075,KaLM-mini
KaLM-Embedding/KaLM-embedding-multilingual-mini-instruct-v2.5,17,0.974828160204001,0.9259523094386908,0.5010944426685455,0.0745169520378112,KaLM-mini
KaLM-Embedding/KaLM-embedding-multilingual-mini-instruct-v2.5,18,0.9765005592368816,0.9445483002265088,0.5190632859012112,0.0601533651351928,KaLM-mini
KaLM-Embedding/KaLM-embedding-multilingual-mini-instruct-v2.5,19,0.9792379890781184,0.9555971780657,0.5309505533223273,0.0609828233718872,KaLM-mini
KaLM-Embedding/KaLM-embedding-multilingual-mini-instruct-v2.5,20,0.9802894803036368,0.9604425111415408,0.554837669362314,0.0539082288742065,KaLM-mini
KaLM-Embedding/KaLM-embedding-multilingual-mini-instruct-v2.5,21,0.9807017382026856,0.9618969878002784,0.5548774865455925,0.0426516532897949,KaLM-mini
KaLM-Embedding/KaLM-embedding-multilingual-mini-instruct-v2.5,22,0.9852572135853012,0.970983416927382,0.5545310745292227,0.0503767132759094,KaLM-mini
KaLM-Embedding/KaLM-embedding-multilingual-mini-instruct-v2.5,23,0.9857163800593264,0.9715439862832048,0.551902471575886,0.056228220462799,KaLM-mini
KaLM-Embedding/KaLM-embedding-multilingual-mini-instruct-v2.5,24,0.9812935761325806,0.9558330008471336,0.5200490236238693,0.2426598072052002,KaLM-mini
