model,repr,layer,method,D,D_source,sif_a,spearman_test,auc_roc_test,acc_at_1_test,acc_at_3_test,acc_at_5_test,spearman_train,n_train_files,n_test_files,n_pos_test_pairs,n_neg_test_pairs
bowphs/LaTa,hidden,0,baseline_mean,0,none,0.001,0.0626536413926569,0.9157014538733476,0.8178571428571428,0.8553571428571428,0.8625,nan,578,700,464,244186
bowphs/LaTa,hidden,0,sif_abtt_optimal,5,train_sweep,0.001,0.07223953522682779,0.9793030245880967,0.9410714285714286,0.9642857142857143,0.9678571428571429,0.06526051453419474,578,700,464,244186
bowphs/LaTa,hidden,0,whitening,0,none,0.001,0.015597586677419537,0.6034856360908601,0.23214285714285715,0.2642857142857143,0.2857142857142857,nan,578,700,464,244186
bowphs/LaTa,hidden,1,baseline_mean,0,none,0.001,0.05452103876467552,0.8617423437390999,0.7392857142857143,0.7767857142857143,0.7982142857142858,nan,578,700,464,244186
bowphs/LaTa,hidden,1,sif_abtt_optimal,5,train_sweep,0.001,0.07279810454726031,0.9830090833810405,0.9321428571428572,0.9607142857142857,0.9660714285714286,0.0658638856598829,578,700,464,244186
bowphs/LaTa,hidden,1,whitening,0,none,0.001,0.013077619945729658,0.5867687341997918,0.28035714285714286,0.3125,0.32142857142857145,nan,578,700,464,244186
bowphs/LaTa,hidden,2,baseline_mean,0,none,0.001,0.004596685434425513,0.530498607512871,0.18928571428571428,0.21964285714285714,0.22857142857142856,nan,578,700,464,244186
bowphs/LaTa,hidden,2,sif_abtt_optimal,1,train_sweep,0.001,0.07195831575022094,0.9774371578533831,0.9053571428571429,0.9482142857142857,0.9589285714285715,0.06551915277548372,578,700,464,244186
bowphs/LaTa,hidden,2,whitening,0,none,0.001,0.014133916894166503,0.5937773074764657,0.2857142857142857,0.3196428571428571,0.32857142857142857,nan,578,700,464,244186
bowphs/LaTa,hidden,3,baseline_mean,0,none,0.001,-0.002731010961145895,0.48187998012820643,0.08571428571428572,0.11071428571428571,0.12142857142857143,nan,578,700,464,244186
bowphs/LaTa,hidden,3,sif_abtt_optimal,2,train_sweep,0.001,0.0727545129810003,0.9827198571354736,0.925,0.95,0.9571428571428572,0.06620845720579803,578,700,464,244186
bowphs/LaTa,hidden,3,whitening,0,none,0.001,0.01485226518195652,0.5985434859294654,0.2857142857142857,0.32142857142857145,0.325,nan,578,700,464,244186
bowphs/LaTa,hidden,4,baseline_mean,0,none,0.001,-0.003804820755771851,0.47475534566357985,0.0625,0.08571428571428572,0.09821428571428571,nan,578,700,464,244186
bowphs/LaTa,hidden,4,sif_abtt_optimal,2,train_sweep,0.001,0.07285443703575636,0.9833828445359769,0.9142857142857143,0.9482142857142857,0.9553571428571429,0.06615293145985336,578,700,464,244186
bowphs/LaTa,hidden,4,whitening,0,none,0.001,0.010413963989359764,0.5690957440724241,0.2625,0.30357142857142855,0.325,nan,578,700,464,244186
bowphs/LaTa,hidden,5,baseline_mean,0,none,0.001,-0.0038567475296642285,0.47441081604130486,0.060714285714285714,0.07321428571428572,0.08214285714285714,nan,578,700,464,244186
bowphs/LaTa,hidden,5,sif_abtt_optimal,2,train_sweep,0.001,0.07280791497756786,0.9830741747316983,0.9196428571428571,0.9464285714285714,0.9535714285714286,0.0660332942299038,578,700,464,244186
bowphs/LaTa,hidden,5,whitening,0,none,0.001,0.01402858810621267,0.5930784602579662,0.2839285714285714,0.3125,0.31607142857142856,nan,578,700,464,244186
bowphs/LaTa,hidden,6,baseline_mean,0,none,0.001,-0.003971100565785755,0.4736520936061459,0.05,0.0625,0.07142857142857142,nan,578,700,464,244186
bowphs/LaTa,hidden,6,sif_abtt_optimal,2,train_sweep,0.001,0.07273110762218613,0.9825645646182093,0.9196428571428571,0.9446428571428571,0.95,0.06587642577251414,578,700,464,244186
bowphs/LaTa,hidden,6,whitening,0,none,0.001,0.013780142116810003,0.5914300427641789,0.3,0.3267857142857143,0.3357142857142857,nan,578,700,464,244186
bowphs/LaTa,hidden,7,baseline_mean,0,none,0.001,-0.004080492517191154,0.47292628753604166,0.05178571428571429,0.06428571428571428,0.06785714285714285,nan,578,700,464,244186
bowphs/LaTa,hidden,7,sif_abtt_optimal,2,train_sweep,0.001,0.07277127917267413,0.9828310993569911,0.9142857142857143,0.9392857142857143,0.95,0.06602341778398176,578,700,464,244186
bowphs/LaTa,hidden,7,whitening,0,none,0.001,0.01750278073545578,0.6161294257528956,0.2839285714285714,0.31785714285714284,0.3267857142857143,nan,578,700,464,244186
bowphs/LaTa,hidden,8,baseline_mean,0,none,0.001,-0.004052171301384743,0.47311419633620166,0.05714285714285714,0.06607142857142857,0.07142857142857142,nan,578,700,464,244186
bowphs/LaTa,hidden,8,sif_abtt_optimal,2,train_sweep,0.001,0.07274023032470055,0.9826250929548617,0.9053571428571429,0.9339285714285714,0.9446428571428571,0.06604388562674883,578,700,464,244186
bowphs/LaTa,hidden,8,whitening,0,none,0.001,0.010122147253749903,0.5671595654400814,0.2571428571428571,0.2910714285714286,0.3,nan,578,700,464,244186
bowphs/LaTa,hidden,9,baseline_mean,0,none,0.001,-0.00392446277776347,0.4739615312677137,0.0625,0.06785714285714285,0.07678571428571429,nan,578,700,464,244186
bowphs/LaTa,hidden,9,sif_abtt_optimal,2,train_sweep,0.001,0.07282241313077684,0.9831703687155382,0.9071428571428571,0.9392857142857143,0.9482142857142857,0.06632692394087546,578,700,464,244186
bowphs/LaTa,hidden,9,whitening,0,none,0.001,0.014601789265193453,0.5968816000423082,0.2732142857142857,0.29642857142857143,0.30178571428571427,nan,578,700,464,244186
bowphs/LaTa,hidden,10,baseline_mean,0,none,0.001,-0.003779443334170524,0.4749237226455695,0.06607142857142857,0.07321428571428572,0.08214285714285714,nan,578,700,464,244186
bowphs/LaTa,hidden,10,sif_abtt_optimal,2,train_sweep,0.001,0.0726211124124663,0.9818347559816611,0.9,0.9339285714285714,0.9446428571428571,0.06635916000235875,578,700,464,244186
bowphs/LaTa,hidden,10,whitening,0,none,0.001,0.010426377676209901,0.5691781077991142,0.24285714285714285,0.2857142857142857,0.2982142857142857,nan,578,700,464,244186
bowphs/LaTa,hidden,11,baseline_mean,0,none,0.001,-0.0035253565147724546,0.4766095665627418,0.06607142857142857,0.07678571428571429,0.08571428571428572,nan,578,700,464,244186
bowphs/LaTa,hidden,11,sif_abtt_optimal,2,train_sweep,0.001,0.07272875977005092,0.9825489868237808,0.8982142857142857,0.9375,0.9482142857142857,0.06652834712740567,578,700,464,244186
bowphs/LaTa,hidden,11,whitening,0,none,0.001,0.013358346822736566,0.5886314677237278,0.2571428571428571,0.2910714285714286,0.3125,nan,578,700,464,244186
bowphs/LaTa,hidden,12,baseline_mean,0,none,0.001,0.06688634123947884,0.9437850487135725,0.7892857142857143,0.8625,0.8839285714285714,nan,578,700,464,244186
bowphs/LaTa,hidden,12,sif_abtt_optimal,10,train_sweep,0.001,0.07332084418086961,0.9864774153224634,0.9375,0.9553571428571429,0.9607142857142857,0.06546080518784769,578,700,464,244186
bowphs/LaTa,hidden,12,whitening,0,none,0.001,0.009488932949538512,0.5629580577637681,0.22857142857142856,0.25357142857142856,0.2732142857142857,nan,578,700,464,244186
bowphs/LaTa,ff1,0,baseline_mean,0,none,0.001,0.048048283791494235,0.8187961782312918,0.5982142857142857,0.6571428571428571,0.6857142857142857,nan,578,700,464,244186
bowphs/LaTa,ff1,0,sif_abtt_optimal,5,train_sweep,0.001,0.07219545812740562,0.9790105768722939,0.9303571428571429,0.9553571428571429,0.9625,0.06582467091815887,578,700,464,244186
bowphs/LaTa,ff1,0,whitening,0,none,0.001,0.010122229012590838,0.5671599361298072,0.3125,0.3375,0.34464285714285714,nan,578,700,464,244186
bowphs/LaTa,ff1,1,baseline_mean,0,none,0.001,0.004542046991080168,0.5301360861999771,0.10892857142857143,0.1375,0.16071428571428573,nan,578,700,464,244186
bowphs/LaTa,ff1,1,sif_abtt_optimal,5,train_sweep,0.001,0.07221071650582457,0.9791118148841882,0.8964285714285715,0.925,0.9392857142857143,0.06539942064054471,578,700,464,244186
bowphs/LaTa,ff1,1,whitening,0,none,0.001,0.009722476801274712,0.5645077835310393,0.2910714285714286,0.32321428571428573,0.3410714285714286,nan,578,700,464,244186
bowphs/LaTa,ff1,2,baseline_mean,0,none,0.001,-0.003253169285227803,0.4784155051251208,0.06964285714285715,0.09285714285714286,0.10714285714285714,nan,578,700,464,244186
bowphs/LaTa,ff1,2,sif_abtt_optimal,3,train_sweep,0.001,0.0722337114893514,0.979264384597157,0.9053571428571429,0.9464285714285714,0.9535714285714286,0.06552931077287473,578,700,464,244186
bowphs/LaTa,ff1,2,whitening,0,none,0.001,0.014494544319961203,0.5961700390488087,0.33214285714285713,0.35535714285714287,0.37142857142857144,nan,578,700,464,244186
bowphs/LaTa,ff1,3,baseline_mean,0,none,0.001,-0.00219816359126744,0.4854153760191849,0.05714285714285714,0.07142857142857142,0.08392857142857142,nan,578,700,464,244186
bowphs/LaTa,ff1,3,sif_abtt_optimal,1,train_sweep,0.001,0.0715967611540036,0.9750382745967814,0.8642857142857143,0.9089285714285714,0.9178571428571428,0.06510686019245304,578,700,464,244186
bowphs/LaTa,ff1,3,whitening,0,none,0.001,0.011145741633876475,0.5739510248617716,0.3339285714285714,0.3482142857142857,0.3607142857142857,nan,578,700,464,244186
bowphs/LaTa,ff1,4,baseline_mean,0,none,0.001,0.003468675506552585,0.5230143598845086,0.08035714285714286,0.09642857142857143,0.10714285714285714,nan,578,700,464,244186
bowphs/LaTa,ff1,4,sif_abtt_optimal,7,train_sweep,0.001,0.0734741768833318,0.9874947644489206,0.9160714285714285,0.9482142857142857,0.9535714285714286,0.06571615655299506,578,700,464,244186
bowphs/LaTa,ff1,4,whitening,0,none,0.001,0.01001817670784213,0.5664697295122967,0.3357142857142857,0.3607142857142857,0.3732142857142857,nan,578,700,464,244186
bowphs/LaTa,ff1,5,baseline_mean,0,none,0.001,0.002071529226639392,0.5137444160005784,0.06607142857142857,0.08392857142857142,0.09642857142857143,nan,578,700,464,244186
bowphs/LaTa,ff1,5,sif_abtt_optimal,7,train_sweep,0.001,0.07330020436573058,0.9863404719466251,0.9142857142857143,0.9392857142857143,0.9464285714285714,0.06653938457770157,578,700,464,244186
bowphs/LaTa,ff1,5,whitening,0,none,0.001,0.013637680946892664,0.5904848148542505,0.3375,0.3607142857142857,0.36964285714285716,nan,578,700,464,244186
bowphs/LaTa,ff1,6,baseline_mean,0,none,0.001,0.006588539999697981,0.5437143890736768,0.14285714285714285,0.175,0.2,nan,578,700,464,244186
bowphs/LaTa,ff1,6,sif_abtt_optimal,10,train_sweep,0.001,0.07278073576237568,0.9828938430060523,0.9178571428571428,0.9428571428571428,0.9517857142857142,0.0657537009668991,578,700,464,244186
bowphs/LaTa,ff1,6,whitening,0,none,0.001,0.011328062427661939,0.5751606869353689,0.3375,0.35892857142857143,0.36607142857142855,nan,578,700,464,244186
bowphs/LaTa,ff1,7,baseline_mean,0,none,0.001,-5.2443567410271437e-05,0.4996520414977616,0.13035714285714287,0.15892857142857142,0.17142857142857143,nan,578,700,464,244186
bowphs/LaTa,ff1,7,sif_abtt_optimal,1,train_sweep,0.001,0.07206559995560541,0.978148979212285,0.8839285714285714,0.9196428571428571,0.9303571428571429,0.06497761541405081,578,700,464,244186
bowphs/LaTa,ff1,7,whitening,0,none,0.001,0.014603650713179574,0.5968938239773129,0.3142857142857143,0.3607142857142857,0.37142857142857144,nan,578,700,464,244186
bowphs/LaTa,ff1,8,baseline_mean,0,none,0.001,0.013523916289430187,0.5897300067260768,0.175,0.22857142857142856,0.24464285714285713,nan,578,700,464,244186
bowphs/LaTa,ff1,8,sif_abtt_optimal,2,train_sweep,0.001,0.07193843815563279,0.9773052717445181,0.8803571428571428,0.9357142857142857,0.9410714285714286,0.06517147150940684,578,700,464,244186
bowphs/LaTa,ff1,8,whitening,0,none,0.001,0.014545496738711283,0.5965075785219689,0.3053571428571429,0.325,0.32857142857142857,nan,578,700,464,244186
bowphs/LaTa,ff1,9,baseline_mean,0,none,0.001,0.020645144696675447,0.6369787369902028,0.28035714285714286,0.32857142857142857,0.3517857142857143,nan,578,700,464,244186
bowphs/LaTa,ff1,9,sif_abtt_optimal,1,train_sweep,0.001,0.07182812103077629,0.9765733272290738,0.8714285714285714,0.9232142857142858,0.9357142857142857,0.06523156534885184,578,700,464,244186
bowphs/LaTa,ff1,9,whitening,0,none,0.001,0.016532150459428498,0.6096886829415225,0.3142857142857143,0.3410714285714286,0.3517857142857143,nan,578,700,464,244186
bowphs/LaTa,ff1,10,baseline_mean,0,none,0.001,0.03342160330324632,0.721749427090203,0.4517857142857143,0.4982142857142857,0.5339285714285714,nan,578,700,464,244186
bowphs/LaTa,ff1,10,sif_abtt_optimal,5,train_sweep,0.001,0.07249307532257553,0.9809852410415237,0.9125,0.9410714285714286,0.9517857142857142,0.06624062050678832,578,700,464,244186
bowphs/LaTa,ff1,10,whitening,0,none,0.001,0.013039568848210285,0.5865163915819399,0.3196428571428571,0.3464285714285714,0.35714285714285715,nan,578,700,464,244186
bowphs/LaTa,ff1,11,baseline_mean,0,none,0.001,0.026394873616617142,0.6751276876064233,0.32321428571428573,0.39285714285714285,0.42678571428571427,nan,578,700,464,244186
bowphs/LaTa,ff1,11,sif_abtt_optimal,5,train_sweep,0.001,0.07297854330238362,0.984206278806122,0.8982142857142857,0.9267857142857143,0.9285714285714286,0.0656073543093622,578,700,464,244186
bowphs/LaTa,ff1,11,whitening,0,none,0.001,0.009493476763243693,0.5629882469115544,0.3107142857142857,0.34285714285714286,0.35892857142857143,nan,578,700,464,244186
bowphs/PhilTa,hidden,0,baseline_mean,0,none,0.001,0.0693321274079332,0.9600126269276924,0.8839285714285714,0.9196428571428571,0.9267857142857143,nan,578,700,464,244186
bowphs/PhilTa,hidden,0,sif_abtt_optimal,2,train_sweep,0.001,0.07269679306486974,0.9823368905190135,0.9160714285714285,0.95,0.9607142857142857,0.06582004271816348,578,700,464,244186
bowphs/PhilTa,hidden,0,whitening,0,none,0.001,0.01436971479366803,0.5953373022317356,0.21964285714285714,0.26607142857142857,0.2875,nan,578,700,464,244186
bowphs/PhilTa,hidden,1,baseline_mean,0,none,0.001,0.037141771685030654,0.7464324202974726,0.65,0.6910714285714286,0.7125,nan,578,700,464,244186
bowphs/PhilTa,hidden,1,sif_abtt_optimal,1,train_sweep,0.001,0.07293755100131918,0.9839342984587498,0.9125,0.9410714285714286,0.9535714285714286,0.06569121235821598,578,700,464,244186
bowphs/PhilTa,hidden,1,whitening,0,none,0.001,0.013562962095884925,0.5899890703016948,0.3,0.33035714285714285,0.35,nan,578,700,464,244186
bowphs/PhilTa,hidden,2,baseline_mean,0,none,0.001,0.034033081106389126,0.7258065290534604,0.575,0.6375,0.6571428571428571,nan,578,700,464,244186
bowphs/PhilTa,hidden,2,sif_abtt_optimal,1,train_sweep,0.001,0.07252800444515274,0.981216992727703,0.8928571428571429,0.9303571428571429,0.9428571428571428,0.06541952468085119,578,700,464,244186
bowphs/PhilTa,hidden,2,whitening,0,none,0.001,0.011750552985261488,0.5779638955973923,0.2875,0.3196428571428571,0.33214285714285713,nan,578,700,464,244186
bowphs/PhilTa,hidden,3,baseline_mean,0,none,0.001,0.009759145368492423,0.5647510795543927,0.08035714285714286,0.1125,0.12678571428571428,nan,578,700,464,244186
bowphs/PhilTa,hidden,3,sif_abtt_optimal,7,train_sweep,0.001,0.07215474517418799,0.9787404499735504,0.9142857142857143,0.95,0.9571428571428572,0.06521148661654247,578,700,464,244186
bowphs/PhilTa,hidden,3,whitening,0,none,0.001,0.007158651711277849,0.5474970305987775,0.2375,0.26785714285714285,0.28214285714285714,nan,578,700,464,244186
bowphs/PhilTa,hidden,4,baseline_mean,0,none,0.001,0.0009667809930159474,0.5064145076873282,0.05,0.06428571428571428,0.07678571428571429,nan,578,700,464,244186
bowphs/PhilTa,hidden,4,sif_abtt_optimal,3,train_sweep,0.001,0.07243602983195951,0.9806067491796108,0.8982142857142857,0.9303571428571429,0.9464285714285714,0.06535294883061211,578,700,464,244186
bowphs/PhilTa,hidden,4,whitening,0,none,0.001,0.008851284157530292,0.558727499486683,0.2642857142857143,0.2875,0.29464285714285715,nan,578,700,464,244186
bowphs/PhilTa,hidden,5,baseline_mean,0,none,0.001,1.8665091914085096e-05,0.500123841259221,0.048214285714285716,0.0625,0.06785714285714285,nan,578,700,464,244186
bowphs/PhilTa,hidden,5,sif_abtt_optimal,3,train_sweep,0.001,0.07256675797276615,0.9814741190082066,0.9053571428571429,0.9392857142857143,0.9446428571428571,0.0657561874776294,578,700,464,244186
bowphs/PhilTa,hidden,5,whitening,0,none,0.001,0.017871612337857112,0.6185765913462802,0.2892857142857143,0.3267857142857143,0.3410714285714286,nan,578,700,464,244186
bowphs/PhilTa,hidden,6,baseline_mean,0,none,0.001,-0.00040391769709581104,0.49732004125882556,0.048214285714285716,0.05892857142857143,0.06428571428571428,nan,578,700,464,244186
bowphs/PhilTa,hidden,6,sif_abtt_optimal,3,train_sweep,0.001,0.07269722472380308,0.9823397545384426,0.9107142857142857,0.9410714285714286,0.9482142857142857,0.06580648079514319,578,700,464,244186
bowphs/PhilTa,hidden,6,whitening,0,none,0.001,0.014827628031186871,0.5983800205863422,0.2732142857142857,0.32857142857142857,0.34285714285714286,nan,578,700,464,244186
bowphs/PhilTa,hidden,7,baseline_mean,0,none,0.001,-0.00015493163633417751,0.4989720420866286,0.048214285714285716,0.06428571428571428,0.06964285714285715,nan,578,700,464,244186
bowphs/PhilTa,hidden,7,sif_abtt_optimal,3,train_sweep,0.001,0.07284585307551587,0.9833258907073947,0.9160714285714285,0.9446428571428571,0.9482142857142857,0.06593374205926146,578,700,464,244186
bowphs/PhilTa,hidden,7,whitening,0,none,0.001,0.01173372759023194,0.5778522606212845,0.25535714285714284,0.2892857142857143,0.30714285714285716,nan,578,700,464,244186
bowphs/PhilTa,hidden,8,baseline_mean,0,none,0.001,0.00015779428664136898,0.5010469513488446,0.05178571428571429,0.06607142857142857,0.07678571428571429,nan,578,700,464,244186
bowphs/PhilTa,hidden,8,sif_abtt_optimal,3,train_sweep,0.001,0.07295625666518168,0.9840584089093192,0.9267857142857143,0.9446428571428571,0.95,0.0661869865336399,578,700,464,244186
bowphs/PhilTa,hidden,8,whitening,0,none,0.001,0.014210092371333694,0.594282725265675,0.26607142857142857,0.2910714285714286,0.3125,nan,578,700,464,244186
bowphs/PhilTa,hidden,9,baseline_mean,0,none,0.001,-0.00013687977945168618,0.49909181458481194,0.05357142857142857,0.06428571428571428,0.08035714285714286,nan,578,700,464,244186
bowphs/PhilTa,hidden,9,sif_abtt_optimal,5,train_sweep,0.001,0.07290739407111191,0.9837342098533142,0.9232142857142858,0.9553571428571429,0.9571428571428572,0.06608248664953872,578,700,464,244186
bowphs/PhilTa,hidden,9,whitening,0,none,0.001,0.010435883483907574,0.5692411780081719,0.2571428571428571,0.2785714285714286,0.2910714285714286,nan,578,700,464,244186
bowphs/PhilTa,hidden,10,baseline_mean,0,none,0.001,8.49483497561845e-05,0.5005636249021026,0.05178571428571429,0.06428571428571428,0.07321428571428572,nan,578,700,464,244186
bowphs/PhilTa,hidden,10,sif_abtt_optimal,5,train_sweep,0.001,0.07289456601895317,0.9836490968444913,0.9178571428571428,0.95,0.9553571428571429,0.06611678214929678,578,700,464,244186
bowphs/PhilTa,hidden,10,whitening,0,none,0.001,0.013044186913396498,0.5865470440918835,0.2732142857142857,0.30357142857142855,0.3142857142857143,nan,578,700,464,244186
bowphs/PhilTa,hidden,11,baseline_mean,0,none,0.001,0.0006215529481448034,0.5041239496771398,0.05178571428571429,0.07142857142857142,0.07857142857142857,nan,578,700,464,244186
bowphs/PhilTa,hidden,11,sif_abtt_optimal,5,train_sweep,0.001,0.07288248755018166,0.9835689572561559,0.9089285714285714,0.9392857142857143,0.9464285714285714,0.0660689025820205,578,700,464,244186
bowphs/PhilTa,hidden,11,whitening,0,none,0.001,0.010441098642775008,0.5692757801288841,0.24285714285714285,0.26607142857142857,0.28035714285714286,nan,578,700,464,244186
bowphs/PhilTa,hidden,12,baseline_mean,0,none,0.001,0.06179163380002882,0.9099821085721258,0.7089285714285715,0.7857142857142857,0.8196428571428571,nan,578,700,464,244186
bowphs/PhilTa,hidden,12,sif_abtt_optimal,1,train_sweep,0.001,0.07286149389443822,0.9834296661787212,0.9107142857142857,0.9410714285714286,0.9482142857142857,0.06577096734801699,578,700,464,244186
bowphs/PhilTa,hidden,12,whitening,0,none,0.001,0.0111043285730409,0.5736762511025371,0.2571428571428571,0.275,0.2875,nan,578,700,464,244186
bowphs/PhilTa,ff1,0,baseline_mean,0,none,0.001,0.03595286592201003,0.7385441341069287,0.4714285714285714,0.5446428571428571,0.5696428571428571,nan,578,700,464,244186
bowphs/PhilTa,ff1,0,sif_abtt_optimal,2,train_sweep,0.001,0.07213321410639742,0.9785975932139915,0.8875,0.9142857142857143,0.9321428571428572,0.06474290272065207,578,700,464,244186
bowphs/PhilTa,ff1,0,whitening,0,none,0.001,0.008971605462871865,0.5595258195279065,0.31607142857142856,0.3339285714285714,0.3392857142857143,nan,578,700,464,244186
bowphs/PhilTa,ff1,1,baseline_mean,0,none,0.001,0.02973426827064391,0.6972842802914229,0.5053571428571428,0.5714285714285714,0.5964285714285714,nan,578,700,464,244186
bowphs/PhilTa,ff1,1,sif_abtt_optimal,2,train_sweep,0.001,0.07185904683267498,0.9767785172312118,0.8892857142857142,0.9285714285714286,0.9321428571428572,0.0653253188246248,578,700,464,244186
bowphs/PhilTa,ff1,1,whitening,0,none,0.001,0.009813682075025826,0.5651129256824292,0.33214285714285713,0.3517857142857143,0.35535714285714287,nan,578,700,464,244186
bowphs/PhilTa,ff1,2,baseline_mean,0,none,0.001,0.004117151601011608,0.5273169422927182,0.03214285714285714,0.04107142857142857,0.05178571428571429,nan,578,700,464,244186
bowphs/PhilTa,ff1,2,sif_abtt_optimal,3,train_sweep,0.001,0.07150123084179727,0.9744044392954269,0.8785714285714286,0.9375,0.9428571428571428,0.06500701697984462,578,700,464,244186
bowphs/PhilTa,ff1,2,whitening,0,none,0.001,0.011581367331614828,0.5768413632612448,0.30714285714285716,0.3410714285714286,0.35,nan,578,700,464,244186
bowphs/PhilTa,ff1,3,baseline_mean,0,none,0.001,-0.004495007474813919,0.47017601689723804,0.03571428571428571,0.04642857142857143,0.05357142857142857,nan,578,700,464,244186
bowphs/PhilTa,ff1,3,sif_abtt_optimal,7,train_sweep,0.001,0.07262358264556158,0.9818511457631083,0.9178571428571428,0.9392857142857143,0.95,0.06537458400475187,578,700,464,244186
bowphs/PhilTa,ff1,3,whitening,0,none,0.001,0.013279653872398562,0.5881093468319938,0.325,0.3392857142857143,0.3517857142857143,nan,578,700,464,244186
bowphs/PhilTa,ff1,4,baseline_mean,0,none,0.001,-0.001792891057172669,0.4881043239862095,0.0375,0.05,0.05357142857142857,nan,578,700,464,244186
bowphs/PhilTa,ff1,4,sif_abtt_optimal,7,train_sweep,0.001,0.07266181538897538,0.9821048166858106,0.9178571428571428,0.9464285714285714,0.9571428571428572,0.0659797393442442,578,700,464,244186
bowphs/PhilTa,ff1,4,whitening,0,none,0.001,0.017893571269669527,0.6187222856474304,0.3375,0.36964285714285716,0.3875,nan,578,700,464,244186
bowphs/PhilTa,ff1,5,baseline_mean,0,none,0.001,3.872027191691927e-05,0.5002569056318572,0.05892857142857143,0.08035714285714286,0.09464285714285714,nan,578,700,464,244186
bowphs/PhilTa,ff1,5,sif_abtt_optimal,3,train_sweep,0.001,0.0718938342859877,0.9770093289541577,0.9107142857142857,0.9410714285714286,0.9464285714285714,0.06518746300016164,578,700,464,244186
bowphs/PhilTa,ff1,5,whitening,0,none,0.001,0.01390512172087527,0.5922592712677758,0.3267857142857143,0.3625,0.3767857142857143,nan,578,700,464,244186
bowphs/PhilTa,ff1,6,baseline_mean,0,none,0.001,0.027416309015653353,0.6819048225179958,0.4017857142857143,0.4589285714285714,0.49107142857142855,nan,578,700,464,244186
bowphs/PhilTa,ff1,6,sif_abtt_optimal,2,train_sweep,0.001,0.07237031790697569,0.9801707562804725,0.925,0.9517857142857142,0.9517857142857142,0.06527418717970268,578,700,464,244186
bowphs/PhilTa,ff1,6,whitening,0,none,0.001,0.011921914062253389,0.5791008539420346,0.3267857142857143,0.3482142857142857,0.35892857142857143,nan,578,700,464,244186
bowphs/PhilTa,ff1,7,baseline_mean,0,none,0.001,0.02942112598595641,0.6952066085081554,0.4375,0.4982142857142857,0.5339285714285714,nan,578,700,464,244186
bowphs/PhilTa,ff1,7,sif_abtt_optimal,2,train_sweep,0.001,0.07212344092246957,0.9785327489898177,0.9053571428571429,0.9428571428571428,0.9553571428571429,0.06568809314755664,578,700,464,244186
bowphs/PhilTa,ff1,7,whitening,0,none,0.001,0.010934815889957808,0.5725515387577644,0.3125,0.34464285714285714,0.35714285714285715,nan,578,700,464,244186
bowphs/PhilTa,ff1,8,baseline_mean,0,none,0.001,0.001169445859924175,0.5077591714286763,0.10892857142857143,0.12857142857142856,0.14821428571428572,nan,578,700,464,244186
bowphs/PhilTa,ff1,8,sif_abtt_optimal,2,train_sweep,0.001,0.07212216922465628,0.9785243113855832,0.8946428571428572,0.9303571428571429,0.9375,0.06562700280571962,578,700,464,244186
bowphs/PhilTa,ff1,8,whitening,0,none,0.001,0.008436498760388073,0.5559754283549256,0.3464285714285714,0.3625,0.36964285714285716,nan,578,700,464,244186
bowphs/PhilTa,ff1,9,baseline_mean,0,none,0.001,0.01207332943633992,0.5801054892934923,0.18928571428571428,0.25357142857142856,0.2767857142857143,nan,578,700,464,244186
bowphs/PhilTa,ff1,9,sif_abtt_optimal,3,train_sweep,0.001,0.07212246719569133,0.978526288397454,0.8910714285714286,0.9357142857142857,0.9428571428571428,0.06598829344731179,578,700,464,244186
bowphs/PhilTa,ff1,9,whitening,0,none,0.001,0.015928109900611196,0.6056815667225973,0.3339285714285714,0.35535714285714287,0.3732142857142857,nan,578,700,464,244186
bowphs/PhilTa,ff1,10,baseline_mean,0,none,0.001,0.03922463312247909,0.7602520245307633,0.3982142857142857,0.4607142857142857,0.5017857142857143,nan,578,700,464,244186
bowphs/PhilTa,ff1,10,sif_abtt_optimal,7,train_sweep,0.001,0.07264493945350503,0.9819928463237605,0.8946428571428572,0.9303571428571429,0.9357142857142857,0.06556597257037497,578,700,464,244186
bowphs/PhilTa,ff1,10,whitening,0,none,0.001,0.015668111107318385,0.603956451759357,0.3125,0.3410714285714286,0.35714285714285715,nan,578,700,464,244186
bowphs/PhilTa,ff1,11,baseline_mean,0,none,0.001,0.026460519695282955,0.6755632436212418,0.225,0.2892857142857143,0.32142857142857145,nan,578,700,464,244186
bowphs/PhilTa,ff1,11,sif_abtt_optimal,3,train_sweep,0.001,0.0723339481476493,0.9799294460949355,0.875,0.9232142857142858,0.9303571428571429,0.06484206578083622,578,700,464,244186
bowphs/PhilTa,ff1,11,whitening,0,none,0.001,0.015945010867328167,0.6057936385830247,0.3267857142857143,0.3392857142857143,0.3517857142857143,nan,578,700,464,244186
sentence-transformers/LaBSE,hidden,0,baseline_mean,0,none,0.001,0.057864590380309354,0.8839265175048867,0.6821428571428572,0.7267857142857143,0.7464285714285714,nan,578,700,464,244186
sentence-transformers/LaBSE,hidden,0,sif_abtt_optimal,3,train_sweep,0.001,0.07243912660236693,0.9806272959815538,0.9071428571428571,0.9392857142857143,0.9517857142857142,0.06548234229349875,578,700,464,244186
sentence-transformers/LaBSE,hidden,0,whitening,0,none,0.001,0.012958684049078741,0.5859797343573878,0.2714285714285714,0.29642857142857143,0.30714285714285716,nan,578,700,464,244186
sentence-transformers/LaBSE,hidden,1,baseline_mean,0,none,0.001,0.04891570341616567,0.824551431893212,0.5571428571428572,0.6357142857142857,0.6589285714285714,nan,578,700,464,244186
sentence-transformers/LaBSE,hidden,1,sif_abtt_optimal,7,train_sweep,0.001,0.07178479218451389,0.9762858441078126,0.9035714285714286,0.9303571428571429,0.9375,0.06461973502508837,578,700,464,244186
sentence-transformers/LaBSE,hidden,1,whitening,0,none,0.001,0.013283777997092995,0.5881367072641347,0.23392857142857143,0.26607142857142857,0.28035714285714286,nan,578,700,464,244186
sentence-transformers/LaBSE,hidden,2,baseline_mean,0,none,0.001,0.052645192039283355,0.849296264090093,0.5410714285714285,0.6053571428571428,0.6357142857142857,nan,578,700,464,244186
sentence-transformers/LaBSE,hidden,2,sif_abtt_optimal,7,train_sweep,0.001,0.07161329588603409,0.9751479811037205,0.8946428571428572,0.9232142857142858,0.9321428571428572,0.06459864080938818,578,700,464,244186
sentence-transformers/LaBSE,hidden,2,whitening,0,none,0.001,0.015670292860653842,0.6039710278089314,0.2714285714285714,0.30178571428571427,0.3142857142857143,nan,578,700,464,244186
sentence-transformers/LaBSE,hidden,3,baseline_mean,0,none,0.001,0.05460204631454654,0.8622798217766163,0.6107142857142858,0.6785714285714286,0.7017857142857142,nan,578,700,464,244186
sentence-transformers/LaBSE,hidden,3,sif_abtt_optimal,10,train_sweep,0.001,0.07107595035076052,0.9715827402768438,0.8946428571428572,0.9267857142857143,0.9392857142857143,0.06481725445304373,578,700,464,244186
sentence-transformers/LaBSE,hidden,3,whitening,0,none,0.001,0.011443603233793542,0.5759273085920653,0.24107142857142858,0.275,0.29285714285714287,nan,578,700,464,244186
sentence-transformers/LaBSE,hidden,4,baseline_mean,0,none,0.001,0.05525627298394907,0.8666205587487434,0.6035714285714285,0.6571428571428571,0.6785714285714286,nan,578,700,464,244186
sentence-transformers/LaBSE,hidden,4,sif_abtt_optimal,5,train_sweep,0.001,0.07147813476095564,0.9742511988105733,0.8553571428571428,0.9125,0.9214285714285714,0.06460481279721517,578,700,464,244186
sentence-transformers/LaBSE,hidden,4,whitening,0,none,0.001,0.009479781139932586,0.5628975161881968,0.23392857142857143,0.26785714285714285,0.2767857142857143,nan,578,700,464,244186
sentence-transformers/LaBSE,hidden,5,baseline_mean,0,none,0.001,0.05483567023911426,0.8638298961687487,0.6035714285714285,0.6642857142857143,0.6875,nan,578,700,464,244186
sentence-transformers/LaBSE,hidden,5,sif_abtt_optimal,3,train_sweep,0.001,0.07094632895951433,0.9707227136351967,0.8267857142857142,0.8785714285714286,0.8982142857142857,0.06476383717961873,578,700,464,244186
sentence-transformers/LaBSE,hidden,5,whitening,0,none,0.001,0.014367038327609155,0.5953240456610662,0.2714285714285714,0.30892857142857144,0.3267857142857143,nan,578,700,464,244186
sentence-transformers/LaBSE,hidden,6,baseline_mean,0,none,0.001,0.059509561432135254,0.8948407571658914,0.675,0.7321428571428571,0.7553571428571428,nan,578,700,464,244186
sentence-transformers/LaBSE,hidden,6,sif_abtt_optimal,3,train_sweep,0.001,0.07151292221426825,0.9744820105335192,0.8517857142857143,0.8928571428571429,0.9089285714285714,0.06489347265022963,578,700,464,244186
sentence-transformers/LaBSE,hidden,6,whitening,0,none,0.001,0.01384338288100512,0.591849597339168,0.24464285714285713,0.2785714285714286,0.2910714285714286,nan,578,700,464,244186
sentence-transformers/LaBSE,hidden,7,baseline_mean,0,none,0.001,0.05870664522054478,0.8895134780313028,0.6392857142857142,0.7142857142857143,0.7428571428571429,nan,578,700,464,244186
sentence-transformers/LaBSE,hidden,7,sif_abtt_optimal,5,train_sweep,0.001,0.07120326579204897,0.9724274671413566,0.8482142857142857,0.8964285714285715,0.9089285714285714,0.064268545437894,578,700,464,244186
sentence-transformers/LaBSE,hidden,7,whitening,0,none,0.001,0.008535431859540789,0.5566318271868504,0.24285714285714285,0.2732142857142857,0.2839285714285714,nan,578,700,464,244186
sentence-transformers/LaBSE,hidden,8,baseline_mean,0,none,0.001,0.05732178425983369,0.880325046170288,0.6142857142857143,0.6964285714285714,0.7160714285714286,nan,578,700,464,244186
sentence-transformers/LaBSE,hidden,8,sif_abtt_optimal,5,train_sweep,0.001,0.07121322853344325,0.9724935690628145,0.8428571428571429,0.8982142857142857,0.9017857142857143,0.06419457332546215,578,700,464,244186
sentence-transformers/LaBSE,hidden,8,whitening,0,none,0.001,0.011972460714823493,0.5794362310584611,0.25892857142857145,0.29285714285714287,0.30714285714285716,nan,578,700,464,244186
sentence-transformers/LaBSE,hidden,9,baseline_mean,0,none,0.001,0.062251312652791074,0.9130320377244933,0.7339285714285714,0.8,0.8142857142857143,nan,578,700,464,244186
sentence-transformers/LaBSE,hidden,9,sif_abtt_optimal,7,train_sweep,0.001,0.07096474529882235,0.9708449044425433,0.8714285714285714,0.9071428571428571,0.9196428571428571,0.06440773309571095,578,700,464,244186
sentence-transformers/LaBSE,hidden,9,whitening,0,none,0.001,0.0105755964846344,0.5701681582750515,0.2517857142857143,0.28035714285714286,0.3,nan,578,700,464,244186
sentence-transformers/LaBSE,hidden,10,baseline_mean,0,none,0.001,0.06531160289209915,0.9333367969286839,0.7696428571428572,0.8267857142857142,0.8375,nan,578,700,464,244186
sentence-transformers/LaBSE,hidden,10,sif_abtt_optimal,5,train_sweep,0.001,0.07162482364048009,0.9752244667504733,0.8839285714285714,0.9267857142857143,0.9285714285714286,0.06496325312561822,578,700,464,244186
sentence-transformers/LaBSE,hidden,10,whitening,0,none,0.001,0.017259740092803316,0.6145168548381859,0.2767857142857143,0.3125,0.325,nan,578,700,464,244186
sentence-transformers/LaBSE,hidden,11,baseline_mean,0,none,0.001,0.06924534733473729,0.9594368486981517,0.8464285714285714,0.8821428571428571,0.8946428571428572,nan,578,700,464,244186
sentence-transformers/LaBSE,hidden,11,sif_abtt_optimal,3,train_sweep,0.001,0.07230566218289658,0.9797417711823407,0.9232142857142858,0.9446428571428571,0.9482142857142857,0.06609707354644706,578,700,464,244186
sentence-transformers/LaBSE,hidden,11,whitening,0,none,0.001,0.01409114414007724,0.5934935136005708,0.2517857142857143,0.28035714285714286,0.30178571428571427,nan,578,700,464,244186
sentence-transformers/LaBSE,hidden,12,baseline_mean,0,none,0.001,0.06933721818994332,0.9600464038224676,0.8642857142857143,0.9035714285714286,0.9107142857142857,nan,578,700,464,244186
sentence-transformers/LaBSE,hidden,12,sif_abtt_optimal,1,train_sweep,0.001,0.0732666673265858,0.9861179566127799,0.9125,0.9410714285714286,0.9464285714285714,0.06659168355399595,578,700,464,244186
sentence-transformers/LaBSE,hidden,12,whitening,0,none,0.001,0.014861703187465386,0.5986061060152845,0.2732142857142857,0.30178571428571427,0.3142857142857143,nan,578,700,464,244186
sentence-transformers/LaBSE,ffn_intermediate,0,baseline_mean,0,none,0.001,0.05507023130912743,0.8653861884397337,0.5053571428571428,0.5660714285714286,0.5946428571428571,nan,578,700,464,244186
sentence-transformers/LaBSE,ffn_intermediate,0,sif_abtt_optimal,7,train_sweep,0.001,0.07038086373796834,0.9669709011389563,0.8178571428571428,0.8553571428571428,0.8678571428571429,0.06441748141989816,578,700,464,244186
sentence-transformers/LaBSE,ffn_intermediate,0,whitening,0,none,0.001,0.011395301891234309,0.5756068340852099,0.30357142857142855,0.32321428571428573,0.33035714285714285,nan,578,700,464,244186
sentence-transformers/LaBSE,ffn_intermediate,1,baseline_mean,0,none,0.001,0.04761144628106691,0.8158977993951474,0.4303571428571429,0.5035714285714286,0.5321428571428571,nan,578,700,464,244186
sentence-transformers/LaBSE,ffn_intermediate,1,sif_abtt_optimal,5,train_sweep,0.001,0.07067089730423208,0.9688952485908848,0.825,0.8678571428571429,0.8839285714285714,0.06436885368495215,578,700,464,244186
sentence-transformers/LaBSE,ffn_intermediate,1,whitening,0,none,0.001,0.013168524736468018,0.587372014076607,0.33035714285714285,0.3607142857142857,0.3767857142857143,nan,578,700,464,244186
sentence-transformers/LaBSE,ffn_intermediate,2,baseline_mean,0,none,0.001,0.04626697968398822,0.8069773806188443,0.4642857142857143,0.5285714285714286,0.5535714285714286,nan,578,700,464,244186
sentence-transformers/LaBSE,ffn_intermediate,2,sif_abtt_optimal,10,train_sweep,0.001,0.07117762897603487,0.9722573690999259,0.8928571428571429,0.9357142857142857,0.9482142857142857,0.06604130104752985,578,700,464,244186
sentence-transformers/LaBSE,ffn_intermediate,2,whitening,0,none,0.001,0.009549303633553394,0.5633587954222008,0.3196428571428571,0.35714285714285715,0.36607142857142855,nan,578,700,464,244186
sentence-transformers/LaBSE,ffn_intermediate,3,baseline_mean,0,none,0.001,0.05506687381404822,0.8653639117524036,0.5357142857142857,0.6178571428571429,0.6410714285714286,nan,578,700,464,244186
sentence-transformers/LaBSE,ffn_intermediate,3,sif_abtt_optimal,7,train_sweep,0.001,0.07099746557807356,0.9710620006456356,0.8517857142857143,0.8892857142857142,0.9053571428571429,0.06462571087593592,578,700,464,244186
sentence-transformers/LaBSE,ffn_intermediate,3,whitening,0,none,0.001,0.011229970605303471,0.5745098705141953,0.32857142857142857,0.3517857142857143,0.3625,nan,578,700,464,244186
sentence-transformers/LaBSE,ffn_intermediate,4,baseline_mean,0,none,0.001,0.05482989705021255,0.8637915915637515,0.5464285714285714,0.6053571428571428,0.6410714285714286,nan,578,700,464,244186
sentence-transformers/LaBSE,ffn_intermediate,4,sif_abtt_optimal,3,train_sweep,0.001,0.07131132086446572,0.9731444031358798,0.8303571428571429,0.8821428571428571,0.9,0.06515489477121428,578,700,464,244186
sentence-transformers/LaBSE,ffn_intermediate,4,whitening,0,none,0.001,0.01101447531581779,0.5730800672861869,0.3339285714285714,0.35535714285714287,0.36964285714285716,nan,578,700,464,244186
sentence-transformers/LaBSE,ffn_intermediate,5,baseline_mean,0,none,0.001,0.06021115152878488,0.8994957463530486,0.6214285714285714,0.675,0.6982142857142857,nan,578,700,464,244186
sentence-transformers/LaBSE,ffn_intermediate,5,sif_abtt_optimal,3,train_sweep,0.001,0.07130390351403866,0.9730951896618094,0.8839285714285714,0.9142857142857143,0.9232142857142858,0.065267819054897,578,700,464,244186
sentence-transformers/LaBSE,ffn_intermediate,5,whitening,0,none,0.001,0.010649428988286396,0.570658011508751,0.34464285714285714,0.3732142857142857,0.3875,nan,578,700,464,244186
sentence-transformers/LaBSE,ffn_intermediate,6,baseline_mean,0,none,0.001,0.05862374276113305,0.8889634274339205,0.525,0.6142857142857143,0.6517857142857143,nan,578,700,464,244186
sentence-transformers/LaBSE,ffn_intermediate,6,sif_abtt_optimal,3,train_sweep,0.001,0.07137670289294465,0.9735782072004466,0.8232142857142857,0.8714285714285714,0.8892857142857142,0.06506665843883909,578,700,464,244186
sentence-transformers/LaBSE,ffn_intermediate,6,whitening,0,none,0.001,0.010536769786091783,0.5699105245026614,0.30892857142857144,0.33214285714285713,0.34464285714285714,nan,578,700,464,244186
sentence-transformers/LaBSE,ffn_intermediate,7,baseline_mean,0,none,0.001,0.051837155780531566,0.8439350138899206,0.5,0.5553571428571429,0.5892857142857143,nan,578,700,464,244186
sentence-transformers/LaBSE,ffn_intermediate,7,sif_abtt_optimal,7,train_sweep,0.001,0.07110851432824121,0.9717987994312984,0.8267857142857142,0.8803571428571428,0.8928571428571429,0.06423344957272153,578,700,464,244186
sentence-transformers/LaBSE,ffn_intermediate,7,whitening,0,none,0.001,0.008935033652946092,0.5592831457337355,0.325,0.3464285714285714,0.35535714285714287,nan,578,700,464,244186
sentence-transformers/LaBSE,ffn_intermediate,8,baseline_mean,0,none,0.001,0.06221595652701646,0.9127974529096955,0.7142857142857143,0.7857142857142857,0.8125,nan,578,700,464,244186
sentence-transformers/LaBSE,ffn_intermediate,8,sif_abtt_optimal,7,train_sweep,0.001,0.07157085097616961,0.9748663628234779,0.8767857142857143,0.9142857142857143,0.9196428571428571,0.06510786302184457,578,700,464,244186
sentence-transformers/LaBSE,ffn_intermediate,8,whitening,0,none,0.001,0.013041650346666043,0.5865301909482794,0.3625,0.3821428571428571,0.3892857142857143,nan,578,700,464,244186
sentence-transformers/LaBSE,ffn_intermediate,9,baseline_mean,0,none,0.001,0.06386197978900866,0.923718673893869,0.7625,0.8214285714285714,0.8428571428571429,nan,578,700,464,244186
sentence-transformers/LaBSE,ffn_intermediate,9,sif_abtt_optimal,5,train_sweep,0.001,0.07202884376509132,0.977905105089478,0.8785714285714286,0.9232142857142858,0.9428571428571428,0.0651738599516453,578,700,464,244186
sentence-transformers/LaBSE,ffn_intermediate,9,whitening,0,none,0.001,0.013750749468193652,0.5912350114257164,0.36607142857142855,0.3875,0.3964285714285714,nan,578,700,464,244186
sentence-transformers/LaBSE,ffn_intermediate,10,baseline_mean,0,none,0.001,0.06767300339714515,0.9490044836157966,0.8160714285714286,0.8660714285714286,0.8785714285714286,nan,578,700,464,244186
sentence-transformers/LaBSE,ffn_intermediate,10,sif_abtt_optimal,3,train_sweep,0.001,0.07115183984893497,0.972086260487695,0.8696428571428572,0.9107142857142857,0.9232142857142858,0.06533896616213677,578,700,464,244186
sentence-transformers/LaBSE,ffn_intermediate,10,whitening,0,none,0.001,0.011936065557911931,0.57919474876698,0.36428571428571427,0.3821428571428571,0.38571428571428573,nan,578,700,464,244186
sentence-transformers/LaBSE,ffn_intermediate,11,baseline_mean,0,none,0.001,0.06742250220703372,0.9473424300356681,0.8321428571428572,0.8607142857142858,0.8696428571428572,nan,578,700,464,244186
sentence-transformers/LaBSE,ffn_intermediate,11,sif_abtt_optimal,7,train_sweep,0.001,0.07135007040139456,0.9734015029385457,0.9125,0.9267857142857143,0.9339285714285714,0.06515451515125552,578,700,464,244186
sentence-transformers/LaBSE,ffn_intermediate,11,whitening,0,none,0.001,0.01349903646308939,0.5895649306478357,0.36428571428571427,0.37857142857142856,0.39464285714285713,nan,578,700,464,244186
